城市,文件状态,实际年份,新增就业人数,登记失业率,基准年,基准就业,基准失业率,就业力度,失业力度,就业政策力度
七台河市,空文件,2003,,,2007,13000,4.5,,,
七台河市,空文件,2004,,,2007,13000,4.5,,,
七台河市,空文件,2005,,,2007,13000,4.5,,,
七台河市,正常,2006,,4.5,2007,13000,4.5,,1.0,
七台河市,正常,2007,13000.0,4.5,2007,13000,4.5,1.0,1.0,1.0
七台河市,正常,2008,13000.0,4.5,2007,13000,4.5,1.0,1.0,1.0
七台河市,正常,2009,,4.3,2007,13000,4.5,,0.956,
七台河市,正常,2010,,4.3,2007,13000,4.5,,0.956,
七台河市,正常,2011,,4.3,2007,13000,4.5,,0.956,
七台河市,正常,2012,13000.0,,2007,13000,4.5,1.0,,
七台河市,正常,2013,12000.0,,2007,13000,4.5,0.923,,
七台河市,正常,2014,8965.0,4.13,2007,13000,4.5,0.69,0.918,0.804
七台河市,正常,2015,7400.0,,2007,13000,4.5,0.569,,
七台河市,正常,2016,52400.0,4.5,2007,13000,4.5,4.031,1.0,2.516
七台河市,正常,2017,,4.5,2007,13000,4.5,,1.0,
七台河市,正常,2018,6659.0,4.5,2007,13000,4.5,0.512,1.0,0.756
七台河市,正常,2019,5500.0,4.3,2007,13000,4.5,0.423,0.956,0.69
七台河市,正常,2020,5577.0,6.0,2007,13000,4.5,0.429,1.333,0.881
七台河市,正常,2021,4500.0,6.0,2007,13000,4.5,0.346,1.333,0.839
七台河市,正常,2022,6684.0,6.0,2007,13000,4.5,0.514,1.333,0.924
七台河市,正常,2023,6849.0,,2007,13000,4.5,0.527,,
七台河市,正常,2024,7539.0,,2007,13000,4.5,0.58,,
三亚市,正常,2003,9000.0,2.7,2003,9000,2.7,1.0,1.0,1.0
三亚市,正常,2004,,2.8,2003,9000,2.7,,1.037,
三亚市,正常,2005,,4.0,2003,9000,2.7,,1.481,
三亚市,正常,2006,,3.0,2003,9000,2.7,,1.111,
三亚市,正常,2007,,2.0,2003,9000,2.7,,0.741,
三亚市,正常,2008,,2.0,2003,9000,2.7,,0.741,
三亚市,正常,2009,,1.42,2003,9000,2.7,,0.526,
三亚市,正常,2010,,1.55,2003,9000,2.7,,0.574,
三亚市,正常,2011,,2.0,2003,9000,2.7,,0.741,
三亚市,正常,2012,,1.91,2003,9000,2.7,,0.707,
三亚市,正常,2013,,1.5,2003,9000,2.7,,0.556,
三亚市,正常,2014,,1.48,2003,9000,2.7,,0.548,
三亚市,正常,2015,32000.0,1.63,2003,9000,2.7,3.556,0.604,2.08
三亚市,正常,2016,,,2003,9000,2.7,,,
三亚市,正常,2017,,1.54,2003,9000,2.7,,0.57,
三亚市,正常,2018,,1.47,2003,9000,2.7,,0.544,
三亚市,正常,2019,35991.0,1.41,2003,9000,2.7,3.999,0.522,2.26
三亚市,正常,2020,,1.88,2003,9000,2.7,,0.696,
三亚市,正常,2021,45700.0,2.44,2003,9000,2.7,5.078,0.904,2.991
三亚市,正常,2022,,,2003,9000,2.7,,,
三亚市,正常,2023,45000.0,,2003,9000,2.7,5.0,,
三亚市,正常,2024,45000.0,,2003,9000,2.7,5.0,,
三明市,正常,2003,30751.0,5.91,2003,30751,5.91,1.0,1.0,1.0
三明市,正常,2004,,5.7,2003,30751,5.91,,0.964,
三明市,正常,2005,19800.0,5.47,2003,30751,5.91,0.644,0.926,0.785
三明市,正常,2006,,,2003,30751,5.91,,,
三明市,正常,2007,24500.0,4.3,2003,30751,5.91,0.797,0.728,0.762
三明市,正常,2008,23000.0,3.7,2003,30751,5.91,0.748,0.626,0.687
三明市,正常,2009,24700.0,3.6,2003,30751,5.91,0.803,0.609,0.706
三明市,正常,2010,27000.0,2.72,2003,30751,5.91,0.878,0.46,0.669
三明市,正常,2011,125800.0,4.0,2003,30751,5.91,4.091,0.677,2.384
三明市,正常,2012,24600.0,2.11,2003,30751,5.91,0.8,0.357,0.578
三明市,正常,2013,24600.0,2.11,2003,30751,5.91,0.8,0.357,0.578
三明市,正常,2014,28700.0,2.1,2003,30751,5.91,0.933,0.355,0.644
三明市,正常,2015,28300.0,2.36,2003,30751,5.91,0.92,0.399,0.66
三明市,正常,2016,132000.0,3.8,2003,30751,5.91,4.293,0.643,2.468
三明市,正常,2017,18500.0,2.35,2003,30751,5.91,0.602,0.398,0.5
三明市,正常,2018,18400.0,4.2,2003,30751,5.91,0.598,0.711,0.654
三明市,正常,2019,16500.0,2.4,2003,30751,5.91,0.537,0.406,0.472
三明市,正常,2020,17400.0,3.18,2003,30751,5.91,0.566,0.538,0.552
三明市,正常,2021,90000.0,5.0,2003,30751,5.91,2.927,0.846,1.886
三明市,正常,2022,11000.0,,2003,30751,5.91,0.358,,
三明市,正常,2023,11000.0,,2003,30751,5.91,0.358,,
三明市,正常,2024,9600.0,,2003,30751,5.91,0.312,,
三门峡市,正常,2003,30000.0,4.5,2003,30000,4.5,1.0,1.0,1.0
三门峡市,正常,2004,,3.4,2003,30000,4.5,,0.756,
三门峡市,正常,2005,,,2003,30000,4.5,,,
三门峡市,正常,2006,148000.0,4.5,2003,30000,4.5,4.933,1.0,2.966
三门峡市,正常,2007,56300.0,3.31,2003,30000,4.5,1.877,0.736,1.306
三门峡市,正常,2008,56000.0,3.4,2003,30000,4.5,1.867,0.756,1.312
三门峡市,正常,2009,40000.0,4.5,2003,30000,4.5,1.333,1.0,1.166
三门峡市,正常,2010,58900.0,3.24,2003,30000,4.5,1.963,0.72,1.342
三门峡市,正常,2011,59600.0,3.24,2003,30000,4.5,1.987,0.72,1.354
三门峡市,正常,2012,51000.0,2.9,2003,30000,4.5,1.7,0.644,1.172
三门峡市,正常,2013,42000.0,2.86,2003,30000,4.5,1.4,0.636,1.018
三门峡市,正常,2014,66000.0,2.8,2003,30000,4.5,2.2,0.622,1.411
三门峡市,正常,2015,279000.0,2.8,2003,30000,4.5,9.3,0.622,4.961
三门峡市,正常,2016,280000.0,2.82,2003,30000,4.5,9.333,0.627,4.98
三门峡市,正常,2017,49600.0,2.76,2003,30000,4.5,1.653,0.613,1.133
三门峡市,正常,2018,47400.0,2.77,2003,30000,4.5,1.58,0.616,1.098
三门峡市,正常,2019,38000.0,2.57,2003,30000,4.5,1.267,0.571,0.919
三门峡市,正常,2020,40908.0,3.5,2003,30000,4.5,1.364,0.778,1.071
三门峡市,正常,2021,38700.0,5.5,2003,30000,4.5,1.29,1.222,1.256
三门峡市,正常,2022,32000.0,,2003,30000,4.5,1.067,,
三门峡市,正常,2023,40199.0,5.5,2003,30000,4.5,1.34,1.222,1.281
三门峡市,正常,2024,12560000.0,5.5,2003,30000,4.5,418.667,1.222,209.944
上饶市,空文件,2003,,,2004,50000,3.35,,,
上饶市,正常,2004,50000.0,3.35,2004,50000,3.35,1.0,1.0,1.0
上饶市,正常,2005,186000.0,4.5,2004,50000,3.35,3.72,1.343,2.532
上饶市,正常,2006,46700.0,3.8,2004,50000,3.35,0.934,1.134,1.034
上饶市,正常,2007,67000.0,3.48,2004,50000,3.35,1.34,1.039,1.19
上饶市,正常,2008,,4.5,2004,50000,3.35,,1.343,
上饶市,正常,2009,103000.0,4.5,2004,50000,3.35,2.06,1.343,1.702
上饶市,正常,2010,105000.0,4.5,2004,50000,3.35,2.1,1.343,1.722
上饶市,正常,2011,110000.0,4.5,2004,50000,3.35,2.2,1.343,1.772
上饶市,正常,2012,88000.0,,2004,50000,3.35,1.76,,
上饶市,正常,2013,88000.0,,2004,50000,3.35,1.76,,
上饶市,正常,2014,89000.0,4.5,2004,50000,3.35,1.78,1.343,1.562
上饶市,正常,2015,62000.0,4.5,2004,50000,3.35,1.24,1.343,1.292
上饶市,正常,2016,59600.0,4.0,2004,50000,3.35,1.192,1.194,1.193
上饶市,正常,2017,67000.0,4.0,2004,50000,3.35,1.34,1.194,1.267
上饶市,正常,2018,60000.0,3.2,2004,50000,3.35,1.2,0.955,1.078
上饶市,正常,2019,45000.0,,2004,50000,3.35,0.9,,
上饶市,正常,2020,285000.0,4.5,2004,50000,3.35,5.7,1.343,3.522
上饶市,正常,2021,46800.0,4.5,2004,50000,3.35,0.936,1.343,1.14
上饶市,正常,2022,48200.0,5.5,2004,50000,3.35,0.964,1.642,1.303
上饶市,正常,2023,51400.0,3.7,2004,50000,3.35,1.028,1.104,1.066
上饶市,正常,2024,55000.0,5.0,2004,50000,3.35,1.1,1.493,1.296
东莞市,正常,2003,,1.7,2019,88000,3.0,,0.567,
东莞市,正常,2004,,1.7,2019,88000,3.0,,0.567,
东莞市,正常,2005,,3.0,2019,88000,3.0,,1.0,
东莞市,正常,2006,,3.0,2019,88000,3.0,,1.0,
东莞市,正常,2007,,1.98,2019,88000,3.0,,0.66,
东莞市,正常,2008,,3.0,2019,88000,3.0,,1.0,
东莞市,正常,2009,,1.7,2019,88000,3.0,,0.567,
东莞市,正常,2010,,2.0,2019,88000,3.0,,0.667,
东莞市,正常,2011,,3.5,2019,88000,3.0,,1.167,
东莞市,正常,2012,,,2019,88000,3.0,,,
东莞市,正常,2013,,,2019,88000,3.0,,,
东莞市,正常,2014,,,2019,88000,3.0,,,
东莞市,正常,2015,,,2019,88000,3.0,,,
东莞市,正常,2016,,,2019,88000,3.0,,,
东莞市,正常,2017,,,2019,88000,3.0,,,
东莞市,正常,2018,,,2019,88000,3.0,,,
东莞市,正常,2019,88000.0,3.0,2019,88000,3.0,1.0,1.0,1.0
东莞市,正常,2020,,3.0,2019,88000,3.0,,1.0,
东莞市,正常,2021,90000.0,,2019,88000,3.0,1.023,,
东莞市,正常,2022,111000.0,,2019,88000,3.0,1.261,,
东莞市,正常,2023,117000.0,,2019,88000,3.0,1.33,,
东莞市,正常,2024,125000.0,,2019,88000,3.0,1.42,,
东营市,正常,2003,34000.0,2.0,2003,34000,2.0,1.0,1.0,1.0
东营市,正常,2004,37000.0,2.0,2003,34000,2.0,1.088,1.0,1.044
东营市,正常,2005,138000.0,2.0,2003,34000,2.0,4.059,1.0,2.53
东营市,正常,2006,37900.0,1.93,2003,34000,2.0,1.115,0.965,1.04
东营市,正常,2007,183000.0,2.0,2003,34000,2.0,5.382,1.0,3.191
东营市,正常,2008,41000.0,1.88,2003,34000,2.0,1.206,0.94,1.073
东营市,正常,2009,41000.0,1.87,2003,34000,2.0,1.206,0.935,1.07
东营市,正常,2010,201000.0,2.0,2003,34000,2.0,5.912,1.0,3.456
东营市,正常,2011,164000.0,2.0,2003,34000,2.0,4.824,1.0,2.912
东营市,正常,2012,49700.0,2.0,2003,34000,2.0,1.462,1.0,1.231
东营市,正常,2013,46100.0,2.4,2003,34000,2.0,1.356,1.2,1.278
东营市,正常,2014,45000.0,3.0,2003,34000,2.0,1.324,1.5,1.412
东营市,正常,2015,230000.0,,2003,34000,2.0,6.765,,
东营市,正常,2016,235000.0,2.0,2003,34000,2.0,6.912,1.0,3.956
东营市,正常,2017,36000.0,3.5,2003,34000,2.0,1.059,1.75,1.404
东营市,正常,2018,51000.0,,2003,34000,2.0,1.5,,
东营市,正常,2019,53000.0,3.5,2003,34000,2.0,1.559,1.75,1.654
东营市,正常,2020,36000.0,5.5,2003,34000,2.0,1.059,2.75,1.904
东营市,正常,2021,222000.0,3.5,2003,34000,2.0,6.529,1.75,4.14
东营市,正常,2022,37000.0,,2003,34000,2.0,1.088,,
东营市,正常,2023,37000.0,,2003,34000,2.0,1.088,,
东营市,正常,2024,38000.0,,2003,34000,2.0,1.118,,
中卫市,正常,2003,9313.0,3.58,2003,9313,3.58,1.0,1.0,1.0
中卫市,正常,2004,,4.5,2003,9313,3.58,,1.257,
中卫市,正常,2005,4000.0,3.7,2003,9313,3.58,0.43,1.034,0.732
中卫市,正常,2006,5000.0,4.2,2003,9313,3.58,0.537,1.173,0.855
中卫市,正常,2007,28000.0,3.7,2003,9313,3.58,3.007,1.034,2.021
中卫市,正常,2008,,4.03,2003,9313,3.58,,1.126,
中卫市,正常,2009,8583.0,4.2,2003,9313,3.58,0.922,1.173,1.048
中卫市,正常,2010,7500.0,4.3,2003,9313,3.58,0.805,1.201,1.003
中卫市,正常,2011,7550.0,4.2,2003,9313,3.58,0.811,1.173,0.992
中卫市,正常,2012,,4.5,2003,9313,3.58,,1.257,
中卫市,正常,2013,8200.0,4.5,2003,9313,3.58,0.88,1.257,1.068
中卫市,正常,2014,,3.93,2003,9313,3.58,,1.098,
中卫市,正常,2015,,3.9,2003,9313,3.58,,1.089,
中卫市,正常,2016,42000.0,4.5,2003,9313,3.58,4.51,1.257,2.883
中卫市,正常,2017,8219.0,3.3,2003,9313,3.58,0.883,0.922,0.903
中卫市,正常,2018,9080.0,3.6,2003,9313,3.58,0.975,1.006,0.99
中卫市,正常,2019,8271.0,3.67,2003,9313,3.58,0.888,1.025,0.956
中卫市,正常,2020,8687.0,5.5,2003,9313,3.58,0.933,1.536,1.235
中卫市,正常,2021,11000.0,5.5,2003,9313,3.58,1.181,1.536,1.358
中卫市,正常,2022,12000.0,5.5,2003,9313,3.58,1.289,1.536,1.412
中卫市,正常,2023,12000.0,5.5,2003,9313,3.58,1.289,1.536,1.412
中卫市,正常,2024,12000.0,5.5,2003,9313,3.58,1.289,1.536,1.412
中山市,正常,2003,,2.5,2009,106000,2.16,,1.157,
中山市,正常,2004,,2.5,2009,106000,2.16,,1.157,
中山市,正常,2005,,2.1,2009,106000,2.16,,0.972,
中山市,正常,2006,,2.5,2009,106000,2.16,,1.157,
中山市,正常,2007,,2.0,2009,106000,2.16,,0.926,
中山市,正常,2008,,2.1,2009,106000,2.16,,0.972,
中山市,正常,2009,106000.0,2.16,2009,106000,2.16,1.0,1.0,1.0
中山市,正常,2010,80000.0,2.1,2009,106000,2.16,0.755,0.972,0.863
中山市,正常,2011,50000.0,2.1,2009,106000,2.16,0.472,0.972,0.722
中山市,正常,2012,50000.0,2.3,2009,106000,2.16,0.472,1.065,0.768
中山市,正常,2013,50000.0,2.3,2009,106000,2.16,0.472,1.065,0.768
中山市,正常,2014,56000.0,2.26,2009,106000,2.16,0.528,1.046,0.787
中山市,正常,2015,275000.0,3.5,2009,106000,2.16,2.594,1.62,2.107
中山市,正常,2016,271000.0,3.5,2009,106000,2.16,2.557,1.62,2.088
中山市,正常,2017,61000.0,2.3,2009,106000,2.16,0.575,1.065,0.82
中山市,正常,2018,62000.0,2.3,2009,106000,2.16,0.585,1.065,0.825
中山市,正常,2019,57000.0,2.32,2009,106000,2.16,0.538,1.074,0.806
中山市,正常,2020,280000.0,3.0,2009,106000,2.16,2.642,1.389,2.015
中山市,正常,2021,286000.0,4.0,2009,106000,2.16,2.698,1.852,2.275
中山市,正常,2022,59000.0,,2009,106000,2.16,0.557,,
中山市,正常,2023,49000.0,,2009,106000,2.16,0.462,,
中山市,正常,2024,45000.0,,2009,106000,2.16,0.425,,
临汾市,空文件,2003,,,2009,42000,4.3,,,
临汾市,空文件,2004,,,2009,42000,4.3,,,
临汾市,空文件,2005,,,2009,42000,4.3,,,
临汾市,正常,2006,,4.0,2009,42000,4.3,,0.93,
临汾市,空文件,2007,,,2009,42000,4.3,,,
临汾市,空文件,2008,,,2009,42000,4.3,,,
临汾市,正常,2009,42000.0,4.3,2009,42000,4.3,1.0,1.0,1.0
临汾市,正常,2010,51333.0,3.1,2009,42000,4.3,1.222,0.721,0.972
临汾市,正常,2011,46000.0,4.2,2009,42000,4.3,1.095,0.977,1.036
临汾市,正常,2012,55000.0,3.1,2009,42000,4.3,1.31,0.721,1.016
临汾市,正常,2013,63000.0,2.84,2009,42000,4.3,1.5,0.66,1.08
临汾市,正常,2014,51900.0,2.9,2009,42000,4.3,1.236,0.674,0.955
临汾市,正常,2015,43000.0,4.2,2009,42000,4.3,1.024,0.977,1.0
临汾市,正常,2016,51258.0,4.2,2009,42000,4.3,1.22,0.977,1.098
临汾市,正常,2017,53148.0,,2009,42000,4.3,1.265,,
临汾市,正常,2018,47000.0,2.87,2009,42000,4.3,1.119,0.667,0.893
临汾市,正常,2019,54955.0,4.5,2009,42000,4.3,1.308,1.047,1.178
临汾市,正常,2020,50376.0,4.5,2009,42000,4.3,1.199,1.047,1.123
临汾市,正常,2021,320000.0,5.5,2009,42000,4.3,7.619,1.279,4.449
临汾市,正常,2022,47000.0,5.5,2009,42000,4.3,1.119,1.279,1.199
临汾市,正常,2023,47000.0,,2009,42000,4.3,1.119,,
临汾市,正常,2024,56000.0,,2009,42000,4.3,1.333,,
临沂市,正常,2003,60000.0,3.2,2003,60000,3.2,1.0,1.0,1.0
临沂市,正常,2004,84000.0,4.0,2003,60000,3.2,1.4,1.25,1.325
临沂市,正常,2005,500000.0,3.0,2003,60000,3.2,8.333,0.938,4.636
临沂市,正常,2006,92000.0,2.93,2003,60000,3.2,1.533,0.916,1.224
临沂市,正常,2007,443000.0,3.5,2003,60000,3.2,7.383,1.094,4.238
临沂市,正常,2008,80000.0,3.5,2003,60000,3.2,1.333,1.094,1.214
临沂市,正常,2009,92000.0,3.5,2003,60000,3.2,1.533,1.094,1.314
临沂市,正常,2010,80000.0,3.5,2003,60000,3.2,1.333,1.094,1.214
临沂市,正常,2011,80000.0,3.5,2003,60000,3.2,1.333,1.094,1.214
临沂市,正常,2012,80000.0,3.5,2003,60000,3.2,1.333,1.094,1.214
临沂市,正常,2013,132000.0,3.5,2003,60000,3.2,2.2,1.094,1.647
临沂市,正常,2014,133000.0,4.0,2003,60000,3.2,2.217,1.25,1.734
临沂市,正常,2015,680000.0,3.5,2003,60000,3.2,11.333,1.094,6.214
临沂市,正常,2016,650000.0,3.5,2003,60000,3.2,10.833,1.094,5.964
临沂市,正常,2017,126000.0,3.5,2003,60000,3.2,2.1,1.094,1.597
临沂市,正常,2018,124000.0,2.27,2003,60000,3.2,2.067,0.709,1.388
临沂市,正常,2019,119600.0,3.5,2003,60000,3.2,1.993,1.094,1.544
临沂市,正常,2020,102000.0,2.44,2003,60000,3.2,1.7,0.762,1.231
临沂市,正常,2021,90000.0,2.45,2003,60000,3.2,1.5,0.766,1.133
临沂市,正常,2022,102000.0,,2003,60000,3.2,1.7,,
临沂市,正常,2023,105000.0,,2003,60000,3.2,1.75,,
临沂市,正常,2024,106000.0,,2003,60000,3.2,1.767,,
临沧市,正常,2003,,4.5,2004,9947,3.9,,1.154,
临沧市,正常,2004,9947.0,3.9,2004,9947,3.9,1.0,1.0,1.0
临沧市,正常,2005,50000.0,4.0,2004,9947,3.9,5.027,1.026,3.026
临沧市,正常,2006,10000.0,3.99,2004,9947,3.9,1.005,1.023,1.014
临沧市,正常,2007,11000.0,3.74,2004,9947,3.9,1.106,0.959,1.032
临沧市,正常,2008,13000.0,4.0,2004,9947,3.9,1.307,1.026,1.166
临沧市,正常,2009,11091.0,4.0,2004,9947,3.9,1.115,1.026,1.07
临沧市,正常,2010,57358.0,4.4,2004,9947,3.9,5.766,1.128,3.447
临沧市,正常,2011,10991.0,3.96,2004,9947,3.9,1.105,1.015,1.06
临沧市,正常,2012,12000.0,3.8,2004,9947,3.9,1.206,0.974,1.09
临沧市,正常,2013,15000.0,3.57,2004,9947,3.9,1.508,0.915,1.212
临沧市,正常,2014,21000.0,3.63,2004,9947,3.9,2.111,0.931,1.521
临沧市,正常,2015,25000.0,3.8,2004,9947,3.9,2.513,0.974,1.744
临沧市,正常,2016,25000.0,3.75,2004,9947,3.9,2.513,0.962,1.737
临沧市,正常,2017,25000.0,,2004,9947,3.9,2.513,,
临沧市,正常,2018,28000.0,3.47,2004,9947,3.9,2.815,0.89,1.852
临沧市,正常,2019,28000.0,4.3,2004,9947,3.9,2.815,1.103,1.959
临沧市,正常,2020,30500.0,4.5,2004,9947,3.9,3.066,1.154,2.11
临沧市,正常,2021,30000.0,4.3,2004,9947,3.9,3.016,1.103,2.06
临沧市,正常,2022,31500.0,,2004,9947,3.9,3.167,,
临沧市,正常,2023,31000.0,,2004,9947,3.9,3.117,,
临沧市,正常,2024,22000.0,5.5,2004,9947,3.9,2.212,1.41,1.811
丹东市,空文件,2003,,,2005,65000,5.9,,,
丹东市,空文件,2004,,,2005,65000,5.9,,,
丹东市,正常,2005,65000.0,5.9,2005,65000,5.9,1.0,1.0,1.0
丹东市,正常,2006,50000.0,5.5,2005,65000,5.9,0.769,0.932,0.85
丹东市,正常,2007,50000.0,5.0,2005,65000,5.9,0.769,0.847,0.808
丹东市,正常,2008,,4.62,2005,65000,5.9,,0.783,
丹东市,正常,2009,60000.0,4.5,2005,65000,5.9,0.923,0.763,0.843
丹东市,正常,2010,,4.0,2005,65000,5.9,,0.678,
丹东市,正常,2011,60000.0,4.2,2005,65000,5.9,0.923,0.712,0.818
丹东市,正常,2012,,4.2,2005,65000,5.9,,0.712,
丹东市,正常,2013,,4.2,2005,65000,5.9,,0.712,
丹东市,正常,2014,60000.0,4.5,2005,65000,5.9,0.923,0.763,0.843
丹东市,正常,2015,,4.2,2005,65000,5.9,,0.712,
丹东市,正常,2016,23000.0,4.5,2005,65000,5.9,0.354,0.763,0.558
丹东市,正常,2017,19000.0,4.2,2005,65000,5.9,0.292,0.712,0.502
丹东市,正常,2018,17000.0,4.66,2005,65000,5.9,0.262,0.79,0.526
丹东市,正常,2019,17000.0,4.5,2005,65000,5.9,0.262,0.763,0.512
丹东市,正常,2020,17000.0,4.9,2005,65000,5.9,0.262,0.831,0.546
丹东市,正常,2021,69000.0,3.8,2005,65000,5.9,1.062,0.644,0.853
丹东市,正常,2022,18000.0,5.5,2005,65000,5.9,0.277,0.932,0.604
丹东市,正常,2023,17000.0,,2005,65000,5.9,0.262,,
丹东市,正常,2024,18000.0,,2005,65000,5.9,0.277,,
丽水市,正常,2003,,5.0,2004,10500,4.5,,1.111,
丽水市,正常,2004,10500.0,4.5,2004,10500,4.5,1.0,1.0,1.0
丽水市,正常,2005,21000.0,4.5,2004,10500,4.5,2.0,1.0,1.5
丽水市,正常,2006,13200.0,4.1,2004,10500,4.5,1.257,0.911,1.084
丽水市,正常,2007,14200.0,3.8,2004,10500,4.5,1.352,0.844,1.098
丽水市,正常,2008,14260.0,4.0,2004,10500,4.5,1.358,0.889,1.124
丽水市,正常,2009,14000.0,3.9,2004,10500,4.5,1.333,0.867,1.1
丽水市,正常,2010,70500.0,4.0,2004,10500,4.5,6.714,0.889,3.802
丽水市,正常,2011,86199.0,4.0,2004,10500,4.5,8.209,0.889,4.549
丽水市,正常,2012,19600.0,3.3,2004,10500,4.5,1.867,0.733,1.3
丽水市,正常,2013,27000.0,2.96,2004,10500,4.5,2.571,0.658,1.614
丽水市,正常,2014,27300.0,2.92,2004,10500,4.5,2.6,0.649,1.624
丽水市,正常,2015,104000.0,4.0,2004,10500,4.5,9.905,0.889,5.397
丽水市,正常,2016,14000.0,3.5,2004,10500,4.5,1.333,0.778,1.055
丽水市,正常,2017,18386.0,3.5,2004,10500,4.5,1.751,0.778,1.264
丽水市,正常,2018,22542.0,1.9,2004,10500,4.5,2.147,0.422,1.284
丽水市,正常,2019,35662.0,1.9,2004,10500,4.5,3.396,0.422,1.909
丽水市,正常,2020,32669.0,1.65,2004,10500,4.5,3.111,0.367,1.739
丽水市,正常,2021,143000.0,3.0,2004,10500,4.5,13.619,0.667,7.143
丽水市,正常,2022,30500.0,,2004,10500,4.5,2.905,,
丽水市,正常,2023,31300.0,3.0,2004,10500,4.5,2.981,0.667,1.824
丽水市,正常,2024,22500.0,,2004,10500,4.5,2.143,,
丽江市,正常,2003,,5.0,2004,10500,4.5,,1.111,
丽江市,正常,2004,10500.0,4.5,2004,10500,4.5,1.0,1.0,1.0
丽江市,正常,2005,21000.0,4.5,2004,10500,4.5,2.0,1.0,1.5
丽江市,正常,2006,13200.0,4.1,2004,10500,4.5,1.257,0.911,1.084
丽江市,正常,2007,14200.0,3.8,2004,10500,4.5,1.352,0.844,1.098
丽江市,正常,2008,14260.0,4.0,2004,10500,4.5,1.358,0.889,1.124
丽江市,正常,2009,14000.0,3.9,2004,10500,4.5,1.333,0.867,1.1
丽江市,正常,2010,70500.0,4.0,2004,10500,4.5,6.714,0.889,3.802
丽江市,正常,2011,86199.0,4.0,2004,10500,4.5,8.209,0.889,4.549
丽江市,正常,2012,19600.0,3.3,2004,10500,4.5,1.867,0.733,1.3
丽江市,正常,2013,27000.0,2.96,2004,10500,4.5,2.571,0.658,1.614
丽江市,正常,2014,9655.0,3.86,2004,10500,4.5,0.92,0.858,0.889
丽江市,正常,2015,10513.0,3.87,2004,10500,4.5,1.001,0.86,0.93
丽江市,正常,2016,11430.0,3.8,2004,10500,4.5,1.089,0.844,0.966
丽江市,正常,2017,53000.0,,2004,10500,4.5,5.048,,
丽江市,正常,2018,12000.0,,2004,10500,4.5,1.143,,
丽江市,正常,2019,12332.0,,2004,10500,4.5,1.174,,
丽江市,正常,2020,12300.0,3.85,2004,10500,4.5,1.171,0.856,1.014
丽江市,正常,2021,50700.0,3.63,2004,10500,4.5,4.829,0.807,2.818
丽江市,正常,2022,19400.0,,2004,10500,4.5,1.848,,
丽江市,正常,2023,12400.0,,2004,10500,4.5,1.181,,
丽江市,正常,2024,10500.0,,2004,10500,4.5,1.0,,
乌兰察布市,空文件,2003,,,2013,16900,3.8,,,
乌兰察布市,空文件,2004,,,2013,16900,3.8,,,
乌兰察布市,空文件,2005,,,2013,16900,3.8,,,
乌兰察布市,空文件,2006,,,2013,16900,3.8,,,
乌兰察布市,空文件,2007,,,2013,16900,3.8,,,
乌兰察布市,空文件,2008,,,2013,16900,3.8,,,
乌兰察布市,空文件,2009,,,2013,16900,3.8,,,
乌兰察布市,空文件,2010,,,2013,16900,3.8,,,
乌兰察布市,空文件,2011,,,2013,16900,3.8,,,
乌兰察布市,空文件,2012,,,2013,16900,3.8,,,
乌兰察布市,正常,2013,16900.0,3.8,2013,16900,3.8,1.0,1.0,1.0
乌兰察布市,正常,2014,17000.0,4.0,2013,16900,3.8,1.006,1.053,1.03
乌兰察布市,正常,2015,82000.0,4.0,2013,16900,3.8,4.852,1.053,2.952
乌兰察布市,正常,2016,25000.0,3.8,2013,16900,3.8,1.479,1.0,1.24
乌兰察布市,正常,2017,85000.0,,2013,16900,3.8,5.03,,
乌兰察布市,正常,2018,17000.0,4.5,2013,16900,3.8,1.006,1.184,1.095
乌兰察布市,正常,2019,15000.0,3.9,2013,16900,3.8,0.888,1.026,0.957
乌兰察布市,正常,2020,15024.0,4.02,2013,16900,3.8,0.889,1.058,0.974
乌兰察布市,正常,2021,8719.0,4.2,2013,16900,3.8,0.516,1.105,0.81
乌兰察布市,正常,2022,8568.0,,2013,16900,3.8,0.507,,
乌兰察布市,正常,2023,8685.0,,2013,16900,3.8,0.514,,
乌兰察布市,正常,2024,5729.0,,2013,16900,3.8,0.339,,
乌海市,空文件,2003,,,2008,9041,4.5,,,
乌海市,空文件,2004,,,2008,9041,4.5,,,
乌海市,正常,2005,,4.2,2008,9041,4.5,,0.933,
乌海市,正常,2006,,4.2,2008,9041,4.5,,0.933,
乌海市,正常,2007,,4.2,2008,9041,4.5,,0.933,
乌海市,正常,2008,9041.0,4.5,2008,9041,4.5,1.0,1.0,1.0
乌海市,正常,2009,7529.0,4.4,2008,9041,4.5,0.833,0.978,0.906
乌海市,正常,2010,8856.0,4.3,2008,9041,4.5,0.98,0.956,0.968
乌海市,正常,2011,9600.0,4.3,2008,9041,4.5,1.062,0.956,1.009
乌海市,正常,2012,45000.0,4.3,2008,9041,4.5,4.977,0.956,2.966
乌海市,正常,2013,9232.0,3.6,2008,9041,4.5,1.021,0.8,0.91
乌海市,正常,2014,8168.0,3.25,2008,9041,4.5,0.903,0.722,0.812
乌海市,正常,2015,45000.0,,2008,9041,4.5,4.977,,
乌海市,正常,2016,7500.0,,2008,9041,4.5,0.83,,
乌海市,正常,2017,42000.0,3.46,2008,9041,4.5,4.646,0.769,2.708
乌海市,正常,2018,7758.0,3.4,2008,9041,4.5,0.858,0.756,0.807
乌海市,正常,2019,7013.0,3.67,2008,9041,4.5,0.776,0.816,0.796
乌海市,正常,2020,35000.0,3.89,2008,9041,4.5,3.871,0.864,2.368
乌海市,正常,2021,4500.0,5.0,2008,9041,4.5,0.498,1.111,0.804
乌海市,正常,2022,4000.0,,2008,9041,4.5,0.442,,
乌海市,正常,2023,4100.0,,2008,9041,4.5,0.453,,
乌海市,正常,2024,5763.0,,2008,9041,4.5,0.637,,
乌鲁木齐市,空文件,2003,,,2013,78000,3.4,,,
乌鲁木齐市,空文件,2004,,,2013,78000,3.4,,,
乌鲁木齐市,空文件,2005,,,2013,78000,3.4,,,
乌鲁木齐市,空文件,2006,,,2013,78000,3.4,,,
乌鲁木齐市,空文件,2007,,,2013,78000,3.4,,,
乌鲁木齐市,空文件,2008,,,2013,78000,3.4,,,
乌鲁木齐市,空文件,2009,,,2013,78000,3.4,,,
乌鲁木齐市,空文件,2010,,,2013,78000,3.4,,,
乌鲁木齐市,空文件,2011,,,2013,78000,3.4,,,
乌鲁木齐市,空文件,2012,,,2013,78000,3.4,,,
乌鲁木齐市,正常,2013,78000.0,3.4,2013,78000,3.4,1.0,1.0,1.0
乌鲁木齐市,正常,2014,98000.0,3.56,2013,78000,3.4,1.256,1.047,1.152
乌鲁木齐市,正常,2015,100100.0,3.7,2013,78000,3.4,1.283,1.088,1.186
乌鲁木齐市,正常,2016,484300.0,3.7,2013,78000,3.4,6.209,1.088,3.648
乌鲁木齐市,正常,2017,119000.0,3.03,2013,78000,3.4,1.526,0.891,1.208
乌鲁木齐市,正常,2018,110000.0,3.02,2013,78000,3.4,1.41,0.888,1.149
乌鲁木齐市,正常,2019,142000.0,3.0,2013,78000,3.4,1.821,0.882,1.352
乌鲁木齐市,正常,2020,649000.0,2.55,2013,78000,3.4,8.321,0.75,4.536
乌鲁木齐市,正常,2021,644599.0,5.5,2013,78000,3.4,8.264,1.618,4.941
乌鲁木齐市,正常,2022,105000.0,5.5,2013,78000,3.4,1.346,1.618,1.482
乌鲁木齐市,正常,2023,103000.0,5.5,2013,78000,3.4,1.321,1.618,1.47
乌鲁木齐市,正常,2024,102000.0,5.5,2013,78000,3.4,1.308,1.618,1.463
乐山市,正常,2003,,4.5,2004,27200,4.5,,1.0,
乐山市,正常,2004,27200.0,4.5,2004,27200,4.5,1.0,1.0,1.0
乐山市,正常,2005,25000.0,5.0,2004,27200,4.5,0.919,1.111,1.015
乐山市,正常,2006,,,2004,27200,4.5,,,
乐山市,正常,2007,32000.0,5.0,2004,27200,4.5,1.176,1.111,1.144
乐山市,正常,2008,31000.0,4.5,2004,27200,4.5,1.14,1.0,1.07
乐山市,正常,2009,30000.0,4.2,2004,27200,4.5,1.103,0.933,1.018
乐山市,正常,2010,163000.0,4.2,2004,27200,4.5,5.993,0.933,3.463
乐山市,正常,2011,36000.0,3.9,2004,27200,4.5,1.324,0.867,1.096
乐山市,正常,2012,39000.0,4.5,2004,27200,4.5,1.434,1.0,1.217
乐山市,正常,2013,42000.0,3.8,2004,27200,4.5,1.544,0.844,1.194
乐山市,正常,2014,49000.0,,2004,27200,4.5,1.801,,
乐山市,正常,2015,49000.0,,2004,27200,4.5,1.801,,
乐山市,正常,2016,49600.0,4.1,2004,27200,4.5,1.824,0.911,1.368
乐山市,正常,2017,51000.0,4.14,2004,27200,4.5,1.875,0.92,1.398
乐山市,正常,2018,51000.0,4.0,2004,27200,4.5,1.875,0.889,1.382
乐山市,正常,2019,52000.0,3.5,2004,27200,4.5,1.912,0.778,1.345
乐山市,正常,2020,260000.0,,2004,27200,4.5,9.559,,
乐山市,正常,2021,52300.0,,2004,27200,4.5,1.923,,
乐山市,正常,2022,48200.0,5.5,2004,27200,4.5,1.772,1.222,1.497
乐山市,正常,2023,46800.0,,2004,27200,4.5,1.721,,
乐山市,正常,2024,38000.0,,2004,27200,4.5,1.397,,
九江市,正常,2003,54000.0,3.8,2003,54000,3.8,1.0,1.0,1.0
九江市,正常,2004,59000.0,3.8,2003,54000,3.8,1.093,1.0,1.046
九江市,正常,2005,209000.0,4.0,2003,54000,3.8,3.87,1.053,2.462
九江市,正常,2006,177500.0,4.0,2003,54000,3.8,3.287,1.053,2.17
九江市,正常,2007,58000.0,3.6,2003,54000,3.8,1.074,0.947,1.01
九江市,正常,2008,52100.0,4.5,2003,54000,3.8,0.965,1.184,1.074
九江市,正常,2009,79000.0,,2003,54000,3.8,1.463,,
九江市,正常,2010,85000.0,4.0,2003,54000,3.8,1.574,1.053,1.314
九江市,正常,2011,58000.0,,2003,54000,3.8,1.074,,
九江市,正常,2012,64000.0,,2003,54000,3.8,1.185,,
九江市,正常,2013,63300.0,,2003,54000,3.8,1.172,,
九江市,正常,2014,62000.0,,2003,54000,3.8,1.148,,
九江市,正常,2015,320000.0,,2003,54000,3.8,5.926,,
九江市,正常,2016,65000.0,,2003,54000,3.8,1.204,,
九江市,正常,2017,65000.0,,2003,54000,3.8,1.204,,
九江市,正常,2018,65000.0,,2003,54000,3.8,1.204,,
九江市,正常,2019,65000.0,,2003,54000,3.8,1.204,,
九江市,正常,2020,52000.0,,2003,54000,3.8,0.963,,
九江市,正常,2021,320000.0,,2003,54000,3.8,5.926,,
九江市,正常,2022,47200.0,,2003,54000,3.8,0.874,,
九江市,正常,2023,3102.0,,2003,54000,3.8,0.057,,
九江市,正常,2024,52500.0,,2003,54000,3.8,0.972,,
云浮市,正常,2003,,3.4,2008,31000,2.6,,1.308,
云浮市,正常,2004,,3.3,2008,31000,2.6,,1.269,
云浮市,正常,2005,,3.4,2008,31000,2.6,,1.308,
云浮市,正常,2006,,2.85,2008,31000,2.6,,1.096,
云浮市,正常,2007,,2.37,2008,31000,2.6,,0.912,
云浮市,正常,2008,31000.0,2.6,2008,31000,2.6,1.0,1.0,1.0
云浮市,正常,2009,,2.9,2008,31000,2.6,,1.115,
云浮市,正常,2010,,3.5,2008,31000,2.6,,1.346,
云浮市,正常,2011,160000.0,3.5,2008,31000,2.6,5.161,1.346,3.254
云浮市,正常,2012,38500.0,,2008,31000,2.6,1.242,,
云浮市,正常,2013,39900.0,2.37,2008,31000,2.6,1.287,0.912,1.1
云浮市,正常,2014,35582.0,2.46,2008,31000,2.6,1.148,0.946,1.047
云浮市,正常,2015,34000.0,2.47,2008,31000,2.6,1.097,0.95,1.023
云浮市,正常,2016,164899.0,3.0,2008,31000,2.6,5.319,1.154,3.236
云浮市,正常,2017,21000.0,2.47,2008,31000,2.6,0.677,0.95,0.814
云浮市,正常,2018,20600.0,2.47,2008,31000,2.6,0.665,0.95,0.808
云浮市,正常,2019,20035.0,2.46,2008,31000,2.6,0.646,0.946,0.796
云浮市,正常,2020,18000.0,3.5,2008,31000,2.6,0.581,1.346,0.964
云浮市,正常,2021,18000.0,3.5,2008,31000,2.6,0.581,1.346,0.964
云浮市,正常,2022,18000.0,3.5,2008,31000,2.6,0.581,1.346,0.964
云浮市,正常,2023,18000.0,,2008,31000,2.6,0.581,,
云浮市,正常,2024,13000.0,,2008,31000,2.6,0.419,,
亳州市,正常,2003,,4.0,2007,18700,4.0,,1.0,
亳州市,正常,2004,,3.9,2007,18700,4.0,,0.975,
亳州市,正常,2005,,4.0,2007,18700,4.0,,1.0,
亳州市,正常,2006,,3.0,2007,18700,4.0,,0.75,
亳州市,正常,2007,18700.0,4.0,2007,18700,4.0,1.0,1.0,1.0
亳州市,正常,2008,25000.0,4.0,2007,18700,4.0,1.337,1.0,1.168
亳州市,正常,2009,,4.0,2007,18700,4.0,,1.0,
亳州市,正常,2010,,4.0,2007,18700,4.0,,1.0,
亳州市,正常,2011,,4.0,2007,18700,4.0,,1.0,
亳州市,正常,2012,66600.0,4.0,2007,18700,4.0,3.561,1.0,2.28
亳州市,正常,2013,61400.0,4.2,2007,18700,4.0,3.283,1.05,2.166
亳州市,正常,2014,52000.0,3.6,2007,18700,4.0,2.781,0.9,1.84
亳州市,正常,2015,45000.0,3.5,2007,18700,4.0,2.406,0.875,1.64
亳州市,正常,2016,38000.0,,2007,18700,4.0,2.032,,
亳州市,正常,2017,32000.0,2.9,2007,18700,4.0,1.711,0.725,1.218
亳州市,正常,2018,71000.0,2.8,2007,18700,4.0,3.797,0.7,2.248
亳州市,正常,2019,65000.0,4.5,2007,18700,4.0,3.476,1.125,2.3
亳州市,正常,2020,59000.0,2.4,2007,18700,4.0,3.155,0.6,1.878
亳州市,正常,2021,329000.0,2.5,2007,18700,4.0,17.594,0.625,9.11
亳州市,正常,2022,76000.0,,2007,18700,4.0,4.064,,
亳州市,正常,2023,35000.0,,2007,18700,4.0,1.872,,
亳州市,正常,2024,37000.0,,2007,18700,4.0,1.979,,
伊春市,正常,2003,,5.0,2008,44000,4.0,,1.25,
伊春市,正常,2004,,5.0,2008,44000,4.0,,1.25,
伊春市,正常,2005,,4.8,2008,44000,4.0,,1.2,
伊春市,正常,2006,,4.4,2008,44000,4.0,,1.1,
伊春市,正常,2007,,4.0,2008,44000,4.0,,1.0,
伊春市,正常,2008,44000.0,4.0,2008,44000,4.0,1.0,1.0,1.0
伊春市,正常,2009,39000.0,4.3,2008,44000,4.0,0.886,1.075,0.98
伊春市,正常,2010,,4.5,2008,44000,4.0,,1.125,
伊春市,正常,2011,35000.0,4.05,2008,44000,4.0,0.795,1.012,0.904
伊春市,正常,2012,39000.0,4.5,2008,44000,4.0,0.886,1.125,1.006
伊春市,正常,2013,,,2008,44000,4.0,,,
伊春市,正常,2014,39000.0,,2008,44000,4.0,0.886,,
伊春市,正常,2015,23000.0,,2008,44000,4.0,0.523,,
伊春市,正常,2016,22000.0,,2008,44000,4.0,0.5,,
伊春市,正常,2017,21500.0,4.5,2008,44000,4.0,0.489,1.125,0.807
伊春市,正常,2018,19000.0,4.5,2008,44000,4.0,0.432,1.125,0.778
伊春市,正常,2019,22599.0,4.5,2008,44000,4.0,0.514,1.125,0.82
伊春市,正常,2020,12300.0,3.59,2008,44000,4.0,0.28,0.898,0.589
伊春市,正常,2021,15600.0,6.0,2008,44000,4.0,0.355,1.5,0.928
伊春市,正常,2022,16800.0,,2008,44000,4.0,0.382,,
伊春市,正常,2023,12000.0,6.0,2008,44000,4.0,0.273,1.5,0.887
伊春市,正常,2024,12000.0,5.8,2008,44000,4.0,0.273,1.45,0.861
佛山市,正常,2003,,2.3,2009,117800,1.84,,1.25,
佛山市,正常,2004,,2.27,2009,117800,1.84,,1.234,
佛山市,正常,2005,,2.13,2009,117800,1.84,,1.158,
佛山市,正常,2006,,1.8,2009,117800,1.84,,0.978,
佛山市,正常,2007,,1.76,2009,117800,1.84,,0.957,
佛山市,正常,2008,,1.85,2009,117800,1.84,,1.005,
佛山市,正常,2009,117800.0,1.84,2009,117800,1.84,1.0,1.0,1.0
佛山市,正常,2010,974000.0,2.0,2009,117800,1.84,8.268,1.087,4.678
佛山市,正常,2011,816000.0,3.5,2009,117800,1.84,6.927,1.902,4.414
佛山市,正常,2012,91000.0,2.42,2009,117800,1.84,0.772,1.315,1.043
佛山市,正常,2013,90900.0,2.26,2009,117800,1.84,0.772,1.228,1.0
佛山市,正常,2014,82000.0,2.35,2009,117800,1.84,0.696,1.277,0.986
佛山市,正常,2015,450000.0,3.0,2009,117800,1.84,3.82,1.63,2.725
佛山市,正常,2016,428000.0,3.5,2009,117800,1.84,3.633,1.902,2.768
佛山市,正常,2017,86000.0,2.35,2009,117800,1.84,0.73,1.277,1.003
佛山市,正常,2018,85700.0,2.36,2009,117800,1.84,0.728,1.283,1.006
佛山市,正常,2019,87000.0,3.0,2009,117800,1.84,0.739,1.63,1.184
佛山市,正常,2020,425000.0,3.0,2009,117800,1.84,3.608,1.63,2.619
佛山市,正常,2021,449000.0,2.4,2009,117800,1.84,3.812,1.304,2.558
佛山市,正常,2022,107000.0,,2009,117800,1.84,0.908,,
佛山市,正常,2023,114000.0,,2009,117800,1.84,0.968,,
佛山市,正常,2024,110000.0,,2009,117800,1.84,0.934,,
佳木斯市,空文件,2003,,,2010,69000,4.43,,,
佳木斯市,空文件,2004,,,2010,69000,4.43,,,
佳木斯市,空文件,2005,,,2010,69000,4.43,,,
佳木斯市,空文件,2006,,,2010,69000,4.43,,,
佳木斯市,空文件,2007,,,2010,69000,4.43,,,
佳木斯市,空文件,2008,,,2010,69000,4.43,,,
佳木斯市,正常,2009,,4.3,2010,69000,4.43,,0.971,
佳木斯市,正常,2010,69000.0,4.43,2010,69000,4.43,1.0,1.0,1.0
佳木斯市,正常,2011,,4.5,2010,69000,4.43,,1.016,
佳木斯市,正常,2012,,4.16,2010,69000,4.43,,0.939,
佳木斯市,正常,2013,,4.3,2010,69000,4.43,,0.971,
佳木斯市,正常,2014,74000.0,,2010,69000,4.43,1.072,,
佳木斯市,正常,2015,72000.0,4.05,2010,69000,4.43,1.043,0.914,0.978
佳木斯市,正常,2016,48000.0,4.08,2010,69000,4.43,0.696,0.921,0.808
佳木斯市,正常,2017,45100.0,4.05,2010,69000,4.43,0.654,0.914,0.784
佳木斯市,正常,2018,35000.0,3.95,2010,69000,4.43,0.507,0.892,0.7
佳木斯市,正常,2019,51000.0,3.2,2010,69000,4.43,0.739,0.722,0.73
佳木斯市,正常,2020,20000.0,6.0,2010,69000,4.43,0.29,1.354,0.822
佳木斯市,正常,2021,211000.0,4.05,2010,69000,4.43,3.058,0.914,1.986
佳木斯市,正常,2022,30299.0,6.0,2010,69000,4.43,0.439,1.354,0.897
佳木斯市,正常,2023,24900.0,,2010,69000,4.43,0.361,,
佳木斯市,正常,2024,3179.0,,2010,69000,4.43,0.046,,
保定市,正常,2003,63000.0,4.0,2003,63000,4.0,1.0,1.0,1.0
保定市,正常,2004,92000.0,3.49,2003,63000,4.0,1.46,0.872,1.166
保定市,正常,2005,200000.0,4.0,2003,63000,4.0,3.175,1.0,2.088
保定市,正常,2006,56000.0,4.5,2003,63000,4.0,0.889,1.125,1.007
保定市,正常,2007,72900.0,4.6,2003,63000,4.0,1.157,1.15,1.154
保定市,正常,2008,72900.0,4.6,2003,63000,4.0,1.157,1.15,1.154
保定市,正常,2009,76000.0,4.5,2003,63000,4.0,1.206,1.125,1.166
保定市,正常,2010,384000.0,4.5,2003,63000,4.0,6.095,1.125,3.61
保定市,正常,2011,102000.0,4.05,2003,63000,4.0,1.619,1.012,1.316
保定市,正常,2012,512000.0,4.5,2003,63000,4.0,8.127,1.125,4.626
保定市,正常,2013,,4.5,2003,63000,4.0,,1.125,
保定市,正常,2014,92000.0,4.02,2003,63000,4.0,1.46,1.005,1.232
保定市,正常,2015,,4.5,2003,63000,4.0,,1.125,
保定市,正常,2016,90000.0,4.5,2003,63000,4.0,1.429,1.125,1.277
保定市,正常,2017,95000.0,,2003,63000,4.0,1.508,,
保定市,正常,2018,,,2003,63000,4.0,,,
保定市,正常,2019,89000.0,4.5,2003,63000,4.0,1.413,1.125,1.269
保定市,正常,2020,502000.0,4.5,2003,63000,4.0,7.968,1.125,4.546
保定市,正常,2021,95600.0,,2003,63000,4.0,1.517,,
保定市,正常,2022,92899.0,,2003,63000,4.0,1.475,,
保定市,正常,2023,93000.0,,2003,63000,4.0,1.476,,
保定市,正常,2024,93000.0,,2003,63000,4.0,1.476,,
保山市,正常,2003,,4.2,2005,33300,4.0,,1.05,
保山市,正常,2004,,4.0,2005,33300,4.0,,1.0,
保山市,正常,2005,33300.0,4.0,2005,33300,4.0,1.0,1.0,1.0
保山市,正常,2006,9000.0,3.8,2005,33300,4.0,0.27,0.95,0.61
保山市,正常,2007,9000.0,3.83,2005,33300,4.0,0.27,0.958,0.614
保山市,正常,2008,,3.7,2005,33300,4.0,,0.925,
保山市,正常,2009,,3.82,2005,33300,4.0,,0.955,
保山市,正常,2010,11399.0,4.2,2005,33300,4.0,0.342,1.05,0.696
保山市,正常,2011,13000.0,3.9,2005,33300,4.0,0.39,0.975,0.682
保山市,正常,2012,15800.0,4.5,2005,33300,4.0,0.474,1.125,0.8
保山市,正常,2013,15800.0,4.5,2005,33300,4.0,0.474,1.125,0.8
保山市,正常,2014,17000.0,4.3,2005,33300,4.0,0.511,1.075,0.793
保山市,正常,2015,,4.0,2005,33300,4.0,,1.0,
保山市,正常,2016,25299.0,4.0,2005,33300,4.0,0.76,1.0,0.88
保山市,正常,2017,27700.0,3.5,2005,33300,4.0,0.832,0.875,0.853
保山市,正常,2018,28000.0,4.2,2005,33300,4.0,0.841,1.05,0.946
保山市,正常,2019,30099.0,3.5,2005,33300,4.0,0.904,0.875,0.89
保山市,正常,2020,11860000.0,5.5,2005,33300,4.0,356.156,1.375,178.766
保山市,正常,2021,34600.0,4.0,2005,33300,4.0,1.039,1.0,1.019
保山市,正常,2022,33000.0,3.96,2005,33300,4.0,0.991,0.99,0.99
保山市,正常,2023,24300.0,5.5,2005,33300,4.0,0.73,1.375,1.052
保山市,正常,2024,,5.5,2005,33300,4.0,,1.375,
信阳市,正常,2003,,4.0,2005,100000,3.4,,1.176,
信阳市,正常,2004,,4.5,2005,100000,3.4,,1.324,
信阳市,正常,2005,100000.0,3.4,2005,100000,3.4,1.0,1.0,1.0
信阳市,正常,2006,273000.0,3.3,2005,100000,3.4,2.73,0.971,1.85
信阳市,正常,2007,98300.0,4.5,2005,100000,3.4,0.983,1.324,1.154
信阳市,正常,2008,93000.0,4.5,2005,100000,3.4,0.93,1.324,1.127
信阳市,正常,2009,87000.0,4.5,2005,100000,3.4,0.87,1.324,1.097
信阳市,正常,2010,90000.0,4.5,2005,100000,3.4,0.9,1.324,1.112
信阳市,正常,2011,466000.0,,2005,100000,3.4,4.66,,
信阳市,正常,2012,71000.0,,2005,100000,3.4,0.71,,
信阳市,正常,2013,55000.0,2.33,2005,100000,3.4,0.55,0.685,0.618
信阳市,正常,2014,99700.0,,2005,100000,3.4,0.997,,
信阳市,正常,2015,495000.0,,2005,100000,3.4,4.95,,
信阳市,正常,2016,505000.0,,2005,100000,3.4,5.05,,
信阳市,正常,2017,101000.0,4.5,2005,100000,3.4,1.01,1.324,1.167
信阳市,正常,2018,105700.0,4.0,2005,100000,3.4,1.057,1.176,1.116
信阳市,正常,2019,112000.0,,2005,100000,3.4,1.12,,
信阳市,正常,2020,79600.0,,2005,100000,3.4,0.796,,
信阳市,正常,2021,95100.0,,2005,100000,3.4,0.951,,
信阳市,正常,2022,75000.0,,2005,100000,3.4,0.75,,
信阳市,正常,2023,79400.0,5.5,2005,100000,3.4,0.794,1.618,1.206
信阳市,正常,2024,75700.0,5.5,2005,100000,3.4,0.757,1.618,1.188
克拉玛依市,空文件,2003,,,2018,3000,1.0,,,
克拉玛依市,空文件,2004,,,2018,3000,1.0,,,
克拉玛依市,空文件,2005,,,2018,3000,1.0,,,
克拉玛依市,空文件,2006,,,2018,3000,1.0,,,
克拉玛依市,空文件,2007,,,2018,3000,1.0,,,
克拉玛依市,空文件,2008,,,2018,3000,1.0,,,
克拉玛依市,空文件,2009,,,2018,3000,1.0,,,
克拉玛依市,空文件,2010,,,2018,3000,1.0,,,
克拉玛依市,空文件,2011,,,2018,3000,1.0,,,
克拉玛依市,空文件,2012,,,2018,3000,1.0,,,
克拉玛依市,空文件,2013,,,2018,3000,1.0,,,
克拉玛依市,空文件,2014,,,2018,3000,1.0,,,
克拉玛依市,正常,2015,,3.0,2018,3000,1.0,,3.0,
克拉玛依市,正常,2016,,4.0,2018,3000,1.0,,4.0,
克拉玛依市,正常,2017,,1.0,2018,3000,1.0,,1.0,
克拉玛依市,正常,2018,3000.0,1.0,2018,3000,1.0,1.0,1.0,1.0
克拉玛依市,正常,2019,3535.0,1.0,2018,3000,1.0,1.178,1.0,1.089
克拉玛依市,正常,2020,20000.0,1.0,2018,3000,1.0,6.667,1.0,3.834
克拉玛依市,正常,2021,20000.0,5.5,2018,3000,1.0,6.667,5.5,6.084
克拉玛依市,正常,2022,3135.0,5.5,2018,3000,1.0,1.045,5.5,3.272
克拉玛依市,正常,2023,3359.0,5.5,2018,3000,1.0,1.12,5.5,3.31
克拉玛依市,正常,2024,483200.0,5.5,2018,3000,1.0,161.067,5.5,83.284
六安市,正常,2003,,4.1,2004,120000,4.1,,1.0,
六安市,正常,2004,120000.0,4.1,2004,120000,4.1,1.0,1.0,1.0
六安市,正常,2005,26800.0,4.1,2004,120000,4.1,0.223,1.0,0.612
六安市,正常,2006,,3.63,2004,120000,4.1,,0.885,
六安市,正常,2007,27000.0,4.2,2004,120000,4.1,0.225,1.024,0.624
六安市,正常,2008,34584.0,4.2,2004,120000,4.1,0.288,1.024,0.656
六安市,正常,2009,186000.0,3.85,2004,120000,4.1,1.55,0.939,1.244
六安市,正常,2010,120000.0,4.2,2004,120000,4.1,1.0,1.024,1.012
六安市,正常,2011,,3.48,2004,120000,4.1,,0.849,
六安市,正常,2012,57300.0,3.76,2004,120000,4.1,0.478,0.917,0.698
六安市,正常,2013,47600.0,3.64,2004,120000,4.1,0.397,0.888,0.643
六安市,正常,2014,101800.0,3.96,2004,120000,4.1,0.848,0.966,0.907
六安市,正常,2015,266000.0,4.5,2004,120000,4.1,2.217,1.098,1.658
六安市,正常,2016,61000.0,4.0,2004,120000,4.1,0.508,0.976,0.742
六安市,正常,2017,292000.0,4.2,2004,120000,4.1,2.433,1.024,1.728
六安市,正常,2018,65300.0,4.5,2004,120000,4.1,0.544,1.098,0.821
六安市,正常,2019,62200.0,2.45,2004,120000,4.1,0.518,0.598,0.558
六安市,正常,2020,28400.0,4.5,2004,120000,4.1,0.237,1.098,0.668
六安市,正常,2021,12690000.0,,2004,120000,4.1,105.75,,
六安市,正常,2022,32200.0,,2004,120000,4.1,0.268,,
六安市,正常,2023,32000.0,,2004,120000,4.1,0.267,,
六安市,正常,2024,32000.0,,2004,120000,4.1,0.267,,
六盘水市,正常,2003,,4.3,2004,20689,4.3,,1.0,
六盘水市,正常,2004,20689.0,4.3,2004,20689,4.3,1.0,1.0,1.0
六盘水市,正常,2005,,4.2,2004,20689,4.3,,0.977,
六盘水市,正常,2006,71700.0,4.4,2004,20689,4.3,3.466,1.023,2.244
六盘水市,正常,2007,21000.0,4.3,2004,20689,4.3,1.015,1.0,1.007
六盘水市,正常,2008,19600.0,4.3,2004,20689,4.3,0.947,1.0,0.974
六盘水市,正常,2009,19237.0,4.12,2004,20689,4.3,0.93,0.958,0.944
六盘水市,正常,2010,93000.0,4.5,2004,20689,4.3,4.495,1.047,2.771
六盘水市,正常,2011,123600.0,4.2,2004,20689,4.3,5.974,0.977,3.476
六盘水市,正常,2012,86374.0,4.14,2004,20689,4.3,4.175,0.963,2.569
六盘水市,正常,2013,101000.0,3.95,2004,20689,4.3,4.882,0.919,2.9
六盘水市,正常,2014,100200.0,4.2,2004,20689,4.3,4.843,0.977,2.91
六盘水市,正常,2015,350000.0,4.2,2004,20689,4.3,16.917,0.977,8.947
六盘水市,正常,2016,397000.0,4.2,2004,20689,4.3,19.189,0.977,10.083
六盘水市,正常,2017,94600.0,4.2,2004,20689,4.3,4.572,0.977,2.774
六盘水市,正常,2018,92500.0,3.48,2004,20689,4.3,4.471,0.809,2.64
六盘水市,正常,2019,94500.0,3.5,2004,20689,4.3,4.568,0.814,2.691
六盘水市,正常,2020,74500.0,5.0,2004,20689,4.3,3.601,1.163,2.382
六盘水市,正常,2021,448000.0,,2004,20689,4.3,21.654,,
六盘水市,正常,2022,73800.0,,2004,20689,4.3,3.567,,
六盘水市,正常,2023,62000.0,,2004,20689,4.3,2.997,,
六盘水市,正常,2024,62600.0,,2004,20689,4.3,3.026,,
兰州市,空文件,2003,,,2005,41000,2.8,,,
兰州市,空文件,2004,,,2005,41000,2.8,,,
兰州市,正常,2005,41000.0,2.8,2005,41000,2.8,1.0,1.0,1.0
兰州市,正常,2006,40000.0,4.0,2005,41000,2.8,0.976,1.429,1.203
兰州市,空文件,2007,,,2005,41000,2.8,,,
兰州市,正常,2008,51000.0,2.8,2005,41000,2.8,1.244,1.0,1.122
兰州市,正常,2009,52000.0,3.1,2005,41000,2.8,1.268,1.107,1.188
兰州市,正常,2010,56400.0,4.0,2005,41000,2.8,1.376,1.429,1.402
兰州市,正常,2011,256000.0,4.0,2005,41000,2.8,6.244,1.429,3.836
兰州市,正常,2012,83000.0,4.0,2005,41000,2.8,2.024,1.429,1.727
兰州市,正常,2013,124600.0,1.71,2005,41000,2.8,3.039,0.611,1.825
兰州市,正常,2014,115600.0,1.73,2005,41000,2.8,2.82,0.618,1.719
兰州市,正常,2015,501000.0,1.76,2005,41000,2.8,12.22,0.629,6.424
兰州市,正常,2016,560900.0,4.0,2005,41000,2.8,13.68,1.429,7.554
兰州市,空文件,2017,,,2005,41000,2.8,,,
兰州市,正常,2018,94800.0,,2005,41000,2.8,2.312,,
兰州市,正常,2019,93600.0,,2005,41000,2.8,2.283,,
兰州市,正常,2020,82400.0,3.06,2005,41000,2.8,2.01,1.093,1.551
兰州市,正常,2021,450000.0,4.5,2005,41000,2.8,10.976,1.607,6.292
兰州市,正常,2022,12060000.0,5.5,2005,41000,2.8,294.146,1.964,148.055
兰州市,正常,2023,82000.0,,2005,41000,2.8,2.0,,
兰州市,正常,2024,71000.0,,2005,41000,2.8,1.732,,
内江市,正常,2003,,5.0,2004,84000,4.2,,1.19,
内江市,正常,2004,84000.0,4.2,2004,84000,4.2,1.0,1.0,1.0
内江市,正常,2005,95000.0,4.2,2004,84000,4.2,1.131,1.0,1.066
内江市,正常,2006,30346.0,4.52,2004,84000,4.2,0.361,1.076,0.718
内江市,正常,2007,33200.0,4.0,2004,84000,4.2,0.395,0.952,0.674
内江市,正常,2008,35200.0,4.2,2004,84000,4.2,0.419,1.0,0.71
内江市,正常,2009,38000.0,4.0,2004,84000,4.2,0.452,0.952,0.702
内江市,正常,2010,,4.0,2004,84000,4.2,,0.952,
内江市,正常,2011,54400.0,3.82,2004,84000,4.2,0.648,0.91,0.779
内江市,正常,2012,52200.0,3.73,2004,84000,4.2,0.621,0.888,0.754
内江市,正常,2013,48800.0,3.66,2004,84000,4.2,0.581,0.871,0.726
内江市,正常,2014,51000.0,3.99,2004,84000,4.2,0.607,0.95,0.778
内江市,正常,2015,16000.0,3.9,2004,84000,4.2,0.19,0.929,0.56
内江市,正常,2016,49000.0,4.5,2004,84000,4.2,0.583,1.071,0.827
内江市,正常,2017,37000.0,4.1,2004,84000,4.2,0.44,0.976,0.708
内江市,正常,2018,54000.0,4.5,2004,84000,4.2,0.643,1.071,0.857
内江市,正常,2019,52000.0,3.7,2004,84000,4.2,0.619,0.881,0.75
内江市,正常,2020,40900.0,3.78,2004,84000,4.2,0.487,0.9,0.694
内江市,正常,2021,,3.88,2004,84000,4.2,,0.924,
内江市,正常,2022,42000.0,3.57,2004,84000,4.2,0.5,0.85,0.675
内江市,正常,2023,45500.0,,2004,84000,4.2,0.542,,
内江市,正常,2024,34600.0,,2004,84000,4.2,0.412,,
包头市,正常,2003,,4.5,2004,73000,4.67,,0.964,
包头市,正常,2004,73000.0,4.67,2004,73000,4.67,1.0,1.0,1.0
包头市,正常,2005,50000.0,4.0,2004,73000,4.67,0.685,0.857,0.771
包头市,正常,2006,51956.0,3.87,2004,73000,4.67,0.712,0.829,0.77
包头市,正常,2007,,4.0,2004,73000,4.67,,0.857,
包头市,正常,2008,54900.0,3.87,2004,73000,4.67,0.752,0.829,0.79
包头市,正常,2009,55800.0,3.88,2004,73000,4.67,0.764,0.831,0.798
包头市,正常,2010,265000.0,3.9,2004,73000,4.67,3.63,0.835,2.232
包头市,正常,2011,40800.0,3.87,2004,73000,4.67,0.559,0.829,0.694
包头市,正常,2012,242000.0,4.0,2004,73000,4.67,3.315,0.857,2.086
包头市,正常,2013,1500.0,3.8,2004,73000,4.67,0.021,0.814,0.418
包头市,正常,2014,41000.0,3.87,2004,73000,4.67,0.562,0.829,0.696
包头市,正常,2015,42000.0,3.9,2004,73000,4.67,0.575,0.835,0.705
包头市,正常,2016,42300.0,3.89,2004,73000,4.67,0.579,0.833,0.706
包头市,正常,2017,40000.0,3.9,2004,73000,4.67,0.548,0.835,0.692
包头市,正常,2018,43099.0,3.86,2004,73000,4.67,0.59,0.827,0.708
包头市,正常,2019,44900.0,3.86,2004,73000,4.67,0.615,0.827,0.721
包头市,正常,2020,45599.0,3.9,2004,73000,4.67,0.625,0.835,0.73
包头市,正常,2021,222500.0,3.87,2004,73000,4.67,3.048,0.829,1.938
包头市,正常,2022,40000.0,4.0,2004,73000,4.67,0.548,0.857,0.702
包头市,正常,2023,40900.0,2.94,2004,73000,4.67,0.56,0.63,0.595
包头市,正常,2024,42000.0,,2004,73000,4.67,0.575,,
北海市,空文件,2003,,,2010,38164,3.06,,,
北海市,空文件,2004,,,2010,38164,3.06,,,
北海市,空文件,2005,,,2010,38164,3.06,,,
北海市,空文件,2006,,,2010,38164,3.06,,,
北海市,空文件,2007,,,2010,38164,3.06,,,
北海市,空文件,2008,,,2010,38164,3.06,,,
北海市,空文件,2009,,,2010,38164,3.06,,,
北海市,正常,2010,38164.0,3.06,2010,38164,3.06,1.0,1.0,1.0
北海市,正常,2011,45300.0,3.05,2010,38164,3.06,1.187,0.997,1.092
北海市,正常,2012,41500.0,3.1,2010,38164,3.06,1.087,1.013,1.05
北海市,正常,2013,31500.0,3.15,2010,38164,3.06,0.825,1.029,0.927
北海市,正常,2014,28300.0,3.11,2010,38164,3.06,0.742,1.016,0.879
北海市,正常,2015,,3.14,2010,38164,3.06,,1.026,
北海市,正常,2016,21900.0,3.15,2010,38164,3.06,0.574,1.029,0.801
北海市,正常,2017,29900.0,1.88,2010,38164,3.06,0.783,0.614,0.698
北海市,正常,2018,22000.0,2.06,2010,38164,3.06,0.576,0.673,0.624
北海市,正常,2019,13000.0,2.78,2010,38164,3.06,0.341,0.908,0.624
北海市,正常,2020,45300.0,3.05,2010,38164,3.06,1.187,0.997,1.092
北海市,正常,2021,18000.0,2.1,2010,38164,3.06,0.472,0.686,0.579
北海市,正常,2022,15131.0,6.0,2010,38164,3.06,0.396,1.961,1.178
北海市,正常,2023,399000.0,5.5,2010,38164,3.06,10.455,1.797,6.126
北海市,正常,2024,15818.0,5.5,2010,38164,3.06,0.414,1.797,1.106
十堰市,正常,2003,,4.2,2005,150000,4.3,,0.977,
十堰市,正常,2004,,4.2,2005,150000,4.3,,0.977,
十堰市,正常,2005,150000.0,4.3,2005,150000,4.3,1.0,1.0,1.0
十堰市,正常,2006,36900.0,4.5,2005,150000,4.3,0.246,1.047,0.646
十堰市,正常,2007,36500.0,4.5,2005,150000,4.3,0.243,1.047,0.645
十堰市,正常,2008,41000.0,4.3,2005,150000,4.3,0.273,1.0,0.637
十堰市,正常,2009,38000.0,4.5,2005,150000,4.3,0.253,1.047,0.65
十堰市,正常,2010,205000.0,4.5,2005,150000,4.3,1.367,1.047,1.207
十堰市,正常,2011,36000.0,4.5,2005,150000,4.3,0.24,1.047,0.644
十堰市,正常,2012,32000.0,4.5,2005,150000,4.3,0.213,1.047,0.63
十堰市,正常,2013,37000.0,4.6,2005,150000,4.3,0.247,1.07,0.659
十堰市,正常,2014,54000.0,4.5,2005,150000,4.3,0.36,1.047,0.704
十堰市,正常,2015,221600.0,4.5,2005,150000,4.3,1.477,1.047,1.262
十堰市,正常,2016,262000.0,4.5,2005,150000,4.3,1.747,1.047,1.397
十堰市,正常,2017,36000.0,4.5,2005,150000,4.3,0.24,1.047,0.644
十堰市,正常,2018,36000.0,4.5,2005,150000,4.3,0.24,1.047,0.644
十堰市,正常,2019,47000.0,3.1,2005,150000,4.3,0.313,0.721,0.517
十堰市,正常,2020,30000.0,4.5,2005,150000,4.3,0.2,1.047,0.624
十堰市,正常,2021,243000.0,5.5,2005,150000,4.3,1.62,1.279,1.45
十堰市,正常,2022,48000.0,3.28,2005,150000,4.3,0.32,0.763,0.542
十堰市,正常,2023,43000.0,,2005,150000,4.3,0.287,,
十堰市,正常,2024,58000.0,,2005,150000,4.3,0.387,,
南京市,正常,2003,,,2011,209700,2.65,,,
南京市,正常,2004,,,2011,209700,2.65,,,
南京市,正常,2005,,4.0,2011,209700,2.65,,1.509,
南京市,正常,2006,,3.33,2011,209700,2.65,,1.257,
南京市,正常,2007,,4.0,2011,209700,2.65,,1.509,
南京市,正常,2008,,3.16,2011,209700,2.65,,1.192,
南京市,正常,2009,,3.02,2011,209700,2.65,,1.14,
南京市,正常,2010,,2.58,2011,209700,2.65,,0.974,
南京市,正常,2011,209700.0,2.65,2011,209700,2.65,1.0,1.0,1.0
南京市,正常,2012,980000.0,,2011,209700,2.65,4.673,,
南京市,正常,2013,200000.0,2.68,2011,209700,2.65,0.954,1.011,0.982
南京市,正常,2014,225000.0,2.5,2011,209700,2.65,1.073,0.943,1.008
南京市,正常,2015,222000.0,4.0,2011,209700,2.65,1.059,1.509,1.284
南京市,正常,2016,215200.0,1.88,2011,209700,2.65,1.026,0.709,0.867
南京市,正常,2017,1100000.0,2.5,2011,209700,2.65,5.246,0.943,3.094
南京市,正常,2018,300000.0,,2011,209700,2.65,1.431,,
南京市,正常,2019,325000.0,1.78,2011,209700,2.65,1.55,0.672,1.111
南京市,正常,2020,260000.0,1.71,2011,209700,2.65,1.24,0.645,0.942
南京市,正常,2021,,,2011,209700,2.65,,,
南京市,正常,2022,1500000.0,,2011,209700,2.65,7.153,,
南京市,正常,2023,231000.0,,2011,209700,2.65,1.102,,
南京市,正常,2024,219000.0,,2011,209700,2.65,1.044,,
南充市,空文件,2003,,,2005,36000,4.7,,,
南充市,空文件,2004,,,2005,36000,4.7,,,
南充市,正常,2005,36000.0,4.7,2005,36000,4.7,1.0,1.0,1.0
南充市,正常,2006,37000.0,4.6,2005,36000,4.7,1.028,0.979,1.004
南充市,正常,2007,46100.0,4.6,2005,36000,4.7,1.281,0.979,1.13
南充市,正常,2008,48000.0,5.0,2005,36000,4.7,1.333,1.064,1.199
南充市,正常,2009,48400.0,4.5,2005,36000,4.7,1.344,0.957,1.15
南充市,正常,2010,56900.0,4.5,2005,36000,4.7,1.581,0.957,1.269
南充市,正常,2011,199000.0,,2005,36000,4.7,5.528,,
南充市,正常,2012,64000.0,4.3,2005,36000,4.7,1.778,0.915,1.346
南充市,正常,2013,77000.0,4.3,2005,36000,4.7,2.139,0.915,1.527
南充市,正常,2014,80000.0,,2005,36000,4.7,2.222,,
南充市,正常,2015,60000.0,4.2,2005,36000,4.7,1.667,0.894,1.28
南充市,正常,2016,330000.0,4.4,2005,36000,4.7,9.167,0.936,5.052
南充市,正常,2017,85000.0,3.88,2005,36000,4.7,2.361,0.826,1.594
南充市,正常,2018,80000.0,3.8,2005,36000,4.7,2.222,0.809,1.516
南充市,正常,2019,81000.0,3.65,2005,36000,4.7,2.25,0.777,1.514
南充市,正常,2020,387000.0,3.75,2005,36000,4.7,10.75,0.798,5.774
南充市,正常,2021,60000.0,3.73,2005,36000,4.7,1.667,0.794,1.231
南充市,正常,2022,70000.0,5.5,2005,36000,4.7,1.944,1.17,1.557
南充市,正常,2023,76000.0,5.5,2005,36000,4.7,2.111,1.17,1.64
南充市,正常,2024,71000.0,5.5,2005,36000,4.7,1.972,1.17,1.571
南宁市,正常,2003,,4.7,2006,50000,3.95,,1.19,
南宁市,正常,2004,,4.0,2006,50000,3.95,,1.013,
南宁市,正常,2005,,3.9,2006,50000,3.95,,0.987,
南宁市,正常,2006,50000.0,3.95,2006,50000,3.95,1.0,1.0,1.0
南宁市,正常,2007,61852.0,3.8,2006,50000,3.95,1.237,0.962,1.1
南宁市,正常,2008,,3.57,2006,50000,3.95,,0.904,
南宁市,正常,2009,73800.0,3.86,2006,50000,3.95,1.476,0.977,1.226
南宁市,正常,2010,70000.0,4.0,2006,50000,3.95,1.4,1.013,1.206
南宁市,正常,2011,78000.0,3.5,2006,50000,3.95,1.56,0.886,1.223
南宁市,空文件,2012,,,2006,50000,3.95,,,
南宁市,正常,2013,86000.0,3.01,2006,50000,3.95,1.72,0.762,1.241
南宁市,空文件,2014,,,2006,50000,3.95,,,
南宁市,正常,2015,412800.0,,2006,50000,3.95,8.256,,
南宁市,正常,2016,78200.0,2.62,2006,50000,3.95,1.564,0.663,1.114
南宁市,正常,2017,77000.0,2.63,2006,50000,3.95,1.54,0.666,1.103
南宁市,正常,2018,13610000.0,5.5,2006,50000,3.95,272.2,1.392,136.796
南宁市,正常,2019,75200.0,2.71,2006,50000,3.95,1.504,0.686,1.095
南宁市,正常,2020,,6.8,2006,50000,3.95,,1.722,
南宁市,正常,2021,77000.0,2.8,2006,50000,3.95,1.54,0.709,1.124
南宁市,正常,2022,74400.0,6.0,2006,50000,3.95,1.488,1.519,1.503
南宁市,正常,2023,77900.0,,2006,50000,3.95,1.558,,
南宁市,正常,2024,75000.0,,2006,50000,3.95,1.5,,
南平市,正常,2003,,6.0,2005,22000,5.6,,1.071,
南平市,正常,2004,30299.0,,2005,22000,5.6,1.377,,
南平市,正常,2005,22000.0,5.6,2005,22000,5.6,1.0,1.0,1.0
南平市,正常,2006,,5.06,2005,22000,5.6,,0.904,
南平市,正常,2007,24000.0,3.68,2005,22000,5.6,1.091,0.657,0.874
南平市,正常,2008,,,2005,22000,5.6,,,
南平市,正常,2009,24800.0,3.52,2005,22000,5.6,1.127,0.629,0.878
南平市,正常,2010,25000.0,3.47,2005,22000,5.6,1.136,0.62,0.878
南平市,正常,2011,23000.0,3.45,2005,22000,5.6,1.045,0.616,0.83
南平市,正常,2012,23000.0,3.5,2005,22000,5.6,1.045,0.625,0.835
南平市,正常,2013,25000.0,3.4,2005,22000,5.6,1.136,0.607,0.871
南平市,正常,2014,24500.0,3.1,2005,22000,5.6,1.114,0.554,0.834
南平市,正常,2015,23000.0,3.0,2005,22000,5.6,1.045,0.536,0.79
南平市,正常,2016,123699.0,4.2,2005,22000,5.6,5.623,0.75,3.186
南平市,正常,2017,20600.0,2.99,2005,22000,5.6,0.936,0.534,0.735
南平市,正常,2018,20000.0,2.87,2005,22000,5.6,0.909,0.513,0.711
南平市,正常,2019,18000.0,2.3,2005,22000,5.6,0.818,0.411,0.614
南平市,正常,2020,19200.0,3.38,2005,22000,5.6,0.873,0.604,0.738
南平市,正常,2021,17000.0,,2005,22000,5.6,0.773,,
南平市,正常,2022,15500.0,,2005,22000,5.6,0.705,,
南平市,正常,2023,14700.0,,2005,22000,5.6,0.668,,
南平市,正常,2024,13600.0,,2005,22000,5.6,0.618,,
南昌市,正常,2003,60000.0,,2005,65000,3.5,0.923,,
南昌市,正常,2004,,3.39,2005,65000,3.5,,0.969,
南昌市,正常,2005,65000.0,3.5,2005,65000,3.5,1.0,1.0,1.0
南昌市,正常,2006,,3.45,2005,65000,3.5,,0.986,
南昌市,正常,2007,80000.0,,2005,65000,3.5,1.231,,
南昌市,正常,2008,108000.0,3.3,2005,65000,3.5,1.662,0.943,1.302
南昌市,正常,2009,94000.0,3.41,2005,65000,3.5,1.446,0.974,1.21
南昌市,正常,2010,88400.0,,2005,65000,3.5,1.36,,
南昌市,正常,2011,81199.0,,2005,65000,3.5,1.249,,
南昌市,正常,2012,78000.0,,2005,65000,3.5,1.2,,
南昌市,正常,2013,88500.0,,2005,65000,3.5,1.362,,
南昌市,正常,2014,79000.0,,2005,65000,3.5,1.215,,
南昌市,正常,2015,83200.0,,2005,65000,3.5,1.28,,
南昌市,正常,2016,86000.0,,2005,65000,3.5,1.323,,
南昌市,正常,2017,,,2005,65000,3.5,,,
南昌市,正常,2018,,,2005,65000,3.5,,,
南昌市,正常,2019,75400.0,4.5,2005,65000,3.5,1.16,1.286,1.223
南昌市,正常,2020,61547.0,5.5,2005,65000,3.5,0.947,1.571,1.259
南昌市,正常,2021,72245.0,,2005,65000,3.5,1.111,,
南昌市,正常,2022,61500.0,,2005,65000,3.5,0.946,,
南昌市,正常,2023,68900.0,,2005,65000,3.5,1.06,,
南昌市,正常,2024,73900.0,,2005,65000,3.5,1.137,,
南通市,正常,2003,,3.75,2005,55000,3.4,,1.103,
南通市,正常,2004,,3.0,2005,55000,3.4,,0.882,
南通市,正常,2005,55000.0,3.4,2005,55000,3.4,1.0,1.0,1.0
南通市,正常,2006,69000.0,3.2,2005,55000,3.4,1.255,0.941,1.098
南通市,正常,2007,,3.2,2005,55000,3.4,,0.941,
南通市,正常,2008,70000.0,3.08,2005,55000,3.4,1.273,0.906,1.09
南通市,正常,2009,82000.0,2.8,2005,55000,3.4,1.491,0.824,1.158
南通市,正常,2010,99600.0,2.75,2005,55000,3.4,1.811,0.809,1.31
南通市,正常,2011,86500.0,2.8,2005,55000,3.4,1.573,0.824,1.198
南通市,正常,2012,88000.0,2.48,2005,55000,3.4,1.6,0.729,1.164
南通市,正常,2013,92000.0,2.15,2005,55000,3.4,1.673,0.632,1.152
南通市,正常,2014,91000.0,1.97,2005,55000,3.4,1.655,0.579,1.117
南通市,正常,2015,82400.0,1.92,2005,55000,3.4,1.498,0.565,1.031
南通市,正常,2016,85900.0,1.85,2005,55000,3.4,1.562,0.544,1.053
南通市,正常,2017,87000.0,1.82,2005,55000,3.4,1.582,0.535,1.058
南通市,正常,2018,104000.0,1.78,2005,55000,3.4,1.891,0.524,1.208
南通市,正常,2019,115000.0,1.75,2005,55000,3.4,2.091,0.515,1.303
南通市,正常,2020,115000.0,1.75,2005,55000,3.4,2.091,0.515,1.303
南通市,正常,2021,546000.0,3.0,2005,55000,3.4,9.927,0.882,5.404
南通市,正常,2022,110000.0,4.0,2005,55000,3.4,2.0,1.176,1.588
南通市,正常,2023,119000.0,,2005,55000,3.4,2.164,,
南通市,正常,2024,100000.0,,2005,55000,3.4,1.818,,
南通市,正常,2024,100000.0,,2005,55000,3.4,1.818,,
南阳市,正常,2003,,,2005,125000,4.0,,,
南阳市,正常,2004,,3.5,2005,125000,4.0,,0.875,
南阳市,正常,2005,125000.0,4.0,2005,125000,4.0,1.0,1.0,1.0
南阳市,正常,2006,75000.0,3.4,2005,125000,4.0,0.6,0.85,0.725
南阳市,正常,2007,128000.0,3.4,2005,125000,4.0,1.024,0.85,0.937
南阳市,正常,2008,570000.0,3.8,2005,125000,4.0,4.56,0.95,2.755
南阳市,正常,2009,105000.0,3.8,2005,125000,4.0,0.84,0.95,0.895
南阳市,正常,2010,104000.0,4.5,2005,125000,4.0,0.832,1.125,0.978
南阳市,正常,2011,90000.0,3.5,2005,125000,4.0,0.72,0.875,0.798
南阳市,正常,2012,90000.0,4.0,2005,125000,4.0,0.72,1.0,0.86
南阳市,正常,2013,517000.0,,2005,125000,4.0,4.136,,
南阳市,正常,2014,70600.0,,2005,125000,4.0,0.565,,
南阳市,正常,2015,71000.0,,2005,125000,4.0,0.568,,
南阳市,正常,2016,85000.0,,2005,125000,4.0,0.68,,
南阳市,正常,2017,52500.0,4.0,2005,125000,4.0,0.42,1.0,0.71
南阳市,正常,2018,1390000.0,3.02,2005,125000,4.0,11.12,0.755,5.938
南阳市,正常,2019,86000.0,3.0,2005,125000,4.0,0.688,0.75,0.719
南阳市,正常,2020,11860000.0,5.5,2005,125000,4.0,94.88,1.375,48.128
南阳市,正常,2021,82000.0,3.85,2005,125000,4.0,0.656,0.962,0.809
南阳市,正常,2022,401000.0,4.5,2005,125000,4.0,3.208,1.125,2.166
南阳市,正常,2024,79700.0,5.5,2005,125000,4.0,0.638,1.375,1.006
南阳市,正常,2024,79700.0,5.5,2005,125000,4.0,0.638,1.375,1.006
厦门市,正常,2003,30600.0,4.3,2003,30600,4.3,1.0,1.0,1.0
厦门市,正常,2004,200000.0,4.1,2003,30600,4.3,6.536,0.953,3.744
厦门市,正常,2005,155000.0,3.79,2003,30600,4.3,5.065,0.881,2.973
厦门市,正常,2006,178000.0,3.74,2003,30600,4.3,5.817,0.87,3.344
厦门市,正常,2007,198000.0,3.49,2003,30600,4.3,6.471,0.812,3.642
厦门市,正常,2008,210000.0,4.14,2003,30600,4.3,6.863,0.963,3.913
厦门市,正常,2009,,4.01,2003,30600,4.3,,0.933,
厦门市,正常,2010,190000.0,3.3,2003,30600,4.3,6.209,0.767,3.488
厦门市,正常,2011,,3.45,2003,30600,4.3,,0.802,
厦门市,正常,2012,203000.0,3.5,2003,30600,4.3,6.634,0.814,3.724
厦门市,正常,2013,180000.0,,2003,30600,4.3,5.882,,
厦门市,正常,2014,183000.0,,2003,30600,4.3,5.98,,
厦门市,正常,2015,180000.0,4.0,2003,30600,4.3,5.882,0.93,3.406
厦门市,正常,2016,170000.0,4.0,2003,30600,4.3,5.556,0.93,3.243
厦门市,正常,2017,186000.0,,2003,30600,4.3,6.078,,
厦门市,正常,2018,187000.0,,2003,30600,4.3,6.111,,
厦门市,正常,2019,262000.0,2.84,2003,30600,4.3,8.562,0.66,4.611
厦门市,正常,2020,356000.0,,2003,30600,4.3,11.634,,
厦门市,正常,2021,331000.0,,2003,30600,4.3,10.817,,
厦门市,正常,2022,177000.0,,2003,30600,4.3,5.784,,
厦门市,正常,2023,164000.0,,2003,30600,4.3,5.359,,
厦门市,正常,2024,168000.0,,2003,30600,4.3,5.49,,
双鸭山市,空文件,2003,,,2008,3930,3.0,,,
双鸭山市,空文件,2004,,,2008,3930,3.0,,,
双鸭山市,空文件,2005,,,2008,3930,3.0,,,
双鸭山市,空文件,2006,,,2008,3930,3.0,,,
双鸭山市,空文件,2007,,,2008,3930,3.0,,,
双鸭山市,正常,2008,3930.0,3.0,2008,3930,3.0,1.0,1.0,1.0
双鸭山市,空文件,2009,,,2008,3930,3.0,,,
双鸭山市,正常,2010,23000.0,,2008,3930,3.0,5.852,,
双鸭山市,空文件,2011,,,2008,3930,3.0,,,
双鸭山市,正常,2012,29000.0,,2008,3930,3.0,7.379,,
双鸭山市,空文件,2013,,,2008,3930,3.0,,,
双鸭山市,正常,2014,25000.0,4.3,2008,3930,3.0,6.361,1.433,3.897
双鸭山市,正常,2015,25000.0,,2008,3930,3.0,6.361,,
双鸭山市,正常,2016,129000.0,4.3,2008,3930,3.0,32.824,1.433,17.128
双鸭山市,正常,2017,22700.0,,2008,3930,3.0,5.776,,
双鸭山市,正常,2018,24600.0,3.9,2008,3930,3.0,6.26,1.3,3.78
双鸭山市,正常,2019,25000.0,,2008,3930,3.0,6.361,,
双鸭山市,正常,2020,18500.0,,2008,3930,3.0,4.707,,
双鸭山市,正常,2021,21000.0,,2008,3930,3.0,5.344,,
双鸭山市,正常,2022,22000.0,5.3,2008,3930,3.0,5.598,1.767,3.682
双鸭山市,正常,2023,16000.0,6.0,2008,3930,3.0,4.071,2.0,3.036
双鸭山市,正常,2024,18000.0,,2008,3930,3.0,4.58,,
台州市,正常,2003,,4.5,2006,49000,3.8,,1.184,
台州市,正常,2004,,4.5,2006,49000,3.8,,1.184,
台州市,正常,2005,,3.8,2006,49000,3.8,,1.0,
台州市,正常,2006,49000.0,3.8,2006,49000,3.8,1.0,1.0,1.0
台州市,正常,2007,,3.7,2006,49000,3.8,,0.974,
台州市,正常,2008,45000.0,4.0,2006,49000,3.8,0.918,1.053,0.986
台州市,正常,2009,55500.0,3.7,2006,49000,3.8,1.133,0.974,1.054
台州市,正常,2010,311700.0,3.6,2006,49000,3.8,6.361,0.947,3.654
台州市,正常,2011,71000.0,3.42,2006,49000,3.8,1.449,0.9,1.174
台州市,正常,2012,67000.0,3.44,2006,49000,3.8,1.367,0.905,1.136
台州市,正常,2013,,3.4,2006,49000,3.8,,0.895,
台州市,正常,2014,,2.21,2006,49000,3.8,,0.582,
台州市,正常,2015,400000.0,,2006,49000,3.8,8.163,,
台州市,正常,2016,520000.0,,2006,49000,3.8,10.612,,
台州市,正常,2017,122000.0,3.5,2006,49000,3.8,2.49,0.921,1.706
台州市,正常,2018,134000.0,,2006,49000,3.8,2.735,,
台州市,正常,2019,338000.0,,2006,49000,3.8,6.898,,
台州市,正常,2020,197000.0,,2006,49000,3.8,4.02,,
台州市,正常,2021,1034000.0,,2006,49000,3.8,21.102,,
台州市,正常,2022,82000.0,,2006,49000,3.8,1.673,,
台州市,正常,2023,90000.0,,2006,49000,3.8,1.837,,
台州市,正常,2024,94000.0,,2006,49000,3.8,1.918,,
合肥市,空文件,2003,,,2005,50000,4.4,,,
合肥市,空文件,2004,,,2005,50000,4.4,,,
合肥市,正常,2005,50000.0,4.4,2005,50000,4.4,1.0,1.0,1.0
合肥市,正常,2006,,4.3,2005,50000,4.4,,0.977,
合肥市,正常,2007,,4.1,2005,50000,4.4,,0.932,
合肥市,正常,2008,70000.0,,2005,50000,4.4,1.4,,
合肥市,正常,2009,109600.0,4.05,2005,50000,4.4,2.192,0.92,1.556
合肥市,正常,2010,,4.3,2005,50000,4.4,,0.977,
合肥市,正常,2011,568000.0,4.5,2005,50000,4.4,11.36,1.023,6.192
合肥市,正常,2012,568000.0,4.5,2005,50000,4.4,11.36,1.023,6.192
合肥市,正常,2013,169000.0,4.5,2005,50000,4.4,3.38,1.023,2.202
合肥市,正常,2014,189000.0,3.0,2005,50000,4.4,3.78,0.682,2.231
合肥市,正常,2015,,4.0,2005,50000,4.4,,0.909,
合肥市,正常,2016,232000.0,3.03,2005,50000,4.4,4.64,0.689,2.664
合肥市,正常,2017,240000.0,5.0,2005,50000,4.4,4.8,1.136,2.968
合肥市,正常,2018,130000.0,2.9,2005,50000,4.4,2.6,0.659,1.63
合肥市,正常,2019,278000.0,2.8,2005,50000,4.4,5.56,0.636,3.098
合肥市,正常,2020,121000.0,3.06,2005,50000,4.4,2.42,0.695,1.557
合肥市,正常,2021,1000000.0,2.81,2005,50000,4.4,20.0,0.639,10.32
合肥市,正常,2022,135000.0,,2005,50000,4.4,2.7,,
合肥市,正常,2023,145000.0,,2005,50000,4.4,2.9,,
合肥市,正常,2024,209000.0,,2005,50000,4.4,4.18,,
吉安市,空文件,2003,,,2004,70900,3.14,,,
吉安市,正常,2004,70900.0,3.14,2004,70900,3.14,1.0,1.0,1.0
吉安市,正常,2005,70900.0,3.14,2004,70900,3.14,1.0,1.0,1.0
吉安市,正常,2006,70900.0,3.14,2004,70900,3.14,1.0,1.0,1.0
吉安市,正常,2007,70900.0,3.14,2004,70900,3.14,1.0,1.0,1.0
吉安市,正常,2008,70900.0,3.14,2004,70900,3.14,1.0,1.0,1.0
吉安市,正常,2009,70900.0,3.14,2004,70900,3.14,1.0,1.0,1.0
吉安市,正常,2010,125000.0,4.5,2004,70900,3.14,1.763,1.433,1.598
吉安市,正常,2011,87000.0,,2004,70900,3.14,1.227,,
吉安市,正常,2012,93000.0,,2004,70900,3.14,1.312,,
吉安市,正常,2013,56000.0,,2004,70900,3.14,0.79,,
吉安市,正常,2014,55000.0,2.98,2004,70900,3.14,0.776,0.949,0.862
吉安市,正常,2015,55000.0,4.5,2004,70900,3.14,0.776,1.433,1.104
吉安市,正常,2016,56000.0,2.9,2004,70900,3.14,0.79,0.924,0.857
吉安市,正常,2017,58000.0,3.0,2004,70900,3.14,0.818,0.955,0.886
吉安市,正常,2018,59000.0,4.5,2004,70900,3.14,0.832,1.433,1.132
吉安市,正常,2019,58000.0,4.5,2004,70900,3.14,0.818,1.433,1.126
吉安市,正常,2020,47000.0,4.0,2004,70900,3.14,0.663,1.274,0.968
吉安市,正常,2021,59000.0,3.5,2004,70900,3.14,0.832,1.115,0.974
吉安市,正常,2022,48000.0,,2004,70900,3.14,0.677,,
吉安市,正常,2023,54800.0,,2004,70900,3.14,0.773,,
吉安市,正常,2024,46000.0,,2004,70900,3.14,0.649,,
吉林市,空文件,2003,,,2012,98000,4.0,,,
吉林市,空文件,2004,,,2012,98000,4.0,,,
吉林市,空文件,2005,,,2012,98000,4.0,,,
吉林市,空文件,2006,,,2012,98000,4.0,,,
吉林市,空文件,2007,,,2012,98000,4.0,,,
吉林市,空文件,2008,,,2012,98000,4.0,,,
吉林市,空文件,2009,,,2012,98000,4.0,,,
吉林市,正常,2010,95000.0,,2012,98000,4.0,0.969,,
吉林市,正常,2011,93000.0,,2012,98000,4.0,0.949,,
吉林市,正常,2012,98000.0,4.0,2012,98000,4.0,1.0,1.0,1.0
吉林市,正常,2013,97000.0,,2012,98000,4.0,0.99,,
吉林市,正常,2014,95000.0,,2012,98000,4.0,0.969,,
吉林市,正常,2015,480000.0,,2012,98000,4.0,4.898,,
吉林市,正常,2016,380000.0,,2012,98000,4.0,3.878,,
吉林市,正常,2017,70000.0,4.5,2012,98000,4.0,0.714,1.125,0.92
吉林市,正常,2018,77000.0,4.5,2012,98000,4.0,0.786,1.125,0.956
吉林市,正常,2019,68000.0,3.6,2012,98000,4.0,0.694,0.9,0.797
吉林市,正常,2020,400000.0,,2012,98000,4.0,4.082,,
吉林市,正常,2021,41000.0,,2012,98000,4.0,0.418,,
吉林市,正常,2022,40000.0,4.5,2012,98000,4.0,0.408,1.125,0.766
吉林市,正常,2023,45800.0,,2012,98000,4.0,0.467,,
吉林市,正常,2024,43000.0,,2012,98000,4.0,0.439,,
吕梁市,空文件,2003,,,2004,26000,3.5,,,
吕梁市,正常,2004,26000.0,3.5,2004,26000,3.5,1.0,1.0,1.0
吕梁市,正常,2005,,3.0,2004,26000,3.5,,0.857,
吕梁市,正常,2006,,2.5,2004,26000,3.5,,0.714,
吕梁市,正常,2007,,3.0,2004,26000,3.5,,0.857,
吕梁市,正常,2008,,,2004,26000,3.5,,,
吕梁市,正常,2009,34000.0,3.0,2004,26000,3.5,1.308,0.857,1.082
吕梁市,正常,2010,31800.0,4.5,2004,26000,3.5,1.223,1.286,1.255
吕梁市,正常,2011,50000.0,4.22,2004,26000,3.5,1.923,1.206,1.564
吕梁市,正常,2012,56000.0,4.2,2004,26000,3.5,2.154,1.2,1.677
吕梁市,正常,2013,,2.1,2004,26000,3.5,,0.6,
吕梁市,正常,2014,41700.0,2.54,2004,26000,3.5,1.604,0.726,1.165
吕梁市,正常,2015,31000.0,,2004,26000,3.5,1.192,,
吕梁市,正常,2016,32000.0,,2004,26000,3.5,1.231,,
吕梁市,正常,2017,,,2004,26000,3.5,,,
吕梁市,正常,2018,40000.0,,2004,26000,3.5,1.538,,
吕梁市,正常,2019,38000.0,,2004,26000,3.5,1.462,,
吕梁市,正常,2020,200000.0,4.5,2004,26000,3.5,7.692,1.286,4.489
吕梁市,正常,2021,40000.0,5.5,2004,26000,3.5,1.538,1.571,1.554
吕梁市,正常,2022,40000.0,5.5,2004,26000,3.5,1.538,1.571,1.554
吕梁市,正常,2023,40000.0,5.5,2004,26000,3.5,1.538,1.571,1.554
吕梁市,正常,2024,40000.0,,2004,26000,3.5,1.538,,
吴忠市,正常,2003,,4.0,2004,10000,4.3,,0.93,
吴忠市,正常,2004,10000.0,4.3,2004,10000,4.3,1.0,1.0,1.0
吴忠市,正常,2005,10419.0,4.5,2004,10000,4.3,1.042,1.047,1.044
吴忠市,正常,2006,12483.0,4.05,2004,10000,4.3,1.248,0.942,1.095
吴忠市,正常,2007,45000.0,4.2,2004,10000,4.3,4.5,0.977,2.738
吴忠市,正常,2008,12000.0,4.2,2004,10000,4.3,1.2,0.977,1.088
吴忠市,正常,2009,12000.0,4.3,2004,10000,4.3,1.2,1.0,1.1
吴忠市,正常,2010,14800.0,4.3,2004,10000,4.3,1.48,1.0,1.24
吴忠市,正常,2011,15000.0,4.25,2004,10000,4.3,1.5,0.988,1.244
吴忠市,正常,2012,,4.0,2004,10000,4.3,,0.93,
吴忠市,正常,2013,15000.0,4.0,2004,10000,4.3,1.5,0.93,1.215
吴忠市,正常,2014,,4.0,2004,10000,4.3,,0.93,
吴忠市,正常,2015,15400.0,4.0,2004,10000,4.3,1.54,0.93,1.235
吴忠市,正常,2016,27000.0,4.0,2004,10000,4.3,2.7,0.93,1.815
吴忠市,正常,2017,14000.0,3.52,2004,10000,4.3,1.4,0.819,1.11
吴忠市,正常,2018,14700.0,3.21,2004,10000,4.3,1.47,0.747,1.108
吴忠市,正常,2019,13121.0,3.05,2004,10000,4.3,1.312,0.709,1.01
吴忠市,正常,2020,12389.0,3.18,2004,10000,4.3,1.239,0.74,0.99
吴忠市,正常,2021,10000.0,5.5,2004,10000,4.3,1.0,1.279,1.14
吴忠市,正常,2022,12000.0,5.5,2004,10000,4.3,1.2,1.279,1.24
吴忠市,正常,2023,12000.0,5.5,2004,10000,4.3,1.2,1.279,1.24
吴忠市,正常,2024,11000.0,5.5,2004,10000,4.3,1.1,1.279,1.19
周口市,正常,2003,46000.0,4.5,2003,46000,4.5,1.0,1.0,1.0
周口市,正常,2004,49000.0,4.5,2003,46000,4.5,1.065,1.0,1.032
周口市,正常,2005,62000.0,3.69,2003,46000,4.5,1.348,0.82,1.084
周口市,正常,2006,318000.0,4.5,2003,46000,4.5,6.913,1.0,3.956
周口市,正常,2007,72000.0,3.9,2003,46000,4.5,1.565,0.867,1.216
周口市,正常,2008,79000.0,3.9,2003,46000,4.5,1.717,0.867,1.292
周口市,正常,2009,89000.0,3.85,2003,46000,4.5,1.935,0.856,1.396
周口市,正常,2010,85000.0,4.0,2003,46000,4.5,1.848,0.889,1.368
周口市,正常,2011,405000.0,4.2,2003,46000,4.5,8.804,0.933,4.868
周口市,正常,2012,101000.0,,2003,46000,4.5,2.196,,
周口市,正常,2013,106000.0,,2003,46000,4.5,2.304,,
周口市,正常,2014,76000.0,4.0,2003,46000,4.5,1.652,0.889,1.27
周口市,正常,2015,88000.0,3.9,2003,46000,4.5,1.913,0.867,1.39
周口市,正常,2016,350000.0,4.0,2003,46000,4.5,7.609,0.889,4.249
周口市,正常,2017,60000.0,4.0,2003,46000,4.5,1.304,0.889,1.096
周口市,正常,2018,60000.0,,2003,46000,4.5,1.304,,
周口市,正常,2019,89400.0,,2003,46000,4.5,1.943,,
周口市,正常,2020,72700.0,5.5,2003,46000,4.5,1.58,1.222,1.401
周口市,正常,2021,69500.0,5.5,2003,46000,4.5,1.511,1.222,1.366
周口市,正常,2022,12060000.0,5.5,2003,46000,4.5,262.174,1.222,131.698
周口市,正常,2023,75000.0,5.5,2003,46000,4.5,1.63,1.222,1.426
周口市,正常,2024,73000.0,5.5,2003,46000,4.5,1.587,1.222,1.404
呼伦贝尔市,空文件,2003,,,2004,30000,4.7,,,
呼伦贝尔市,正常,2004,30000.0,4.7,2004,30000,4.7,1.0,1.0,1.0
呼伦贝尔市,正常,2005,32755.0,4.36,2004,30000,4.7,1.092,0.928,1.01
呼伦贝尔市,正常,2006,27599.0,4.3,2004,30000,4.7,0.92,0.915,0.918
呼伦贝尔市,正常,2007,145000.0,4.4,2004,30000,4.7,4.833,0.936,2.884
呼伦贝尔市,正常,2008,28000.0,4.3,2004,30000,4.7,0.933,0.915,0.924
呼伦贝尔市,正常,2009,26000.0,4.2,2004,30000,4.7,0.867,0.894,0.881
呼伦贝尔市,正常,2010,137000.0,4.12,2004,30000,4.7,4.567,0.877,2.722
呼伦贝尔市,正常,2011,,4.08,2004,30000,4.7,,0.868,
呼伦贝尔市,正常,2012,142300.0,4.0,2004,30000,4.7,4.743,0.851,2.797
呼伦贝尔市,正常,2013,36600.0,3.85,2004,30000,4.7,1.22,0.819,1.019
呼伦贝尔市,正常,2014,34000.0,3.8,2004,30000,4.7,1.133,0.809,0.971
呼伦贝尔市,正常,2015,182000.0,,2004,30000,4.7,6.067,,
呼伦贝尔市,正常,2016,33942.0,,2004,30000,4.7,1.131,,
呼伦贝尔市,正常,2017,170000.0,4.0,2004,30000,4.7,5.667,0.851,3.259
呼伦贝尔市,正常,2018,31453.0,,2004,30000,4.7,1.048,,
呼伦贝尔市,正常,2019,30099.0,3.9,2004,30000,4.7,1.003,0.83,0.916
呼伦贝尔市,正常,2020,23000.0,3.9,2004,30000,4.7,0.767,0.83,0.798
呼伦贝尔市,正常,2021,12690000.0,,2004,30000,4.7,423.0,,
呼伦贝尔市,正常,2022,12200.0,4.0,2004,30000,4.7,0.407,0.851,0.629
呼伦贝尔市,正常,2023,11700.0,,2004,30000,4.7,0.39,,
呼伦贝尔市,正常,2024,10500.0,,2004,30000,4.7,0.35,,
呼和浩特市,空文件,2003,,,2009,35846,3.8,,,
呼和浩特市,空文件,2004,,,2009,35846,3.8,,,
呼和浩特市,空文件,2005,,,2009,35846,3.8,,,
呼和浩特市,空文件,2006,,,2009,35846,3.8,,,
呼和浩特市,空文件,2007,,,2009,35846,3.8,,,
呼和浩特市,空文件,2008,,,2009,35846,3.8,,,
呼和浩特市,正常,2009,35846.0,3.8,2009,35846,3.8,1.0,1.0,1.0
呼和浩特市,正常,2010,35000.0,4.0,2009,35846,3.8,0.976,1.053,1.014
呼和浩特市,正常,2011,37998.0,3.7,2009,35846,3.8,1.06,0.974,1.017
呼和浩特市,正常,2012,181000.0,3.8,2009,35846,3.8,5.049,1.0,3.024
呼和浩特市,正常,2013,40000.0,3.8,2009,35846,3.8,1.116,1.0,1.058
呼和浩特市,正常,2014,13220000.0,4.5,2009,35846,3.8,368.8,1.184,184.992
呼和浩特市,正常,2015,40000.0,4.0,2009,35846,3.8,1.116,1.053,1.084
呼和浩特市,正常,2016,41000.0,,2009,35846,3.8,1.144,,
呼和浩特市,正常,2017,66000000.0,5.5,2009,35846,3.8,1841.21,1.447,921.328
呼和浩特市,正常,2018,13610000.0,5.5,2009,35846,3.8,379.68,1.447,190.564
呼和浩特市,正常,2019,53000.0,3.63,2009,35846,3.8,1.479,0.955,1.217
呼和浩特市,正常,2020,47400.0,5.0,2009,35846,3.8,1.322,1.316,1.319
呼和浩特市,正常,2021,64200.0,,2009,35846,3.8,1.791,,
呼和浩特市,正常,2022,60000.0,,2009,35846,3.8,1.674,,
呼和浩特市,正常,2023,61000.0,,2009,35846,3.8,1.702,,
呼和浩特市,正常,2024,62000.0,,2009,35846,3.8,1.73,,
咸宁市,空文件,2003,,,2006,34700,4.1,,,
咸宁市,空文件,2004,,,2006,34700,4.1,,,
咸宁市,空文件,2005,,,2006,34700,4.1,,,
咸宁市,正常,2006,34700.0,4.1,2006,34700,4.1,1.0,1.0,1.0
咸宁市,正常,2007,120000.0,4.5,2006,34700,4.1,3.458,1.098,2.278
咸宁市,正常,2008,30000.0,4.2,2006,34700,4.1,0.865,1.024,0.944
咸宁市,正常,2009,32000.0,4.6,2006,34700,4.1,0.922,1.122,1.022
咸宁市,正常,2010,39000.0,3.98,2006,34700,4.1,1.124,0.971,1.048
咸宁市,正常,2011,154000.0,4.6,2006,34700,4.1,4.438,1.122,2.78
咸宁市,正常,2012,40000.0,3.83,2006,34700,4.1,1.153,0.934,1.044
咸宁市,正常,2013,47300.0,2.88,2006,34700,4.1,1.363,0.702,1.032
咸宁市,正常,2014,40000.0,2.57,2006,34700,4.1,1.153,0.627,0.89
咸宁市,正常,2015,234000.0,2.7,2006,34700,4.1,6.744,0.659,3.702
咸宁市,正常,2016,234000.0,2.7,2006,34700,4.1,6.744,0.659,3.702
咸宁市,正常,2017,48000.0,2.1,2006,34700,4.1,1.383,0.512,0.948
咸宁市,正常,2018,49100.0,2.68,2006,34700,4.1,1.415,0.654,1.034
咸宁市,正常,2019,53000.0,2.3,2006,34700,4.1,1.527,0.561,1.044
咸宁市,正常,2020,248000.0,4.5,2006,34700,4.1,7.147,1.098,4.123
咸宁市,正常,2021,248000.0,2.55,2006,34700,4.1,7.147,0.622,3.884
咸宁市,正常,2022,44000.0,3.0,2006,34700,4.1,1.268,0.732,1.0
咸宁市,正常,2023,44000.0,3.0,2006,34700,4.1,1.268,0.732,1.0
咸宁市,正常,2024,47100.0,3.0,2006,34700,4.1,1.357,0.732,1.044
咸阳市,空文件,2003,,,2004,48000,3.7,,,
咸阳市,正常,2004,48000.0,3.7,2004,48000,3.7,1.0,1.0,1.0
咸阳市,正常,2005,110000.0,5.0,2004,48000,3.7,2.292,1.351,1.822
咸阳市,正常,2006,70000.0,4.2,2004,48000,3.7,1.458,1.135,1.296
咸阳市,正常,2007,98000.0,4.1,2004,48000,3.7,2.042,1.108,1.575
咸阳市,正常,2008,351000.0,3.5,2004,48000,3.7,7.312,0.946,4.129
咸阳市,正常,2009,,3.6,2004,48000,3.7,,0.973,
咸阳市,正常,2010,331000.0,3.6,2004,48000,3.7,6.896,0.973,3.934
咸阳市,正常,2011,50000.0,2.8,2004,48000,3.7,1.042,0.757,0.9
咸阳市,正常,2012,,2.8,2004,48000,3.7,,0.757,
咸阳市,正常,2013,63000.0,3.1,2004,48000,3.7,1.312,0.838,1.075
咸阳市,正常,2014,50000.0,3.2,2004,48000,3.7,1.042,0.865,0.954
咸阳市,正常,2015,62000.0,3.21,2004,48000,3.7,1.292,0.868,1.08
咸阳市,正常,2016,62000.0,3.21,2004,48000,3.7,1.292,0.868,1.08
咸阳市,正常,2017,54300.0,3.2,2004,48000,3.7,1.131,0.865,0.998
咸阳市,正常,2018,54400.0,3.06,2004,48000,3.7,1.133,0.827,0.98
咸阳市,正常,2019,,3.17,2004,48000,3.7,,0.857,
咸阳市,正常,2020,45100.0,3.6,2004,48000,3.7,0.94,0.973,0.956
咸阳市,正常,2021,45000.0,,2004,48000,3.7,0.938,,
咸阳市,正常,2022,50400.0,,2004,48000,3.7,1.05,,
咸阳市,正常,2023,45000.0,,2004,48000,3.7,0.938,,
咸阳市,正常,2024,51900.0,,2004,48000,3.7,1.081,,
哈尔滨市,正常,2003,,3.9,2007,85000,3.5,,1.114,
哈尔滨市,正常,2004,,5.0,2007,85000,3.5,,1.429,
哈尔滨市,正常,2005,,5.0,2007,85000,3.5,,1.429,
哈尔滨市,正常,2006,,4.0,2007,85000,3.5,,1.143,
哈尔滨市,正常,2007,85000.0,3.5,2007,85000,3.5,1.0,1.0,1.0
哈尔滨市,正常,2008,110000.0,4.4,2007,85000,3.5,1.294,1.257,1.276
哈尔滨市,正常,2009,107000.0,3.04,2007,85000,3.5,1.259,0.869,1.064
哈尔滨市,正常,2010,108000.0,4.5,2007,85000,3.5,1.271,1.286,1.278
哈尔滨市,正常,2011,538000.0,3.3,2007,85000,3.5,6.329,0.943,3.636
哈尔滨市,正常,2012,126000.0,3.4,2007,85000,3.5,1.482,0.971,1.226
哈尔滨市,正常,2013,138000.0,4.3,2007,85000,3.5,1.624,1.229,1.426
哈尔滨市,正常,2014,137000.0,3.72,2007,85000,3.5,1.612,1.063,1.338
哈尔滨市,正常,2015,645000.0,4.4,2007,85000,3.5,7.588,1.257,4.422
哈尔滨市,正常,2016,628000.0,4.3,2007,85000,3.5,7.388,1.229,4.308
哈尔滨市,正常,2017,110000.0,3.68,2007,85000,3.5,1.294,1.051,1.172
哈尔滨市,正常,2018,102200.0,3.76,2007,85000,3.5,1.202,1.074,1.138
哈尔滨市,正常,2019,100000.0,3.6,2007,85000,3.5,1.176,1.029,1.102
哈尔滨市,正常,2020,77000.0,,2007,85000,3.5,0.906,,
哈尔滨市,正常,2021,509700.0,,2007,85000,3.5,5.996,,
哈尔滨市,正常,2022,3074.0,4.1,2007,85000,3.5,0.036,1.171,0.604
哈尔滨市,正常,2023,98600.0,,2007,85000,3.5,1.16,,
哈尔滨市,正常,2024,94000.0,,2007,85000,3.5,1.106,,
唐山市,空文件,2003,,,2004,43000,4.1,,,
唐山市,正常,2004,43000.0,4.1,2004,43000,4.1,1.0,1.0,1.0
唐山市,正常,2005,,4.0,2004,43000,4.1,,0.976,
唐山市,正常,2006,62000.0,4.35,2004,43000,4.1,1.442,1.061,1.252
唐山市,正常,2007,270000.0,4.5,2004,43000,4.1,6.279,1.098,3.688
唐山市,正常,2008,68000.0,4.4,2004,43000,4.1,1.581,1.073,1.327
唐山市,正常,2009,68000.0,4.1,2004,43000,4.1,1.581,1.0,1.29
唐山市,正常,2010,86000.0,4.06,2004,43000,4.1,2.0,0.99,1.495
唐山市,正常,2011,102000.0,4.0,2004,43000,4.1,2.372,0.976,1.674
唐山市,正常,2012,90000.0,4.5,2004,43000,4.1,2.093,1.098,1.596
唐山市,正常,2013,100000.0,4.02,2004,43000,4.1,2.326,0.98,1.653
唐山市,正常,2014,90000.0,4.5,2004,43000,4.1,2.093,1.098,1.596
唐山市,正常,2015,490000.0,4.5,2004,43000,4.1,11.395,1.098,6.246
唐山市,正常,2016,390000.0,4.5,2004,43000,4.1,9.07,1.098,5.084
唐山市,正常,2017,,2.83,2004,43000,4.1,,0.69,
唐山市,正常,2018,120000.0,2.42,2004,43000,4.1,2.791,0.59,1.69
唐山市,正常,2019,120000.0,4.5,2004,43000,4.1,2.791,1.098,1.945
唐山市,正常,2020,678000.0,4.5,2004,43000,4.1,15.767,1.098,8.432
唐山市,正常,2021,117000.0,,2004,43000,4.1,2.721,,
唐山市,正常,2022,122800.0,5.5,2004,43000,4.1,2.856,1.341,2.098
唐山市,正常,2023,123000.0,,2004,43000,4.1,2.86,,
唐山市,正常,2024,122800.0,5.5,2004,43000,4.1,2.856,1.341,2.098
商丘市,正常,2003,50000.0,3.7,2003,50000,3.7,1.0,1.0,1.0
商丘市,正常,2004,65000.0,4.1,2003,50000,3.7,1.3,1.108,1.204
商丘市,正常,2005,50000.0,4.5,2003,50000,3.7,1.0,1.216,1.108
商丘市,正常,2006,94600.0,,2003,50000,3.7,1.892,,
商丘市,正常,2007,95000.0,,2003,50000,3.7,1.9,,
商丘市,正常,2008,93699.0,3.7,2003,50000,3.7,1.874,1.0,1.437
商丘市,正常,2009,94000.0,,2003,50000,3.7,1.88,,
商丘市,正常,2010,86000.0,3.58,2003,50000,3.7,1.72,0.968,1.344
商丘市,正常,2011,454000.0,,2003,50000,3.7,9.08,,
商丘市,正常,2012,78000.0,,2003,50000,3.7,1.56,,
商丘市,正常,2013,60000.0,,2003,50000,3.7,1.2,,
商丘市,正常,2014,78000.0,,2003,50000,3.7,1.56,,
商丘市,正常,2015,65000.0,,2003,50000,3.7,1.3,,
商丘市,正常,2016,400000.0,,2003,50000,3.7,8.0,,
商丘市,正常,2017,66000.0,,2003,50000,3.7,1.32,,
商丘市,正常,2018,74000.0,,2003,50000,3.7,1.48,,
商丘市,正常,2019,86000.0,,2003,50000,3.7,1.72,,
商丘市,正常,2020,85000.0,,2003,50000,3.7,1.7,,
商丘市,正常,2021,87000.0,4.5,2003,50000,3.7,1.74,1.216,1.478
商丘市,正常,2022,450000.0,,2003,50000,3.7,9.0,,
商丘市,正常,2023,69000.0,5.5,2003,50000,3.7,1.38,1.486,1.433
商丘市,正常,2024,69500.0,5.5,2003,50000,3.7,1.39,1.486,1.438
商洛市,正常,2003,,4.7,2004,8400,3.9,,1.205,
商洛市,正常,2004,8400.0,3.9,2004,8400,3.9,1.0,1.0,1.0
商洛市,正常,2005,41000.0,4.5,2004,8400,3.9,4.881,1.154,3.018
商洛市,正常,2006,8000.0,4.5,2004,8400,3.9,0.952,1.154,1.053
商洛市,正常,2007,,,2004,8400,3.9,,,
商洛市,正常,2008,10887.0,3.4,2004,8400,3.9,1.296,0.872,1.084
商洛市,正常,2009,10902.0,3.6,2004,8400,3.9,1.298,0.923,1.11
商洛市,正常,2010,12000.0,4.0,2004,8400,3.9,1.429,1.026,1.228
商洛市,正常,2011,12000.0,4.0,2004,8400,3.9,1.429,1.026,1.228
商洛市,正常,2012,14400.0,2.96,2004,8400,3.9,1.714,0.759,1.236
商洛市,正常,2013,14000.0,3.4,2004,8400,3.9,1.667,0.872,1.27
商洛市,正常,2014,18300.0,3.22,2004,8400,3.9,2.179,0.826,1.502
商洛市,正常,2015,18500.0,3.9,2004,8400,3.9,2.202,1.0,1.601
商洛市,正常,2016,18900.0,,2004,8400,3.9,2.25,,
商洛市,正常,2017,19000.0,,2004,8400,3.9,2.262,,
商洛市,正常,2018,19500.0,,2004,8400,3.9,2.321,,
商洛市,正常,2019,21700.0,,2004,8400,3.9,2.583,,
商洛市,正常,2020,17000.0,4.3,2004,8400,3.9,2.024,1.103,1.564
商洛市,正常,2021,19300.0,3.5,2004,8400,3.9,2.298,0.897,1.598
商洛市,正常,2022,16600.0,5.5,2004,8400,3.9,1.976,1.41,1.693
商洛市,正常,2023,16000.0,5.5,2004,8400,3.9,1.905,1.41,1.658
商洛市,正常,2024,16500.0,5.5,2004,8400,3.9,1.964,1.41,1.687
嘉兴市,正常,2003,,4.5,2007,55000,3.6,,1.25,
嘉兴市,正常,2004,,3.8,2007,55000,3.6,,1.056,
嘉兴市,正常,2005,,4.5,2007,55000,3.6,,1.25,
嘉兴市,正常,2006,,4.3,2007,55000,3.6,,1.194,
嘉兴市,正常,2007,55000.0,3.6,2007,55000,3.6,1.0,1.0,1.0
嘉兴市,正常,2008,,3.7,2007,55000,3.6,,1.028,
嘉兴市,正常,2009,60000.0,3.5,2007,55000,3.6,1.091,0.972,1.031
嘉兴市,正常,2010,285000.0,3.5,2007,55000,3.6,5.182,0.972,3.077
嘉兴市,正常,2011,71000.0,3.36,2007,55000,3.6,1.291,0.933,1.112
嘉兴市,正常,2012,60000.0,4.0,2007,55000,3.6,1.091,1.111,1.101
嘉兴市,正常,2013,104000.0,2.9,2007,55000,3.6,1.891,0.806,1.348
嘉兴市,正常,2014,107000.0,2.9,2007,55000,3.6,1.945,0.806,1.376
嘉兴市,正常,2015,60000.0,2.9,2007,55000,3.6,1.091,0.806,0.948
嘉兴市,正常,2016,104000.0,,2007,55000,3.6,1.891,,
嘉兴市,正常,2017,115000.0,,2007,55000,3.6,2.091,,
嘉兴市,正常,2018,110000.0,,2007,55000,3.6,2.0,,
嘉兴市,正常,2019,159000.0,,2007,55000,3.6,2.891,,
嘉兴市,正常,2020,160000.0,3.5,2007,55000,3.6,2.909,0.972,1.94
嘉兴市,正常,2021,500000.0,5.5,2007,55000,3.6,9.091,1.528,5.31
嘉兴市,正常,2022,146000.0,5.0,2007,55000,3.6,2.655,1.389,2.022
嘉兴市,正常,2023,146000.0,5.0,2007,55000,3.6,2.655,1.389,2.022
嘉兴市,正常,2024,147000.0,5.0,2007,55000,3.6,2.673,1.389,2.031
嘉峪关市,正常,2003,4200.0,3.85,2003,4200,3.85,1.0,1.0,1.0
嘉峪关市,正常,2004,,3.8,2003,4200,3.85,,0.987,
嘉峪关市,正常,2005,,3.3,2003,4200,3.85,,0.857,
嘉峪关市,正常,2006,,3.2,2003,4200,3.85,,0.831,
嘉峪关市,正常,2007,,3.0,2003,4200,3.85,,0.779,
嘉峪关市,正常,2008,5000.0,3.0,2003,4200,3.85,1.19,0.779,0.984
嘉峪关市,正常,2009,7554.0,2.8,2003,4200,3.85,1.799,0.727,1.263
嘉峪关市,正常,2010,25000.0,,2003,4200,3.85,5.952,,
嘉峪关市,正常,2011,8057.0,2.8,2003,4200,3.85,1.918,0.727,1.322
嘉峪关市,正常,2012,8057.0,2.8,2003,4200,3.85,1.918,0.727,1.322
嘉峪关市,正常,2013,7100.0,2.7,2003,4200,3.85,1.69,0.701,1.196
嘉峪关市,正常,2014,7500.0,2.7,2003,4200,3.85,1.786,0.701,1.244
嘉峪关市,正常,2015,13120000.0,4.5,2003,4200,3.85,3123.81,1.169,1562.49
嘉峪关市,正常,2016,8025.0,2.75,2003,4200,3.85,1.911,0.714,1.312
嘉峪关市,正常,2017,8144.0,2.8,2003,4200,3.85,1.939,0.727,1.333
嘉峪关市,正常,2018,8381.0,2.8,2003,4200,3.85,1.995,0.727,1.361
嘉峪关市,正常,2019,40599.0,2.9,2003,4200,3.85,9.666,0.753,5.21
嘉峪关市,正常,2020,40599.0,2.9,2003,4200,3.85,9.666,0.753,5.21
嘉峪关市,正常,2021,39400.0,2.9,2003,4200,3.85,9.381,0.753,5.067
嘉峪关市,正常,2022,6000.0,2.87,2003,4200,3.85,1.429,0.745,1.087
嘉峪关市,正常,2023,6000.0,2.87,2003,4200,3.85,1.429,0.745,1.087
嘉峪关市,正常,2024,6583.0,,2003,4200,3.85,1.567,,
四平市,正常,2003,,5.0,2004,42000,4.0,,1.25,
四平市,正常,2004,42000.0,4.0,2004,42000,4.0,1.0,1.0,1.0
四平市,正常,2005,52000.0,4.7,2004,42000,4.0,1.238,1.175,1.207
四平市,正常,2006,49000.0,4.5,2004,42000,4.0,1.167,1.125,1.146
四平市,正常,2007,,4.5,2004,42000,4.0,,1.125,
四平市,正常,2008,54000.0,4.0,2004,42000,4.0,1.286,1.0,1.143
四平市,正常,2009,59000.0,4.0,2004,42000,4.0,1.405,1.0,1.203
四平市,正常,2010,57600.0,4.0,2004,42000,4.0,1.371,1.0,1.186
四平市,正常,2011,64000.0,,2004,42000,4.0,1.524,,
四平市,正常,2012,64000.0,3.8,2004,42000,4.0,1.524,0.95,1.237
四平市,正常,2013,63000.0,3.7,2004,42000,4.0,1.5,0.925,1.212
四平市,正常,2014,42400.0,4.0,2004,42000,4.0,1.01,1.0,1.005
四平市,正常,2015,41500.0,3.68,2004,42000,4.0,0.988,0.92,0.954
四平市,正常,2016,188000.0,3.6,2004,42000,4.0,4.476,0.9,2.688
四平市,正常,2017,40000.0,3.6,2004,42000,4.0,0.952,0.9,0.926
四平市,正常,2018,36000.0,4.5,2004,42000,4.0,0.857,1.125,0.991
四平市,正常,2019,30000.0,,2004,42000,4.0,0.714,,
四平市,正常,2020,27000.0,4.5,2004,42000,4.0,0.643,1.125,0.884
四平市,正常,2021,20099.0,3.36,2004,42000,4.0,0.479,0.84,0.66
四平市,正常,2022,19293.0,3.1,2004,42000,4.0,0.459,0.775,0.617
四平市,正常,2023,20400.0,,2004,42000,4.0,0.486,,
四平市,正常,2024,17000.0,,2004,42000,4.0,0.405,,
固原市,空文件,2003,,,2005,23000,4.4,,,
固原市,空文件,2004,,,2005,23000,4.4,,,
固原市,正常,2005,23000.0,4.4,2005,23000,4.4,1.0,1.0,1.0
固原市,空文件,2006,,,2005,23000,4.4,,,
固原市,空文件,2007,,,2005,23000,4.4,,,
固原市,正常,2008,6000.0,4.4,2005,23000,4.4,0.261,1.0,0.631
固原市,空文件,2009,,,2005,23000,4.4,,,
固原市,正常,2010,11606.0,4.2,2005,23000,4.4,0.505,0.955,0.73
固原市,正常,2011,8333.0,4.18,2005,23000,4.4,0.362,0.95,0.656
固原市,正常,2012,41400.0,4.3,2005,23000,4.4,1.8,0.977,1.388
固原市,正常,2013,,3.97,2005,23000,4.4,,0.902,
固原市,正常,2014,7513.0,3.87,2005,23000,4.4,0.327,0.88,0.604
固原市,正常,2015,7613.0,3.71,2005,23000,4.4,0.331,0.843,0.587
固原市,正常,2016,10000.0,,2005,23000,4.4,0.435,,
固原市,正常,2017,10045.0,,2005,23000,4.4,0.437,,
固原市,正常,2018,8982.0,3.69,2005,23000,4.4,0.391,0.839,0.615
固原市,正常,2019,9313.0,3.58,2005,23000,4.4,0.405,0.814,0.609
固原市,正常,2020,37000.0,3.53,2005,23000,4.4,1.609,0.802,1.206
固原市,正常,2021,44000.0,4.6,2005,23000,4.4,1.913,1.045,1.479
固原市,正常,2022,9407.0,5.5,2005,23000,4.4,0.409,1.25,0.83
固原市,正常,2023,9499.0,5.5,2005,23000,4.4,0.413,1.25,0.832
固原市,正常,2024,8530.0,5.2,2005,23000,4.4,0.371,1.182,0.776
大同市,正常,2003,,4.5,2009,50000,4.2,,1.071,
大同市,正常,2004,,4.0,2009,50000,4.2,,0.952,
大同市,正常,2005,,4.5,2009,50000,4.2,,1.071,
大同市,正常,2006,,3.9,2009,50000,4.2,,0.929,
大同市,正常,2007,,4.0,2009,50000,4.2,,0.952,
大同市,正常,2008,,4.0,2009,50000,4.2,,0.952,
大同市,正常,2009,50000.0,4.2,2009,50000,4.2,1.0,1.0,1.0
大同市,正常,2010,,3.5,2009,50000,4.2,,0.833,
大同市,正常,2011,,4.2,2009,50000,4.2,,1.0,
大同市,正常,2012,54400.0,2.9,2009,50000,4.2,1.088,0.69,0.889
大同市,正常,2013,56700.0,2.8,2009,50000,4.2,1.134,0.667,0.9
大同市,正常,2014,56000.0,3.0,2009,50000,4.2,1.12,0.714,0.917
大同市,正常,2015,56000.0,4.2,2009,50000,4.2,1.12,1.0,1.06
大同市,正常,2016,42800.0,,2009,50000,4.2,0.856,,
大同市,正常,2017,44800.0,,2009,50000,4.2,0.896,,
大同市,正常,2018,,,2009,50000,4.2,,,
大同市,正常,2019,50800.0,4.5,2009,50000,4.2,1.016,1.071,1.043
大同市,正常,2020,46700.0,4.5,2009,50000,4.2,0.934,1.071,1.002
大同市,正常,2021,42000.0,5.5,2009,50000,4.2,0.84,1.31,1.075
大同市,正常,2022,52100.0,5.0,2009,50000,4.2,1.042,1.19,1.116
大同市,正常,2023,12440000.0,5.5,2009,50000,4.2,248.8,1.31,125.055
大同市,正常,2024,52699.0,,2009,50000,4.2,1.054,,
大庆市,正常,2003,,5.0,2004,35000,4.4,,1.136,
大庆市,正常,2004,35000.0,4.4,2004,35000,4.4,1.0,1.0,1.0
大庆市,正常,2005,38000.0,4.5,2004,35000,4.4,1.086,1.023,1.054
大庆市,正常,2006,31000.0,4.5,2004,35000,4.4,0.886,1.023,0.954
大庆市,正常,2007,34000.0,4.0,2004,35000,4.4,0.971,0.909,0.94
大庆市,正常,2008,37000.0,4.2,2004,35000,4.4,1.057,0.955,1.006
大庆市,正常,2009,,4.1,2004,35000,4.4,,0.932,
大庆市,正常,2010,218000.0,4.0,2004,35000,4.4,6.229,0.909,3.569
大庆市,正常,2011,,4.5,2004,35000,4.4,,1.023,
大庆市,正常,2012,44000.0,,2004,35000,4.4,1.257,,
大庆市,正常,2013,,4.5,2004,35000,4.4,,1.023,
大庆市,正常,2014,40000.0,4.2,2004,35000,4.4,1.143,0.955,1.049
大庆市,正常,2015,,4.1,2004,35000,4.4,,0.932,
大庆市,正常,2016,38000.0,4.5,2004,35000,4.4,1.086,1.023,1.054
大庆市,正常,2017,37700.0,,2004,35000,4.4,1.077,,
大庆市,正常,2018,,3.76,2004,35000,4.4,,0.855,
大庆市,正常,2019,,3.2,2004,35000,4.4,,0.727,
大庆市,正常,2020,,,2004,35000,4.4,,,
大庆市,正常,2021,,3.02,2004,35000,4.4,,0.686,
大庆市,正常,2022,44000.0,6.0,2004,35000,4.4,1.257,1.364,1.31
大庆市,正常,2023,,5.1,2004,35000,4.4,,1.159,
大庆市,正常,2024,33000.0,,2004,35000,4.4,0.943,,
大连市,正常,2003,,4.5,2010,800000,2.7,,1.667,
大连市,正常,2004,,4.4,2010,800000,2.7,,1.63,
大连市,正常,2005,,4.0,2010,800000,2.7,,1.481,
大连市,正常,2006,,3.5,2010,800000,2.7,,1.296,
大连市,正常,2007,,3.0,2010,800000,2.7,,1.111,
大连市,正常,2008,,2.4,2010,800000,2.7,,0.889,
大连市,正常,2009,,2.8,2010,800000,2.7,,1.037,
大连市,正常,2010,800000.0,2.7,2010,800000,2.7,1.0,1.0,1.0
大连市,正常,2011,,2.89,2010,800000,2.7,,1.07,
大连市,正常,2012,875000.0,3.0,2010,800000,2.7,1.094,1.111,1.102
大连市,正常,2013,233000.0,2.61,2010,800000,2.7,0.291,0.967,0.629
大连市,正常,2014,,2.65,2010,800000,2.7,,0.981,
大连市,正常,2015,80000.0,2.93,2010,800000,2.7,0.1,1.085,0.592
大连市,正常,2016,102000.0,2.91,2010,800000,2.7,0.128,1.078,0.603
大连市,正常,2017,100000.0,2.4,2010,800000,2.7,0.125,0.889,0.507
大连市,正常,2018,116000.0,2.58,2010,800000,2.7,0.145,0.956,0.55
大连市,正常,2019,116000.0,2.65,2010,800000,2.7,0.145,0.981,0.563
大连市,正常,2020,115800.0,4.5,2010,800000,2.7,0.145,1.667,0.906
大连市,正常,2021,133000.0,3.24,2010,800000,2.7,0.166,1.2,0.683
大连市,正常,2022,122500.0,,2010,800000,2.7,0.153,,
大连市,正常,2023,125000.0,,2010,800000,2.7,0.156,,
大连市,正常,2024,12560000.0,5.5,2010,800000,2.7,15.7,2.037,8.868
天水市,空文件,2003,,,2004,16000,3.8,,,
天水市,正常,2004,16000.0,3.8,2004,16000,3.8,1.0,1.0,1.0
天水市,正常,2005,79400.0,3.9,2004,16000,3.8,4.962,1.026,2.994
天水市,空文件,2006,,,2004,16000,3.8,,,
天水市,正常,2007,34300.0,3.1,2004,16000,3.8,2.144,0.816,1.48
天水市,正常,2008,58000.0,2.85,2004,16000,3.8,3.625,0.75,2.188
天水市,空文件,2009,,,2004,16000,3.8,,,
天水市,正常,2010,220000.0,4.0,2004,16000,3.8,13.75,1.053,7.402
天水市,正常,2011,,,2004,16000,3.8,,,
天水市,正常,2012,57400.0,3.19,2004,16000,3.8,3.588,0.839,2.214
天水市,正常,2013,61600.0,3.06,2004,16000,3.8,3.85,0.805,2.328
天水市,正常,2014,66600.0,3.2,2004,16000,3.8,4.162,0.842,2.502
天水市,正常,2015,336200.0,3.1,2004,16000,3.8,21.012,0.816,10.914
天水市,正常,2016,336200.0,4.0,2004,16000,3.8,21.012,1.053,11.032
天水市,正常,2017,54600.0,3.12,2004,16000,3.8,3.412,0.821,2.116
天水市,正常,2018,54700.0,3.2,2004,16000,3.8,3.419,0.842,2.13
天水市,正常,2019,50000.0,2.83,2004,16000,3.8,3.125,0.745,1.935
天水市,正常,2020,290000.0,4.0,2004,16000,3.8,18.125,1.053,9.589
天水市,正常,2021,255200.0,4.5,2004,16000,3.8,15.95,1.184,8.567
天水市,正常,2022,41000.0,4.5,2004,16000,3.8,2.562,1.184,1.873
天水市,正常,2023,41400.0,,2004,16000,3.8,2.588,,
天水市,正常,2024,39500.0,,2004,16000,3.8,2.469,,
太原市,正常,2003,,3.5,2004,142000,3.4,,1.029,
太原市,正常,2004,142000.0,3.4,2004,142000,3.4,1.0,1.0,1.0
太原市,正常,2005,,4.0,2004,142000,3.4,,1.176,
太原市,正常,2006,,3.6,2004,142000,3.4,,1.059,
太原市,正常,2007,140000.0,3.57,2004,142000,3.4,0.986,1.05,1.018
太原市,正常,2008,139000.0,3.3,2004,142000,3.4,0.979,0.971,0.975
太原市,正常,2009,118000.0,3.41,2004,142000,3.4,0.831,1.003,0.917
太原市,正常,2010,95000.0,4.0,2004,142000,3.4,0.669,1.176,0.922
太原市,正常,2011,113000.0,3.0,2004,142000,3.4,0.796,0.882,0.839
太原市,正常,2012,112000.0,3.38,2004,142000,3.4,0.789,0.994,0.892
太原市,正常,2013,107000.0,3.35,2004,142000,3.4,0.754,0.985,0.869
太原市,正常,2014,105500.0,3.4,2004,142000,3.4,0.743,1.0,0.871
太原市,正常,2015,105000.0,4.0,2004,142000,3.4,0.739,1.176,0.958
太原市,正常,2016,,4.0,2004,142000,3.4,,1.176,
太原市,正常,2017,,3.41,2004,142000,3.4,,1.003,
太原市,正常,2018,95000.0,3.33,2004,142000,3.4,0.669,0.979,0.824
太原市,正常,2019,99300.0,3.17,2004,142000,3.4,0.699,0.932,0.816
太原市,正常,2020,85000.0,4.5,2004,142000,3.4,0.599,1.324,0.962
太原市,正常,2021,400000.0,,2004,142000,3.4,2.817,,
太原市,正常,2022,81199.0,,2004,142000,3.4,0.572,,
太原市,正常,2023,85800.0,,2004,142000,3.4,0.604,,
太原市,正常,2024,89000.0,,2004,142000,3.4,0.627,,
威海市,正常,2003,46000.0,1.7,2003,46000,1.7,1.0,1.0,1.0
威海市,正常,2004,48000.0,1.7,2003,46000,1.7,1.043,1.0,1.022
威海市,正常,2005,50000.0,3.0,2003,46000,1.7,1.087,1.765,1.426
威海市,正常,2006,50000.0,1.6,2003,46000,1.7,1.087,0.941,1.014
威海市,正常,2007,45000.0,1.6,2003,46000,1.7,0.978,0.941,0.96
威海市,正常,2008,35000.0,2.0,2003,46000,1.7,0.761,1.176,0.968
威海市,正常,2009,47000.0,2.0,2003,46000,1.7,1.022,1.176,1.099
威海市,正常,2010,220000.0,,2003,46000,1.7,4.783,,
威海市,正常,2011,206000.0,1.6,2003,46000,1.7,4.478,0.941,2.71
威海市,正常,2012,33000.0,2.0,2003,46000,1.7,0.717,1.176,0.946
威海市,正常,2013,44000.0,1.52,2003,46000,1.7,0.957,0.894,0.926
威海市,正常,2014,45000.0,2.0,2003,46000,1.7,0.978,1.176,1.077
威海市,正常,2015,33000.0,2.0,2003,46000,1.7,0.717,1.176,0.946
威海市,正常,2016,35000.0,2.0,2003,46000,1.7,0.761,1.176,0.968
威海市,正常,2017,33000.0,1.65,2003,46000,1.7,0.717,0.971,0.844
威海市,正常,2018,41000.0,1.81,2003,46000,1.7,0.891,1.065,0.978
威海市,正常,2019,39000.0,1.8,2003,46000,1.7,0.848,1.059,0.954
威海市,正常,2020,34000.0,2.39,2003,46000,1.7,0.739,1.406,1.072
威海市,正常,2021,190000.0,2.27,2003,46000,1.7,4.13,1.335,2.732
威海市,正常,2022,36000.0,,2003,46000,1.7,0.783,,
威海市,正常,2023,39000.0,,2003,46000,1.7,0.848,,
威海市,正常,2024,39000.0,,2003,46000,1.7,0.848,,
娄底市,空文件,2003,,,2007,31200,4.5,,,
娄底市,正常,2004,34000.0,,2007,31200,4.5,1.09,,
娄底市,正常,2005,30000.0,,2007,31200,4.5,0.962,,
娄底市,正常,2006,30000.0,,2007,31200,4.5,0.962,,
娄底市,正常,2007,31200.0,4.5,2007,31200,4.5,1.0,1.0,1.0
娄底市,正常,2008,157600.0,4.8,2007,31200,4.5,5.051,1.067,3.059
娄底市,正常,2009,29000.0,4.5,2007,31200,4.5,0.929,1.0,0.964
娄底市,正常,2010,33000.0,4.5,2007,31200,4.5,1.058,1.0,1.029
娄底市,正常,2011,30000.0,4.5,2007,31200,4.5,0.962,1.0,0.981
娄底市,正常,2012,30000.0,4.5,2007,31200,4.5,0.962,1.0,0.981
娄底市,正常,2013,40300.0,4.3,2007,31200,4.5,1.292,0.956,1.124
娄底市,正常,2014,41200.0,4.3,2007,31200,4.5,1.321,0.956,1.138
娄底市,正常,2015,193299.0,4.6,2007,31200,4.5,6.195,1.022,3.609
娄底市,正常,2016,159000.0,4.19,2007,31200,4.5,5.096,0.931,3.014
娄底市,正常,2017,36000.0,,2007,31200,4.5,1.154,,
娄底市,正常,2018,38400.0,3.0,2007,31200,4.5,1.231,0.667,0.949
娄底市,正常,2019,37700.0,3.15,2007,31200,4.5,1.208,0.7,0.954
娄底市,正常,2020,187000.0,,2007,31200,4.5,5.994,,
娄底市,正常,2021,184000.0,4.5,2007,31200,4.5,5.897,1.0,3.448
娄底市,正常,2022,34400.0,5.5,2007,31200,4.5,1.103,1.222,1.162
娄底市,正常,2023,33400.0,,2007,31200,4.5,1.071,,
娄底市,正常,2024,36800.0,,2007,31200,4.5,1.179,,
孝感市,空文件,2003,,,2006,157000,4.5,,,
孝感市,正常,2004,,,2006,157000,4.5,,,
孝感市,空文件,2005,,,2006,157000,4.5,,,
孝感市,正常,2006,157000.0,4.5,2006,157000,4.5,1.0,1.0,1.0
孝感市,正常,2007,62000.0,4.5,2006,157000,4.5,0.395,1.0,0.698
孝感市,正常,2008,,4.6,2006,157000,4.5,,1.022,
孝感市,正常,2009,,,2006,157000,4.5,,,
孝感市,正常,2010,,,2006,157000,4.5,,,
孝感市,正常,2011,310000.0,4.5,2006,157000,4.5,1.975,1.0,1.488
孝感市,正常,2012,55000.0,4.5,2006,157000,4.5,0.35,1.0,0.675
孝感市,正常,2013,54000.0,,2006,157000,4.5,0.344,,
孝感市,正常,2014,63000.0,,2006,157000,4.5,0.401,,
孝感市,正常,2015,274000.0,,2006,157000,4.5,1.745,,
孝感市,正常,2016,367000.0,,2006,157000,4.5,2.338,,
孝感市,正常,2017,64322.0,3.76,2006,157000,4.5,0.41,0.836,0.623
孝感市,正常,2018,65120.0,4.5,2006,157000,4.5,0.415,1.0,0.708
孝感市,正常,2019,75400.0,3.1,2006,157000,4.5,0.48,0.689,0.584
孝感市,正常,2020,340000.0,4.5,2006,157000,4.5,2.166,1.0,1.583
孝感市,正常,2021,30000.0,,2006,157000,4.5,0.191,,
孝感市,正常,2022,59000.0,,2006,157000,4.5,0.376,,
孝感市,正常,2023,58000.0,,2006,157000,4.5,0.369,,
孝感市,正常,2024,79000.0,,2006,157000,4.5,0.503,,
宁德市,正常,2003,,4.3,2004,26000,4.3,,1.0,
宁德市,正常,2004,26000.0,4.3,2004,26000,4.3,1.0,1.0,1.0
宁德市,正常,2005,31900.0,4.3,2004,26000,4.3,1.227,1.0,1.114
宁德市,正常,2006,156000.0,4.2,2004,26000,4.3,6.0,0.977,3.488
宁德市,正常,2007,25000.0,4.0,2004,26000,4.3,0.962,0.93,0.946
宁德市,正常,2008,24900.0,3.77,2004,26000,4.3,0.958,0.877,0.918
宁德市,正常,2009,25099.0,4.0,2004,26000,4.3,0.965,0.93,0.948
宁德市,正常,2010,26000.0,3.0,2004,26000,4.3,1.0,0.698,0.849
宁德市,正常,2011,,2.39,2004,26000,4.3,,0.556,
宁德市,正常,2012,25800.0,2.04,2004,26000,4.3,0.992,0.474,0.733
宁德市,正常,2013,30099.0,1.82,2004,26000,4.3,1.158,0.423,0.79
宁德市,正常,2014,32400.0,1.58,2004,26000,4.3,1.246,0.367,0.806
宁德市,正常,2015,33900.0,2.62,2004,26000,4.3,1.304,0.609,0.956
宁德市,正常,2016,31400.0,2.79,2004,26000,4.3,1.208,0.649,0.928
宁德市,正常,2017,30900.0,2.73,2004,26000,4.3,1.188,0.635,0.912
宁德市,正常,2018,25299.0,2.72,2004,26000,4.3,0.973,0.633,0.803
宁德市,正常,2019,31600.0,2.72,2004,26000,4.3,1.215,0.633,0.924
宁德市,正常,2020,36500.0,3.9,2004,26000,4.3,1.404,0.907,1.156
宁德市,正常,2021,37000.0,4.1,2004,26000,4.3,1.423,0.953,1.188
宁德市,正常,2022,39800.0,,2004,26000,4.3,1.531,,
宁德市,正常,2023,34000.0,,2004,26000,4.3,1.308,,
宁德市,正常,2024,35000.0,,2004,26000,4.3,1.346,,
宁波市,正常,2003,,4.0,2006,600000,4.5,,0.889,
宁波市,正常,2004,,3.8,2006,600000,4.5,,0.844,
宁波市,正常,2005,,4.1,2006,600000,4.5,,0.911,
宁波市,正常,2006,600000.0,4.5,2006,600000,4.5,1.0,1.0,1.0
宁波市,正常,2007,,3.2,2006,600000,4.5,,0.711,
宁波市,正常,2008,,3.3,2006,600000,4.5,,0.733,
宁波市,正常,2009,142000.0,3.16,2006,600000,4.5,0.237,0.702,0.47
宁波市,正常,2010,677000.0,3.0,2006,600000,4.5,1.128,0.667,0.898
宁波市,正常,2011,696000.0,4.0,2006,600000,4.5,1.16,0.889,1.024
宁波市,正常,2012,152000.0,3.6,2006,600000,4.5,0.253,0.8,0.526
宁波市,正常,2013,161000.0,2.16,2006,600000,4.5,0.268,0.48,0.374
宁波市,正常,2014,175000.0,3.5,2006,600000,4.5,0.292,0.778,0.535
宁波市,正常,2015,178000.0,,2006,600000,4.5,0.297,,
宁波市,正常,2016,855000.0,3.6,2006,600000,4.5,1.425,0.8,1.112
宁波市,正常,2017,185000.0,2.0,2006,600000,4.5,0.308,0.444,0.376
宁波市,正常,2018,232000.0,1.79,2006,600000,4.5,0.387,0.398,0.392
宁波市,正常,2019,254000.0,1.61,2006,600000,4.5,0.423,0.358,0.39
宁波市,正常,2020,209000.0,2.22,2006,600000,4.5,0.348,0.493,0.42
宁波市,正常,2021,1234000.0,3.5,2006,600000,4.5,2.057,0.778,1.418
宁波市,正常,2022,240000.0,3.5,2006,600000,4.5,0.4,0.778,0.589
宁波市,正常,2023,260000.0,3.5,2006,600000,4.5,0.433,0.778,0.606
宁波市,正常,2024,268000.0,3.5,2006,600000,4.5,0.447,0.778,0.612
安庆市,空文件,2003,,,2009,44000,4.2,,,
安庆市,空文件,2004,,,2009,44000,4.2,,,
安庆市,空文件,2005,,,2009,44000,4.2,,,
安庆市,空文件,2006,,,2009,44000,4.2,,,
安庆市,空文件,2007,,,2009,44000,4.2,,,
安庆市,正常,2008,,4.0,2009,44000,4.2,,0.952,
安庆市,正常,2009,44000.0,4.2,2009,44000,4.2,1.0,1.0,1.0
安庆市,正常,2010,55100.0,4.5,2009,44000,4.2,1.252,1.071,1.162
安庆市,正常,2011,51800.0,4.2,2009,44000,4.2,1.177,1.0,1.088
安庆市,正常,2012,220000.0,4.2,2009,44000,4.2,5.0,1.0,3.0
安庆市,正常,2013,96000.0,4.2,2009,44000,4.2,2.182,1.0,1.591
安庆市,正常,2014,90000.0,4.2,2009,44000,4.2,2.045,1.0,1.522
安庆市,正常,2015,242000.0,4.2,2009,44000,4.2,5.5,1.0,3.25
安庆市,正常,2016,61000.0,3.4,2009,44000,4.2,1.386,0.81,1.098
安庆市,正常,2017,46000.0,5.0,2009,44000,4.2,1.045,1.19,1.118
安庆市,正常,2018,80000.0,5.0,2009,44000,4.2,1.818,1.19,1.504
安庆市,正常,2019,69000.0,5.5,2009,44000,4.2,1.568,1.31,1.439
安庆市,正常,2020,67000.0,4.5,2009,44000,4.2,1.523,1.071,1.297
安庆市,正常,2021,76900.0,,2009,44000,4.2,1.748,,
安庆市,正常,2022,86000.0,,2009,44000,4.2,1.955,,
安庆市,正常,2023,6914.0,,2009,44000,4.2,0.157,,
安庆市,正常,2024,40000.0,,2009,44000,4.2,0.909,,
安康市,空文件,2003,,,2004,9813,4.0,,,
安康市,正常,2004,9813.0,4.0,2004,9813,4.0,1.0,1.0,1.0
安康市,正常,2005,40000.0,4.2,2004,9813,4.0,4.076,1.05,2.563
安康市,正常,2006,,4.5,2004,9813,4.0,,1.125,
安康市,正常,2007,12929.0,,2004,9813,4.0,1.318,,
安康市,正常,2008,13000.0,4.5,2004,9813,4.0,1.325,1.125,1.225
安康市,正常,2009,15300.0,4.5,2004,9813,4.0,1.559,1.125,1.342
安康市,正常,2010,69000.0,4.3,2004,9813,4.0,7.031,1.075,4.053
安康市,正常,2011,15000.0,3.24,2004,9813,4.0,1.529,0.81,1.17
安康市,正常,2012,15800.0,3.25,2004,9813,4.0,1.61,0.812,1.211
安康市,正常,2013,17500.0,4.4,2004,9813,4.0,1.783,1.1,1.442
安康市,正常,2014,16000.0,,2004,9813,4.0,1.63,,
安康市,正常,2015,19600.0,,2004,9813,4.0,1.997,,
安康市,正常,2016,20000.0,,2004,9813,4.0,2.038,,
安康市,正常,2017,20000.0,3.9,2004,9813,4.0,2.038,0.975,1.506
安康市,正常,2018,13610000.0,5.5,2004,9813,4.0,1386.936,1.375,694.156
安康市,正常,2019,19400.0,,2004,9813,4.0,1.977,,
安康市,正常,2020,102000.0,3.6,2004,9813,4.0,10.394,0.9,5.647
安康市,正常,2021,21000.0,,2004,9813,4.0,2.14,,
安康市,正常,2022,20200.0,5.5,2004,9813,4.0,2.058,1.375,1.716
安康市,正常,2023,12440000.0,5.5,2004,9813,4.0,1267.706,1.375,634.54
安康市,正常,2024,22000.0,,2004,9813,4.0,2.242,,
安阳市,正常,2003,,4.5,2004,103000,4.0,,1.125,
安阳市,正常,2004,103000.0,4.0,2004,103000,4.0,1.0,1.0,1.0
安阳市,正常,2005,103000.0,4.0,2004,103000,4.0,1.0,1.0,1.0
安阳市,正常,2006,125000.0,4.5,2004,103000,4.0,1.214,1.125,1.17
安阳市,正常,2007,123000.0,4.5,2004,103000,4.0,1.194,1.125,1.16
安阳市,正常,2008,540000.0,4.6,2004,103000,4.0,5.243,1.15,3.197
安阳市,正常,2009,100000.0,4.5,2004,103000,4.0,0.971,1.125,1.048
安阳市,正常,2010,90000.0,4.5,2004,103000,4.0,0.874,1.125,1.0
安阳市,正常,2011,117000.0,4.5,2004,103000,4.0,1.136,1.125,1.13
安阳市,正常,2012,83000.0,4.5,2004,103000,4.0,0.806,1.125,0.966
安阳市,正常,2013,473000.0,,2004,103000,4.0,4.592,,
安阳市,正常,2014,78000.0,,2004,103000,4.0,0.757,,
安阳市,正常,2015,82000.0,,2004,103000,4.0,0.796,,
安阳市,正常,2016,82899.0,,2004,103000,4.0,0.805,,
安阳市,正常,2017,330000.0,4.5,2004,103000,4.0,3.204,1.125,2.165
安阳市,正常,2018,84500.0,3.0,2004,103000,4.0,0.82,0.75,0.785
安阳市,正常,2019,85500.0,3.6,2004,103000,4.0,0.83,0.9,0.865
安阳市,正常,2020,71269.0,,2004,103000,4.0,0.692,,
安阳市,正常,2021,76900.0,5.5,2004,103000,4.0,0.747,1.375,1.061
安阳市,正常,2022,84000.0,5.5,2004,103000,4.0,0.816,1.375,1.096
安阳市,正常,2023,79000.0,5.5,2004,103000,4.0,0.767,1.375,1.071
安阳市,正常,2024,18000.0,,2004,103000,4.0,0.175,,
安顺市,正常,2003,,4.5,2004,12276,4.4,,1.023,
安顺市,正常,2004,12276.0,4.4,2004,12276,4.4,1.0,1.0,1.0
安顺市,正常,2005,46500.0,4.6,2004,12276,4.4,3.788,1.045,2.416
安顺市,正常,2006,77400.0,4.4,2004,12276,4.4,6.305,1.0,3.652
安顺市,正常,2007,12000.0,4.36,2004,12276,4.4,0.978,0.991,0.984
安顺市,正常,2008,14200.0,4.2,2004,12276,4.4,1.157,0.955,1.056
安顺市,正常,2009,15700.0,4.09,2004,12276,4.4,1.279,0.93,1.104
安顺市,正常,2010,75300.0,4.5,2004,12276,4.4,6.134,1.023,3.578
安顺市,正常,2011,97000.0,4.5,2004,12276,4.4,7.902,1.023,4.462
安顺市,正常,2012,31700.0,3.2,2004,12276,4.4,2.582,0.727,1.654
安顺市,正常,2013,91578.0,4.2,2004,12276,4.4,7.46,0.955,4.208
安顺市,正常,2014,46000.0,3.14,2004,12276,4.4,3.747,0.714,2.23
安顺市,正常,2015,183700.0,4.2,2004,12276,4.4,14.964,0.955,7.96
安顺市,正常,2016,52500.0,4.2,2004,12276,4.4,4.277,0.955,2.616
安顺市,正常,2017,65000.0,3.1,2004,12276,4.4,5.295,0.705,3.0
安顺市,正常,2018,65000.0,3.2,2004,12276,4.4,5.295,0.727,3.011
安顺市,正常,2019,64000.0,3.2,2004,12276,4.4,5.213,0.727,2.97
安顺市,正常,2020,253400.0,4.2,2004,12276,4.4,20.642,0.955,10.798
安顺市,正常,2021,243500.0,5.5,2004,12276,4.4,19.835,1.25,10.542
安顺市,正常,2022,43000.0,5.5,2004,12276,4.4,3.503,1.25,2.376
安顺市,正常,2023,44500.0,5.5,2004,12276,4.4,3.625,1.25,2.438
安顺市,正常,2024,46000.0,5.5,2004,12276,4.4,3.747,1.25,2.498
定西市,空文件,2003,,,2009,12992,4.19,,,
定西市,空文件,2004,,,2009,12992,4.19,,,
定西市,空文件,2005,,,2009,12992,4.19,,,
定西市,空文件,2006,,,2009,12992,4.19,,,
定西市,空文件,2007,,,2009,12992,4.19,,,
定西市,空文件,2008,,,2009,12992,4.19,,,
定西市,正常,2009,12992.0,4.19,2009,12992,4.19,1.0,1.0,1.0
定西市,正常,2010,63600.0,4.0,2009,12992,4.19,4.895,0.955,2.925
定西市,正常,2011,63600.0,4.0,2009,12992,4.19,4.895,0.955,2.925
定西市,正常,2012,16299.0,3.71,2009,12992,4.19,1.255,0.885,1.07
定西市,正常,2013,27000.0,4.0,2009,12992,4.19,2.078,0.955,1.516
定西市,正常,2014,30800.0,3.17,2009,12992,4.19,2.371,0.757,1.564
定西市,正常,2015,149700.0,4.0,2009,12992,4.19,11.522,0.955,6.238
定西市,正常,2016,149700.0,4.0,2009,12992,4.19,11.522,0.955,6.238
定西市,正常,2017,28000.0,4.0,2009,12992,4.19,2.155,0.955,1.555
定西市,正常,2018,20000.0,3.3,2009,12992,4.19,1.539,0.788,1.164
定西市,正常,2019,18000.0,4.0,2009,12992,4.19,1.385,0.955,1.17
定西市,正常,2020,17000.0,6.0,2009,12992,4.19,1.308,1.432,1.37
定西市,正常,2021,118000.0,4.0,2009,12992,4.19,9.083,0.955,5.019
定西市,正常,2022,1833000.0,5.5,2009,12992,4.19,141.087,1.313,71.2
定西市,正常,2023,320100.0,5.5,2009,12992,4.19,24.638,1.313,12.976
定西市,正常,2024,16000.0,,2009,12992,4.19,1.232,,
宜宾市,正常,2003,30099.0,4.5,2003,30099,4.5,1.0,1.0,1.0
宜宾市,正常,2004,29200.0,4.57,2003,30099,4.5,0.97,1.016,0.993
宜宾市,正常,2005,49800.0,4.69,2003,30099,4.5,1.655,1.042,1.348
宜宾市,正常,2006,176100.0,4.16,2003,30099,4.5,5.851,0.924,3.388
宜宾市,正常,2007,49600.0,4.08,2003,30099,4.5,1.648,0.907,1.277
宜宾市,正常,2008,60700.0,4.02,2003,30099,4.5,2.017,0.893,1.455
宜宾市,正常,2009,61300.0,3.75,2003,30099,4.5,2.037,0.833,1.435
宜宾市,正常,2010,279000.0,4.5,2003,30099,4.5,9.269,1.0,5.134
宜宾市,正常,2011,280000.0,3.8,2003,30099,4.5,9.303,0.844,5.074
宜宾市,正常,2012,63600.0,3.68,2003,30099,4.5,2.113,0.818,1.466
宜宾市,正常,2013,63000.0,3.7,2003,30099,4.5,2.093,0.822,1.458
宜宾市,正常,2014,68700.0,3.8,2003,30099,4.5,2.282,0.844,1.563
宜宾市,正常,2015,324000.0,4.0,2003,30099,4.5,10.764,0.889,5.826
宜宾市,正常,2016,325000.0,4.0,2003,30099,4.5,10.798,0.889,5.844
宜宾市,正常,2017,73300.0,3.9,2003,30099,4.5,2.435,0.867,1.651
宜宾市,正常,2018,86000.0,3.4,2003,30099,4.5,2.857,0.756,1.807
宜宾市,正常,2019,74000.0,3.4,2003,30099,4.5,2.459,0.756,1.608
宜宾市,正常,2020,309600.0,4.2,2003,30099,4.5,10.286,0.933,5.61
宜宾市,正常,2021,55000.0,3.4,2003,30099,4.5,1.827,0.756,1.292
宜宾市,正常,2022,62000.0,4.2,2003,30099,4.5,2.06,0.933,1.497
宜宾市,正常,2023,72000.0,4.2,2003,30099,4.5,2.392,0.933,1.662
宜宾市,正常,2024,70000.0,,2003,30099,4.5,2.326,,
宜昌市,空文件,2003,,,2006,337000,4.3,,,
宜昌市,正常,2004,63500.0,,2006,337000,4.3,0.188,,
宜昌市,正常,2005,,,2006,337000,4.3,,,
宜昌市,正常,2006,337000.0,4.3,2006,337000,4.3,1.0,1.0,1.0
宜昌市,正常,2007,,,2006,337000,4.3,,,
宜昌市,正常,2008,84000.0,4.5,2006,337000,4.3,0.249,1.047,0.648
宜昌市,正常,2009,82000.0,,2006,337000,4.3,0.243,,
宜昌市,正常,2010,94000.0,4.2,2006,337000,4.3,0.279,0.977,0.628
宜昌市,正常,2011,460000.0,4.3,2006,337000,4.3,1.365,1.0,1.182
宜昌市,正常,2012,100000.0,4.2,2006,337000,4.3,0.297,0.977,0.637
宜昌市,正常,2013,103000.0,4.2,2006,337000,4.3,0.306,0.977,0.642
宜昌市,正常,2014,110000.0,4.2,2006,337000,4.3,0.326,0.977,0.652
宜昌市,正常,2015,560000.0,3.1,2006,337000,4.3,1.662,0.721,1.192
宜昌市,正常,2016,570000.0,3.03,2006,337000,4.3,1.691,0.705,1.198
宜昌市,正常,2017,106000.0,2.06,2006,337000,4.3,0.315,0.479,0.397
宜昌市,正常,2018,97000.0,,2006,337000,4.3,0.288,,
宜昌市,正常,2019,75400.0,3.1,2006,337000,4.3,0.224,0.721,0.472
宜昌市,正常,2020,66000.0,3.47,2006,337000,4.3,0.196,0.807,0.502
宜昌市,正常,2021,73000.0,,2006,337000,4.3,0.217,,
宜昌市,正常,2022,100000.0,,2006,337000,4.3,0.297,,
宜昌市,正常,2023,95000.0,,2006,337000,4.3,0.282,,
宜昌市,正常,2024,,,2006,337000,4.3,,,
宜春市,正常,2003,20000.0,3.6,2003,20000,3.6,1.0,1.0,1.0
宜春市,正常,2004,43000.0,3.5,2003,20000,3.6,2.15,0.972,1.561
宜春市,正常,2005,44000.0,4.5,2003,20000,3.6,2.2,1.25,1.725
宜春市,正常,2006,45199.0,3.9,2003,20000,3.6,2.26,1.083,1.672
宜春市,正常,2007,63300.0,4.2,2003,20000,3.6,3.165,1.167,2.166
宜春市,正常,2008,102000.0,3.2,2003,20000,3.6,5.1,0.889,2.994
宜春市,正常,2009,89800.0,4.5,2003,20000,3.6,4.49,1.25,2.87
宜春市,正常,2010,,4.5,2003,20000,3.6,,1.25,
宜春市,正常,2011,,4.5,2003,20000,3.6,,1.25,
宜春市,正常,2012,65000.0,4.5,2003,20000,3.6,3.25,1.25,2.25
宜春市,正常,2013,58000.0,4.5,2003,20000,3.6,2.9,1.25,2.075
宜春市,正常,2014,56000.0,4.5,2003,20000,3.6,2.8,1.25,2.025
宜春市,正常,2015,59000.0,4.5,2003,20000,3.6,2.95,1.25,2.1
宜春市,正常,2016,58000.0,3.0,2003,20000,3.6,2.9,0.833,1.866
宜春市,正常,2017,58000.0,3.0,2003,20000,3.6,2.9,0.833,1.866
宜春市,正常,2018,58099.0,3.03,2003,20000,3.6,2.905,0.842,1.874
宜春市,正常,2019,54500.0,2.9,2003,20000,3.6,2.725,0.806,1.766
宜春市,正常,2020,51000.0,4.5,2003,20000,3.6,2.55,1.25,1.9
宜春市,正常,2021,44000.0,3.05,2003,20000,3.6,2.2,0.847,1.524
宜春市,正常,2022,42000.0,,2003,20000,3.6,2.1,,
宜春市,正常,2023,46800.0,,2003,20000,3.6,2.34,,
宜春市,正常,2024,47000.0,,2003,20000,3.6,2.35,,
宝鸡市,空文件,2003,,,2007,228000,4.0,,,
宝鸡市,空文件,2004,,,2007,228000,4.0,,,
宝鸡市,空文件,2005,,,2007,228000,4.0,,,
宝鸡市,空文件,2006,,,2007,228000,4.0,,,
宝鸡市,正常,2007,228000.0,4.0,2007,228000,4.0,1.0,1.0,1.0
宝鸡市,正常,2008,41000.0,4.5,2007,228000,4.0,0.18,1.125,0.652
宝鸡市,正常,2009,46000.0,4.2,2007,228000,4.0,0.202,1.05,0.626
宝鸡市,正常,2010,50000.0,4.0,2007,228000,4.0,0.219,1.0,0.61
宝鸡市,正常,2011,219000.0,4.0,2007,228000,4.0,0.961,1.0,0.98
宝鸡市,正常,2012,58000.0,3.26,2007,228000,4.0,0.254,0.815,0.534
宝鸡市,正常,2013,58000.0,4.0,2007,228000,4.0,0.254,1.0,0.627
宝鸡市,正常,2014,58000.0,4.0,2007,228000,4.0,0.254,1.0,0.627
宝鸡市,正常,2015,275000.0,4.0,2007,228000,4.0,1.206,1.0,1.103
宝鸡市,正常,2016,50000.0,3.9,2007,228000,4.0,0.219,0.975,0.597
宝鸡市,正常,2017,54000.0,,2007,228000,4.0,0.237,,
宝鸡市,正常,2018,55000.0,4.3,2007,228000,4.0,0.241,1.075,0.658
宝鸡市,正常,2019,49000.0,,2007,228000,4.0,0.215,,
宝鸡市,正常,2020,251000.0,,2007,228000,4.0,1.101,,
宝鸡市,正常,2021,255000.0,,2007,228000,4.0,1.118,,
宝鸡市,正常,2022,51800.0,,2007,228000,4.0,0.227,,
宝鸡市,正常,2023,55700.0,,2007,228000,4.0,0.244,,
宝鸡市,正常,2024,53800.0,,2007,228000,4.0,0.236,,
宣城市,正常,2003,,4.0,2008,35000,3.37,,1.187,
宣城市,正常,2004,,4.0,2008,35000,3.37,,1.187,
宣城市,正常,2005,,4.5,2008,35000,3.37,,1.335,
宣城市,正常,2006,,3.63,2008,35000,3.37,,1.077,
宣城市,正常,2007,,4.5,2008,35000,3.37,,1.335,
宣城市,正常,2008,35000.0,3.37,2008,35000,3.37,1.0,1.0,1.0
宣城市,正常,2009,120000.0,4.2,2008,35000,3.37,3.429,1.246,2.338
宣城市,正常,2010,,3.48,2008,35000,3.37,,1.033,
宣城市,正常,2011,,3.48,2008,35000,3.37,,1.033,
宣城市,正常,2012,61000.0,3.55,2008,35000,3.37,1.743,1.053,1.398
宣城市,正常,2013,59800.0,3.25,2008,35000,3.37,1.709,0.964,1.336
宣城市,正常,2014,49000.0,,2008,35000,3.37,1.4,,
宣城市,正常,2015,46000.0,3.23,2008,35000,3.37,1.314,0.958,1.136
宣城市,正常,2016,45000.0,3.1,2008,35000,3.37,1.286,0.92,1.103
宣城市,正常,2017,58000.0,3.03,2008,35000,3.37,1.657,0.899,1.278
宣城市,正常,2018,57000.0,4.8,2008,35000,3.37,1.629,1.424,1.526
宣城市,正常,2019,58000.0,4.5,2008,35000,3.37,1.657,1.335,1.496
宣城市,正常,2020,45000.0,2.7,2008,35000,3.37,1.286,0.801,1.044
宣城市,正常,2021,54000.0,2.13,2008,35000,3.37,1.543,0.632,1.088
宣城市,正常,2022,47000.0,,2008,35000,3.37,1.343,,
宣城市,正常,2023,47400.0,,2008,35000,3.37,1.354,,
宣城市,正常,2024,46000.0,,2008,35000,3.37,1.314,,
宿州市,正常,2003,,4.5,2010,34000,4.0,,1.125,
宿州市,正常,2004,,4.2,2010,34000,4.0,,1.05,
宿州市,正常,2005,,3.9,2010,34000,4.0,,0.975,
宿州市,正常,2006,,4.3,2010,34000,4.0,,1.075,
宿州市,正常,2007,,4.5,2010,34000,4.0,,1.125,
宿州市,正常,2008,,,2010,34000,4.0,,,
宿州市,正常,2009,,4.1,2010,34000,4.0,,1.025,
宿州市,正常,2010,34000.0,4.0,2010,34000,4.0,1.0,1.0,1.0
宿州市,正常,2011,52000.0,4.3,2010,34000,4.0,1.529,1.075,1.302
宿州市,正常,2012,169000.0,4.5,2010,34000,4.0,4.971,1.125,3.048
宿州市,正常,2013,,3.9,2010,34000,4.0,,0.975,
宿州市,正常,2014,30000.0,3.6,2010,34000,4.0,0.882,0.9,0.891
宿州市,正常,2015,60000.0,4.5,2010,34000,4.0,1.765,1.125,1.445
宿州市,正常,2016,54000.0,4.5,2010,34000,4.0,1.588,1.125,1.356
宿州市,正常,2017,47000.0,3.0,2010,34000,4.0,1.382,0.75,1.066
宿州市,正常,2018,53000.0,2.63,2010,34000,4.0,1.559,0.658,1.108
宿州市,正常,2019,45599.0,2.36,2010,34000,4.0,1.341,0.59,0.966
宿州市,正常,2020,31000.0,2.93,2010,34000,4.0,0.912,0.732,0.822
宿州市,正常,2021,26000.0,2.41,2010,34000,4.0,0.765,0.602,0.684
宿州市,正常,2022,27000.0,,2010,34000,4.0,0.794,,
宿州市,正常,2023,26900.0,,2010,34000,4.0,0.791,,
宿州市,正常,2024,28400.0,,2010,34000,4.0,0.835,,
宿迁市,空文件,2003,,,2006,20099,3.74,,,
宿迁市,正常,2004,,,2006,20099,3.74,,,
宿迁市,正常,2005,,,2006,20099,3.74,,,
宿迁市,正常,2006,20099.0,3.74,2006,20099,3.74,1.0,1.0,1.0
宿迁市,正常,2007,20099.0,3.74,2006,20099,3.74,1.0,1.0,1.0
宿迁市,正常,2008,32000.0,3.1,2006,20099,3.74,1.592,0.829,1.211
宿迁市,正常,2009,25000.0,3.5,2006,20099,3.74,1.244,0.936,1.09
宿迁市,正常,2010,25000.0,3.5,2006,20099,3.74,1.244,0.936,1.09
宿迁市,正常,2011,41000.0,3.0,2006,20099,3.74,2.04,0.802,1.421
宿迁市,正常,2012,28000.0,,2006,20099,3.74,1.393,,
宿迁市,正常,2013,49800.0,2.38,2006,20099,3.74,2.478,0.636,1.557
宿迁市,正常,2014,48000.0,,2006,20099,3.74,2.388,,
宿迁市,正常,2015,239700.0,,2006,20099,3.74,11.926,,
宿迁市,正常,2016,226700.0,,2006,20099,3.74,11.279,,
宿迁市,正常,2017,52000.0,,2006,20099,3.74,2.587,,
宿迁市,正常,2018,45000.0,1.81,2006,20099,3.74,2.239,0.484,1.362
宿迁市,正常,2019,50000.0,1.78,2006,20099,3.74,2.488,0.476,1.482
宿迁市,正常,2020,264000.0,,2006,20099,3.74,13.135,,
宿迁市,正常,2021,56200.0,,2006,20099,3.74,2.796,,
宿迁市,正常,2022,50000.0,,2006,20099,3.74,2.488,,
宿迁市,正常,2023,34000.0,,2006,20099,3.74,1.692,,
宿迁市,正常,2024,44000.0,,2006,20099,3.74,2.189,,
岳阳市,正常,2003,,,2005,11840000,4.6,,,
岳阳市,正常,2004,53700.0,,2005,11840000,4.6,0.005,,
岳阳市,正常,2005,11840000.0,4.6,2005,11840000,4.6,1.0,1.0,1.0
岳阳市,正常,2006,252000.0,,2005,11840000,4.6,0.021,,
岳阳市,正常,2007,,,2005,11840000,4.6,,,
岳阳市,正常,2008,57000.0,4.5,2005,11840000,4.6,0.005,0.978,0.492
岳阳市,正常,2009,45000.0,4.3,2005,11840000,4.6,0.004,0.935,0.47
岳阳市,正常,2010,254000.0,,2005,11840000,4.6,0.021,,
岳阳市,正常,2011,55000.0,4.5,2005,11840000,4.6,0.005,0.978,0.492
岳阳市,正常,2012,365000.0,4.3,2005,11840000,4.6,0.031,0.935,0.483
岳阳市,正常,2013,56000.0,3.96,2005,11840000,4.6,0.005,0.861,0.433
岳阳市,正常,2014,57000.0,4.0,2005,11840000,4.6,0.005,0.87,0.438
岳阳市,正常,2015,278000.0,4.3,2005,11840000,4.6,0.023,0.935,0.479
岳阳市,正常,2016,223000.0,4.0,2005,11840000,4.6,0.019,0.87,0.444
岳阳市,正常,2017,54000.0,,2005,11840000,4.6,0.005,,
岳阳市,正常,2018,53000.0,5.0,2005,11840000,4.6,0.004,1.087,0.546
岳阳市,正常,2019,67500.0,5.5,2005,11840000,4.6,0.006,1.196,0.601
岳阳市,正常,2020,,5.5,2005,11840000,4.6,,1.196,
岳阳市,正常,2021,307800.0,5.5,2005,11840000,4.6,0.026,1.196,0.611
岳阳市,正常,2022,62600.0,5.5,2005,11840000,4.6,0.005,1.196,0.6
岳阳市,正常,2023,66200.0,,2005,11840000,4.6,0.006,,
岳阳市,正常,2024,,,2005,11840000,4.6,,,
崇左市,正常,2003,6800.0,3.6,2003,6800,3.6,1.0,1.0,1.0
崇左市,正常,2004,6889.0,3.5,2003,6800,3.6,1.013,0.972,0.992
崇左市,正常,2005,28000.0,3.5,2003,6800,3.6,4.118,0.972,2.545
崇左市,正常,2006,10792.0,3.2,2003,6800,3.6,1.587,0.889,1.238
崇左市,正常,2007,10430.0,2.75,2003,6800,3.6,1.534,0.764,1.149
崇左市,正常,2008,12893.0,4.2,2003,6800,3.6,1.896,1.167,1.531
崇左市,正常,2009,16711.0,4.2,2003,6800,3.6,2.458,1.167,1.812
崇左市,正常,2010,80000.0,4.2,2003,6800,3.6,11.765,1.167,6.466
崇左市,正常,2011,20500.0,2.7,2003,6800,3.6,3.015,0.75,1.882
崇左市,正常,2012,27230.0,2.6,2003,6800,3.6,4.004,0.722,2.363
崇左市,正常,2013,18000.0,2.02,2003,6800,3.6,2.647,0.561,1.604
崇左市,正常,2014,18000.0,2.4,2003,6800,3.6,2.647,0.667,1.657
崇左市,正常,2015,14000.0,4.2,2003,6800,3.6,2.059,1.167,1.613
崇左市,正常,2016,15300.0,2.9,2003,6800,3.6,2.25,0.806,1.528
崇左市,正常,2017,14000.0,2.14,2003,6800,3.6,2.059,0.594,1.326
崇左市,正常,2018,14000.0,2.35,2003,6800,3.6,2.059,0.653,1.356
崇左市,正常,2019,16100.0,2.56,2003,6800,3.6,2.368,0.711,1.539
崇左市,正常,2020,82300.0,3.08,2003,6800,3.6,12.103,0.856,6.48
崇左市,正常,2021,16000.0,2.36,2003,6800,3.6,2.353,0.656,1.505
崇左市,正常,2022,14100.0,6.0,2003,6800,3.6,2.074,1.667,1.87
崇左市,正常,2023,14100.0,6.0,2003,6800,3.6,2.074,1.667,1.87
崇左市,正常,2024,12100.0,5.5,2003,6800,3.6,1.779,1.528,1.654
巴中市,空文件,2003,,,2005,95168,4.5,,,
巴中市,空文件,2004,,,2005,95168,4.5,,,
巴中市,正常,2005,95168.0,4.5,2005,95168,4.5,1.0,1.0,1.0
巴中市,正常,2006,97700.0,4.2,2005,95168,4.5,1.027,0.933,0.98
巴中市,正常,2007,25200.0,4.2,2005,95168,4.5,0.265,0.933,0.599
巴中市,正常,2008,25126.0,4.5,2005,95168,4.5,0.264,1.0,0.632
巴中市,正常,2009,25000.0,4.3,2005,95168,4.5,0.263,0.956,0.609
巴中市,正常,2010,107000.0,4.3,2005,95168,4.5,1.124,0.956,1.04
巴中市,正常,2011,26000.0,4.2,2005,95168,4.5,0.273,0.933,0.603
巴中市,正常,2012,29200.0,4.3,2005,95168,4.5,0.307,0.956,0.632
巴中市,正常,2013,32000.0,4.3,2005,95168,4.5,0.336,0.956,0.646
巴中市,正常,2014,35000.0,4.3,2005,95168,4.5,0.368,0.956,0.662
巴中市,正常,2015,154000.0,4.5,2005,95168,4.5,1.618,1.0,1.309
巴中市,正常,2016,154000.0,4.5,2005,95168,4.5,1.618,1.0,1.309
巴中市,正常,2017,34600.0,4.3,2005,95168,4.5,0.364,0.956,0.66
巴中市,正常,2018,28000.0,,2005,95168,4.5,0.294,,
巴中市,正常,2019,34786.0,4.08,2005,95168,4.5,0.366,0.907,0.637
巴中市,正常,2020,36400.0,5.5,2005,95168,4.5,0.382,1.222,0.802
巴中市,正常,2021,176000.0,,2005,95168,4.5,1.849,,
巴中市,正常,2022,28000.0,3.51,2005,95168,4.5,0.294,0.78,0.537
巴中市,正常,2023,34500.0,,2005,95168,4.5,0.363,,
巴中市,正常,2024,5500.0,5.5,2005,95168,4.5,0.058,1.222,0.64
巴彦淖尔市,空文件,2003,,,2009,12000,4.06,,,
巴彦淖尔市,空文件,2004,,,2009,12000,4.06,,,
巴彦淖尔市,空文件,2005,,,2009,12000,4.06,,,
巴彦淖尔市,空文件,2006,,,2009,12000,4.06,,,
巴彦淖尔市,空文件,2007,,,2009,12000,4.06,,,
巴彦淖尔市,空文件,2008,,,2009,12000,4.06,,,
巴彦淖尔市,正常,2009,12000.0,4.06,2009,12000,4.06,1.0,1.0,1.0
巴彦淖尔市,空文件,2010,,,2009,12000,4.06,,,
巴彦淖尔市,正常,2011,16000.0,3.9,2009,12000,4.06,1.333,0.961,1.147
巴彦淖尔市,正常,2012,12000.0,4.0,2009,12000,4.06,1.0,0.985,0.992
巴彦淖尔市,正常,2013,13000.0,4.0,2009,12000,4.06,1.083,0.985,1.034
巴彦淖尔市,正常,2014,14000.0,,2009,12000,4.06,1.167,,
巴彦淖尔市,正常,2015,68000.0,,2009,12000,4.06,5.667,,
巴彦淖尔市,正常,2016,12800.0,,2009,12000,4.06,1.067,,
巴彦淖尔市,正常,2017,11399.0,4.0,2009,12000,4.06,0.95,0.985,0.968
巴彦淖尔市,正常,2018,11000.0,3.87,2009,12000,4.06,0.917,0.953,0.935
巴彦淖尔市,正常,2019,11000.0,4.5,2009,12000,4.06,0.917,1.108,1.013
巴彦淖尔市,正常,2020,,4.33,2009,12000,4.06,,1.067,
巴彦淖尔市,正常,2021,8210.0,4.4,2009,12000,4.06,0.684,1.084,0.884
巴彦淖尔市,正常,2022,8300.0,3.8,2009,12000,4.06,0.692,0.936,0.814
巴彦淖尔市,正常,2023,,3.6,2009,12000,4.06,,0.887,
巴彦淖尔市,正常,2024,,5.0,2009,12000,4.06,,1.232,
常州市,正常,2003,,3.5,2004,130000,3.6,,0.972,
常州市,正常,2004,130000.0,3.6,2004,130000,3.6,1.0,1.0,1.0
常州市,正常,2005,69000.0,3.58,2004,130000,3.6,0.531,0.994,0.762
常州市,正常,2006,,3.44,2004,130000,3.6,,0.956,
常州市,正常,2007,70000.0,4.0,2004,130000,3.6,0.538,1.111,0.824
常州市,正常,2008,79000.0,3.23,2004,130000,3.6,0.608,0.897,0.752
常州市,正常,2009,82000.0,4.0,2004,130000,3.6,0.631,1.111,0.871
常州市,正常,2010,88500.0,4.0,2004,130000,3.6,0.681,1.111,0.896
常州市,正常,2011,95000.0,4.0,2004,130000,3.6,0.731,1.111,0.921
常州市,正常,2012,90000.0,4.0,2004,130000,3.6,0.692,1.111,0.902
常州市,正常,2013,120000.0,4.0,2004,130000,3.6,0.923,1.111,1.017
常州市,正常,2014,135000.0,4.0,2004,130000,3.6,1.038,1.111,1.074
常州市,正常,2015,601000.0,4.0,2004,130000,3.6,4.623,1.111,2.867
常州市,正常,2016,645000.0,4.0,2004,130000,3.6,4.962,1.111,3.036
常州市,正常,2017,135000.0,4.0,2004,130000,3.6,1.038,1.111,1.074
常州市,正常,2018,132300.0,3.0,2004,130000,3.6,1.018,0.833,0.926
常州市,正常,2019,110000.0,3.0,2004,130000,3.6,0.846,0.833,0.839
常州市,正常,2020,110000.0,4.0,2004,130000,3.6,0.846,1.111,0.978
常州市,正常,2021,621000.0,,2004,130000,3.6,4.777,,
常州市,正常,2022,110000.0,,2004,130000,3.6,0.846,,
常州市,正常,2023,114700.0,,2004,130000,3.6,0.882,,
常州市,正常,2024,104000.0,,2004,130000,3.6,0.8,,
常德市,正常,2003,45000.0,,2004,57000,4.5,0.789,,
常德市,正常,2004,57000.0,4.5,2004,57000,4.5,1.0,1.0,1.0
常德市,正常,2005,300000.0,5.0,2004,57000,4.5,5.263,1.111,3.187
常德市,正常,2006,62000.0,,2004,57000,4.5,1.088,,
常德市,正常,2007,301000.0,4.5,2004,57000,4.5,5.281,1.0,3.14
常德市,正常,2008,75000.0,,2004,57000,4.5,1.316,,
常德市,正常,2009,54000.0,,2004,57000,4.5,0.947,,
常德市,正常,2010,300000.0,4.5,2004,57000,4.5,5.263,1.0,3.132
常德市,正常,2011,65000.0,,2004,57000,4.5,1.14,,
常德市,正常,2012,318000.0,,2004,57000,4.5,5.579,,
常德市,正常,2013,70000.0,,2004,57000,4.5,1.228,,
常德市,正常,2014,69000.0,,2004,57000,4.5,1.211,,
常德市,正常,2015,342000.0,4.5,2004,57000,4.5,6.0,1.0,3.5
常德市,正常,2016,275000.0,4.5,2004,57000,4.5,4.825,1.0,2.912
常德市,正常,2017,67000.0,,2004,57000,4.5,1.175,,
常德市,正常,2018,58700.0,,2004,57000,4.5,1.03,,
常德市,正常,2019,57600.0,,2004,57000,4.5,1.011,,
常德市,正常,2020,294000.0,5.5,2004,57000,4.5,5.158,1.222,3.19
常德市,正常,2021,54000.0,5.5,2004,57000,4.5,0.947,1.222,1.084
常德市,正常,2022,56099.0,5.5,2004,57000,4.5,0.984,1.222,1.103
常德市,正常,2023,55000.0,5.0,2004,57000,4.5,0.965,1.111,1.038
常德市,正常,2024,55000.0,5.5,2004,57000,4.5,0.965,1.222,1.094
平凉市,空文件,2003,,,2009,25000,3.5,,,
平凉市,空文件,2004,,,2009,25000,3.5,,,
平凉市,空文件,2005,,,2009,25000,3.5,,,
平凉市,空文件,2006,,,2009,25000,3.5,,,
平凉市,空文件,2007,,,2009,25000,3.5,,,
平凉市,空文件,2008,,,2009,25000,3.5,,,
平凉市,正常,2009,25000.0,3.5,2009,25000,3.5,1.0,1.0,1.0
平凉市,正常,2010,63000.0,4.0,2009,25000,3.5,2.52,1.143,1.832
平凉市,正常,2011,63000.0,4.0,2009,25000,3.5,2.52,1.143,1.832
平凉市,正常,2012,40500.0,3.6,2009,25000,3.5,1.62,1.029,1.324
平凉市,正常,2013,39000.0,4.0,2009,25000,3.5,1.56,1.143,1.352
平凉市,正常,2014,36000.0,4.0,2009,25000,3.5,1.44,1.143,1.292
平凉市,正常,2015,184000.0,4.0,2009,25000,3.5,7.36,1.143,4.252
平凉市,正常,2016,187000.0,4.0,2009,25000,3.5,7.48,1.143,4.312
平凉市,正常,2017,37000.0,3.5,2009,25000,3.5,1.48,1.0,1.24
平凉市,正常,2018,33500.0,,2009,25000,3.5,1.34,,
平凉市,正常,2019,34000.0,4.0,2009,25000,3.5,1.36,1.143,1.252
平凉市,正常,2020,177000.0,6.0,2009,25000,3.5,7.08,1.714,4.397
平凉市,正常,2021,30000.0,6.0,2009,25000,3.5,1.2,1.714,1.457
平凉市,正常,2022,26700.0,6.0,2009,25000,3.5,1.068,1.714,1.391
平凉市,正常,2023,27100.0,5.5,2009,25000,3.5,1.084,1.571,1.328
平凉市,正常,2024,25900.0,5.5,2009,25000,3.5,1.036,1.571,1.304
平顶山市,正常,2003,,4.0,2005,75000,4.5,,0.889,
平顶山市,正常,2004,,3.4,2005,75000,4.5,,0.756,
平顶山市,正常,2005,75000.0,4.5,2005,75000,4.5,1.0,1.0,1.0
平顶山市,正常,2006,117000.0,4.5,2005,75000,4.5,1.56,1.0,1.28
平顶山市,正常,2007,100000.0,4.5,2005,75000,4.5,1.333,1.0,1.166
平顶山市,正常,2008,458000.0,4.5,2005,75000,4.5,6.107,1.0,3.554
平顶山市,正常,2009,123000.0,4.5,2005,75000,4.5,1.64,1.0,1.32
平顶山市,正常,2010,124000.0,,2005,75000,4.5,1.653,,
平顶山市,正常,2011,123000.0,,2005,75000,4.5,1.64,,
平顶山市,正常,2012,103000.0,,2005,75000,4.5,1.373,,
平顶山市,正常,2013,564000.0,,2005,75000,4.5,7.52,,
平顶山市,正常,2014,60000.0,,2005,75000,4.5,0.8,,
平顶山市,正常,2015,503000.0,,2005,75000,4.5,6.707,,
平顶山市,正常,2016,78000.0,,2005,75000,4.5,1.04,,
平顶山市,正常,2017,456000.0,,2005,75000,4.5,6.08,,
平顶山市,正常,2018,79000.0,,2005,75000,4.5,1.053,,
平顶山市,正常,2019,90000.0,4.5,2005,75000,4.5,1.2,1.0,1.1
平顶山市,正常,2020,79000.0,,2005,75000,4.5,1.053,,
平顶山市,正常,2021,108000.0,5.5,2005,75000,4.5,1.44,1.222,1.331
平顶山市,正常,2022,71000.0,5.5,2005,75000,4.5,0.947,1.222,1.084
平顶山市,正常,2023,75000.0,5.5,2005,75000,4.5,1.0,1.222,1.111
平顶山市,正常,2024,75000.0,5.5,2005,75000,4.5,1.0,1.222,1.111
广元市,正常,2003,25000.0,4.5,2003,25000,4.5,1.0,1.0,1.0
广元市,正常,2004,25000.0,4.5,2003,25000,4.5,1.0,1.0,1.0
广元市,正常,2005,25742.0,4.1,2003,25000,4.5,1.03,0.911,0.97
广元市,正常,2006,25299.0,4.8,2003,25000,4.5,1.012,1.067,1.039
广元市,正常,2007,28700.0,4.8,2003,25000,4.5,1.148,1.067,1.108
广元市,正常,2008,29000.0,5.0,2003,25000,4.5,1.16,1.111,1.136
广元市,正常,2009,34000.0,5.0,2003,25000,4.5,1.36,1.111,1.236
广元市,正常,2010,395000.0,4.0,2003,25000,4.5,15.8,0.889,8.344
广元市,正常,2011,35200.0,4.0,2003,25000,4.5,1.408,0.889,1.148
广元市,正常,2012,36000.0,3.9,2003,25000,4.5,1.44,0.867,1.154
广元市,正常,2013,39400.0,3.89,2003,25000,4.5,1.576,0.864,1.22
广元市,正常,2014,38500.0,3.9,2003,25000,4.5,1.54,0.867,1.204
广元市,正常,2015,205000.0,3.89,2003,25000,4.5,8.2,0.864,4.532
广元市,正常,2016,41700.0,3.84,2003,25000,4.5,1.668,0.853,1.26
广元市,正常,2017,13600.0,3.85,2003,25000,4.5,0.544,0.856,0.7
广元市,正常,2018,41000.0,3.7,2003,25000,4.5,1.64,0.822,1.231
广元市,正常,2019,38800.0,3.46,2003,25000,4.5,1.552,0.769,1.16
广元市,正常,2020,198000.0,4.0,2003,25000,4.5,7.92,0.889,4.404
广元市,正常,2021,39600.0,3.33,2003,25000,4.5,1.584,0.74,1.162
广元市,正常,2022,38500.0,3.35,2003,25000,4.5,1.54,0.744,1.142
广元市,正常,2023,38400.0,5.5,2003,25000,4.5,1.536,1.222,1.379
广元市,正常,2024,33800.0,4.0,2003,25000,4.5,1.352,0.889,1.12
广安市,正常,2003,,4.0,2005,26000,4.1,,0.976,
广安市,空文件,2004,,,2005,26000,4.1,,,
广安市,正常,2005,26000.0,4.1,2005,26000,4.1,1.0,1.0,1.0
广安市,正常,2006,25000.0,4.2,2005,26000,4.1,0.962,1.024,0.993
广安市,正常,2007,26000.0,4.0,2005,26000,4.1,1.0,0.976,0.988
广安市,空文件,2008,,,2005,26000,4.1,,,
广安市,正常,2009,32599.0,3.8,2005,26000,4.1,1.254,0.927,1.09
广安市,空文件,2010,,,2005,26000,4.1,,,
广安市,空文件,2011,,,2005,26000,4.1,,,
广安市,空文件,2012,,,2005,26000,4.1,,,
广安市,正常,2013,51200.0,4.0,2005,26000,4.1,1.969,0.976,1.473
广安市,正常,2014,50100.0,3.58,2005,26000,4.1,1.927,0.873,1.4
广安市,正常,2015,55900.0,3.29,2005,26000,4.1,2.15,0.802,1.476
广安市,正常,2016,223100.0,3.68,2005,26000,4.1,8.581,0.898,4.74
广安市,正常,2017,47100.0,3.6,2005,26000,4.1,1.812,0.878,1.345
广安市,正常,2018,47200.0,4.0,2005,26000,4.1,1.815,0.976,1.396
广安市,正常,2019,49100.0,3.2,2005,26000,4.1,1.888,0.78,1.334
广安市,正常,2020,229899.0,6.0,2005,26000,4.1,8.842,1.463,5.152
广安市,正常,2021,,6.0,2005,26000,4.1,,1.463,
广安市,正常,2022,46000.0,5.5,2005,26000,4.1,1.769,1.341,1.555
广安市,正常,2023,46000.0,,2005,26000,4.1,1.769,,
广安市,正常,2024,49000.0,,2005,26000,4.1,1.885,,
广州市,正常,2003,,3.57,2008,257000,2.32,,1.539,
广州市,正常,2004,,2.42,2008,257000,2.32,,1.043,
广州市,正常,2005,,3.5,2008,257000,2.32,,1.509,
广州市,正常,2006,,3.5,2008,257000,2.32,,1.509,
广州市,正常,2007,,2.23,2008,257000,2.32,,0.961,
广州市,正常,2008,257000.0,2.32,2008,257000,2.32,1.0,1.0,1.0
广州市,正常,2009,724500.0,2.25,2008,257000,2.32,2.819,0.97,1.894
广州市,正常,2010,3416000.0,3.5,2008,257000,2.32,13.292,1.509,7.4
广州市,正常,2011,300000.0,3.5,2008,257000,2.32,1.167,1.509,1.338
广州市,正常,2012,,2.4,2008,257000,2.32,,1.034,
广州市,正常,2013,277500.0,2.15,2008,257000,2.32,1.08,0.927,1.004
广州市,正常,2014,270800.0,2.26,2008,257000,2.32,1.054,0.974,1.014
广州市,正常,2015,2115400.0,3.5,2008,257000,2.32,8.231,1.509,4.87
广州市,正常,2016,1460000.0,2.4,2008,257000,2.32,5.681,1.034,3.358
广州市,正常,2017,330000.0,2.4,2008,257000,2.32,1.284,1.034,1.159
广州市,正常,2018,337000.0,1.9,2008,257000,2.32,1.311,0.819,1.065
广州市,正常,2019,337299.0,2.15,2008,257000,2.32,1.312,0.927,1.12
广州市,正常,2020,1615300.0,2.53,2008,257000,2.32,6.285,1.091,3.688
广州市,正常,2021,1638300.0,3.5,2008,257000,2.32,6.375,1.509,3.942
广州市,正常,2022,305500.0,,2008,257000,2.32,1.189,,
广州市,正常,2023,330000.0,,2008,257000,2.32,1.284,,
广州市,正常,2024,340000.0,,2008,257000,2.32,1.323,,
庆阳市,正常,2003,,4.0,2004,8000,4.3,,0.93,
庆阳市,正常,2004,8000.0,4.3,2004,8000,4.3,1.0,1.0,1.0
庆阳市,正常,2005,,4.3,2004,8000,4.3,,1.0,
庆阳市,正常,2006,,4.0,2004,8000,4.3,,0.93,
庆阳市,正常,2007,21678.0,3.8,2004,8000,4.3,2.71,0.884,1.797
庆阳市,正常,2008,25800.0,3.8,2004,8000,4.3,3.225,0.884,2.054
庆阳市,正常,2009,27000.0,3.9,2004,8000,4.3,3.375,0.907,2.141
庆阳市,正常,2010,98000.0,3.9,2004,8000,4.3,12.25,0.907,6.578
庆阳市,正常,2011,146000.0,4.0,2004,8000,4.3,18.25,0.93,9.59
庆阳市,空文件,2012,,,2004,8000,4.3,,,
庆阳市,正常,2013,43500.0,,2004,8000,4.3,5.438,,
庆阳市,正常,2014,56000.0,2.27,2004,8000,4.3,7.0,0.528,3.764
庆阳市,正常,2015,205600.0,3.0,2004,8000,4.3,25.7,0.698,13.199
庆阳市,正常,2016,223000.0,,2004,8000,4.3,27.875,,
庆阳市,正常,2017,39600.0,2.5,2004,8000,4.3,4.95,0.581,2.766
庆阳市,正常,2018,39000.0,2.7,2004,8000,4.3,4.875,0.628,2.752
庆阳市,正常,2019,37700.0,2.89,2004,8000,4.3,4.712,0.672,2.692
庆阳市,正常,2020,227500.0,4.5,2004,8000,4.3,28.438,1.047,14.742
庆阳市,正常,2021,197000.0,4.5,2004,8000,4.3,24.625,1.047,12.836
庆阳市,正常,2022,25000.0,,2004,8000,4.3,3.125,,
庆阳市,正常,2023,27400.0,,2004,8000,4.3,3.425,,
庆阳市,正常,2024,25400.0,,2004,8000,4.3,3.175,,
廊坊市,空文件,2003,,,2006,34000,1.0,,,
廊坊市,正常,2004,,1.5,2006,34000,1.0,,1.5,
廊坊市,正常,2005,,3.5,2006,34000,1.0,,3.5,
廊坊市,正常,2006,34000.0,1.0,2006,34000,1.0,1.0,1.0,1.0
廊坊市,正常,2007,,3.5,2006,34000,1.0,,3.5,
廊坊市,正常,2008,,2.0,2006,34000,1.0,,2.0,
廊坊市,正常,2009,42500.0,2.0,2006,34000,1.0,1.25,2.0,1.625
廊坊市,正常,2010,,,2006,34000,1.0,,,
廊坊市,正常,2011,45000.0,2.0,2006,34000,1.0,1.324,2.0,1.662
廊坊市,正常,2012,,2.0,2006,34000,1.0,,2.0,
廊坊市,正常,2013,56400.0,4.0,2006,34000,1.0,1.659,4.0,2.83
廊坊市,正常,2014,50000.0,2.0,2006,34000,1.0,1.471,2.0,1.736
廊坊市,正常,2015,258000.0,4.0,2006,34000,1.0,7.588,4.0,5.794
廊坊市,正常,2016,,4.0,2006,34000,1.0,,4.0,
廊坊市,正常,2017,,4.0,2006,34000,1.0,,4.0,
廊坊市,正常,2018,73000.0,4.0,2006,34000,1.0,2.147,4.0,3.074
廊坊市,正常,2019,57300.0,2.5,2006,34000,1.0,1.685,2.5,2.093
廊坊市,正常,2020,313500.0,,2006,34000,1.0,9.221,,
廊坊市,正常,2021,63000.0,,2006,34000,1.0,1.853,,
廊坊市,正常,2022,57300.0,,2006,34000,1.0,1.685,,
廊坊市,正常,2023,899000.0,5.5,2006,34000,1.0,26.441,5.5,15.97
廊坊市,正常,2024,59700.0,,2006,34000,1.0,1.756,,
延安市,正常,2003,,4.3,2004,13500,4.0,,1.075,
延安市,正常,2004,13500.0,4.0,2004,13500,4.0,1.0,1.0,1.0
延安市,正常,2005,,,2004,13500,4.0,,,
延安市,正常,2006,,4.0,2004,13500,4.0,,1.0,
延安市,正常,2007,14900.0,4.6,2004,13500,4.0,1.104,1.15,1.127
延安市,正常,2008,14800.0,,2004,13500,4.0,1.096,,
延安市,正常,2009,15000.0,,2004,13500,4.0,1.111,,
延安市,正常,2010,76000.0,4.3,2004,13500,4.0,5.63,1.075,3.352
延安市,正常,2011,76000.0,4.3,2004,13500,4.0,5.63,1.075,3.352
延安市,正常,2012,18400.0,3.62,2004,13500,4.0,1.363,0.905,1.134
延安市,正常,2013,17100.0,3.64,2004,13500,4.0,1.267,0.91,1.088
延安市,正常,2014,19400.0,3.67,2004,13500,4.0,1.437,0.918,1.178
延安市,正常,2015,19000.0,3.57,2004,13500,4.0,1.407,0.892,1.15
延安市,正常,2016,16299.0,3.55,2004,13500,4.0,1.207,0.888,1.048
延安市,正常,2017,16500.0,3.45,2004,13500,4.0,1.222,0.862,1.042
延安市,正常,2018,16000.0,3.5,2004,13500,4.0,1.185,0.875,1.03
延安市,正常,2019,16000.0,3.58,2004,13500,4.0,1.185,0.895,1.04
延安市,正常,2020,17900.0,3.64,2004,13500,4.0,1.326,0.91,1.118
延安市,正常,2021,100000.0,4.3,2004,13500,4.0,7.407,1.075,4.241
延安市,正常,2022,16000.0,,2004,13500,4.0,1.185,,
延安市,正常,2023,15600.0,,2004,13500,4.0,1.156,,
延安市,正常,2024,16500.0,,2004,13500,4.0,1.222,,
开封市,正常,2003,50000.0,4.5,2003,50000,4.5,1.0,1.0,1.0
开封市,正常,2004,,3.96,2003,50000,4.5,,0.88,
开封市,正常,2005,73000.0,4.5,2003,50000,4.5,1.46,1.0,1.23
开封市,正常,2006,77000.0,4.5,2003,50000,4.5,1.54,1.0,1.27
开封市,正常,2007,68000.0,4.5,2003,50000,4.5,1.36,1.0,1.18
开封市,正常,2008,60000.0,4.5,2003,50000,4.5,1.2,1.0,1.1
开封市,正常,2009,65000.0,4.5,2003,50000,4.5,1.3,1.0,1.15
开封市,正常,2010,66000.0,,2003,50000,4.5,1.32,,
开封市,正常,2011,88000.0,3.85,2003,50000,4.5,1.76,0.856,1.308
开封市,正常,2012,80000.0,3.66,2003,50000,4.5,1.6,0.813,1.207
开封市,正常,2013,381000.0,,2003,50000,4.5,7.62,,
开封市,正常,2014,68000.0,3.0,2003,50000,4.5,1.36,0.667,1.014
开封市,正常,2015,72000.0,3.06,2003,50000,4.5,1.44,0.68,1.06
开封市,正常,2016,68300.0,3.0,2003,50000,4.5,1.366,0.667,1.017
开封市,正常,2017,71800.0,2.61,2003,50000,4.5,1.436,0.58,1.008
开封市,正常,2018,71800.0,2.61,2003,50000,4.5,1.436,0.58,1.008
开封市,正常,2019,70300.0,4.0,2003,50000,4.5,1.406,0.889,1.148
开封市,正常,2020,65000.0,5.5,2003,50000,4.5,1.3,1.222,1.261
开封市,正常,2021,59200.0,2.85,2003,50000,4.5,1.184,0.633,0.908
开封市,正常,2022,363300.0,5.5,2003,50000,4.5,7.266,1.222,4.244
开封市,正常,2023,71000.0,5.5,2003,50000,4.5,1.42,1.222,1.321
开封市,正常,2024,67400.0,5.5,2003,50000,4.5,1.348,1.222,1.285
张家口市,空文件,2003,,,2009,38000,4.5,,,
张家口市,空文件,2004,,,2009,38000,4.5,,,
张家口市,空文件,2005,,,2009,38000,4.5,,,
张家口市,空文件,2006,,,2009,38000,4.5,,,
张家口市,正常,2007,,,2009,38000,4.5,,,
张家口市,空文件,2008,,,2009,38000,4.5,,,
张家口市,正常,2009,38000.0,4.5,2009,38000,4.5,1.0,1.0,1.0
张家口市,空文件,2010,,,2009,38000,4.5,,,
张家口市,正常,2011,,,2009,38000,4.5,,,
张家口市,空文件,2012,,,2009,38000,4.5,,,
张家口市,正常,2013,51200.0,4.6,2009,38000,4.5,1.347,1.022,1.184
张家口市,正常,2014,53400.0,4.5,2009,38000,4.5,1.405,1.0,1.203
张家口市,正常,2015,262000.0,4.5,2009,38000,4.5,6.895,1.0,3.948
张家口市,正常,2016,70000.0,4.4,2009,38000,4.5,1.842,0.978,1.41
张家口市,正常,2017,71700.0,4.5,2009,38000,4.5,1.887,1.0,1.444
张家口市,正常,2018,80000.0,3.1,2009,38000,4.5,2.105,0.689,1.397
张家口市,正常,2019,61600.0,3.06,2009,38000,4.5,1.621,0.68,1.15
张家口市,正常,2020,269000.0,,2009,38000,4.5,7.079,,
张家口市,正常,2021,60100.0,3.14,2009,38000,4.5,1.582,0.698,1.14
张家口市,正常,2022,61000.0,,2009,38000,4.5,1.605,,
张家口市,正常,2023,51000.0,,2009,38000,4.5,1.342,,
张家口市,正常,2024,52000.0,,2009,38000,4.5,1.368,,
张家界市,正常,2003,18000.0,3.1,2003,18000,3.1,1.0,1.0,1.0
张家界市,正常,2004,5000.0,4.0,2003,18000,3.1,0.278,1.29,0.784
张家界市,正常,2005,5000.0,3.5,2003,18000,3.1,0.278,1.129,0.704
张家界市,正常,2006,,4.0,2003,18000,3.1,,1.29,
张家界市,正常,2007,,3.0,2003,18000,3.1,,0.968,
张家界市,正常,2008,7500.0,4.0,2003,18000,3.1,0.417,1.29,0.854
张家界市,正常,2009,7850.0,4.0,2003,18000,3.1,0.436,1.29,0.863
张家界市,正常,2010,10000.0,4.0,2003,18000,3.1,0.556,1.29,0.923
张家界市,正常,2011,10500.0,,2003,18000,3.1,0.583,,
张家界市,正常,2012,38500.0,4.0,2003,18000,3.1,2.139,1.29,1.714
张家界市,正常,2013,10176.0,4.0,2003,18000,3.1,0.565,1.29,0.928
张家界市,正常,2014,11092.0,,2003,18000,3.1,0.616,,
张家界市,正常,2015,9000.0,4.5,2003,18000,3.1,0.5,1.452,0.976
张家界市,正常,2016,10000.0,,2003,18000,3.1,0.556,,
张家界市,正常,2017,10000.0,,2003,18000,3.1,0.556,,
张家界市,正常,2018,,4.5,2003,18000,3.1,,1.452,
张家界市,正常,2019,10000.0,5.0,2003,18000,3.1,0.556,1.613,1.084
张家界市,正常,2020,9000.0,3.5,2003,18000,3.1,0.5,1.129,0.814
张家界市,正常,2021,50000.0,5.5,2003,18000,3.1,2.778,1.774,2.276
张家界市,正常,2022,10400.0,5.8,2003,18000,3.1,0.578,1.871,1.224
张家界市,正常,2023,,5.5,2003,18000,3.1,,1.774,
张家界市,正常,2024,11200.0,,2003,18000,3.1,0.622,,
张掖市,正常,2003,,4.0,2006,6200,3.7,,1.081,
张掖市,正常,2004,,,2006,6200,3.7,,,
张掖市,正常,2005,,3.5,2006,6200,3.7,,0.946,
张掖市,正常,2006,6200.0,3.7,2006,6200,3.7,1.0,1.0,1.0
张掖市,正常,2007,,3.7,2006,6200,3.7,,1.0,
张掖市,正常,2008,16000.0,2.9,2006,6200,3.7,2.581,0.784,1.682
张掖市,正常,2009,16000.0,3.8,2006,6200,3.7,2.581,1.027,1.804
张掖市,正常,2010,77000.0,3.8,2006,6200,3.7,12.419,1.027,6.723
张掖市,正常,2011,82000.0,3.0,2006,6200,3.7,13.226,0.811,7.018
张掖市,正常,2012,22000.0,2.8,2006,6200,3.7,3.548,0.757,2.152
张掖市,正常,2013,38000.0,2.5,2006,6200,3.7,6.129,0.676,3.402
张掖市,正常,2014,31000.0,2.58,2006,6200,3.7,5.0,0.697,2.848
张掖市,正常,2015,159100.0,,2006,6200,3.7,25.661,,
张掖市,正常,2016,175500.0,2.6,2006,6200,3.7,28.306,0.703,14.504
张掖市,正常,2017,95700.0,2.6,2006,6200,3.7,15.435,0.703,8.069
张掖市,正常,2018,25200.0,2.6,2006,6200,3.7,4.065,0.703,2.384
张掖市,正常,2019,25000.0,4.0,2006,6200,3.7,4.032,1.081,2.556
张掖市,正常,2020,125000.0,6.0,2006,6200,3.7,20.161,1.622,10.892
张掖市,正常,2021,125000.0,3.0,2006,6200,3.7,20.161,0.811,10.486
张掖市,正常,2022,12060000.0,5.5,2006,6200,3.7,1945.161,1.486,973.324
张掖市,正常,2023,,,2006,6200,3.7,,,
张掖市,正常,2024,20099.0,4.5,2006,6200,3.7,3.242,1.216,2.229
徐州市,正常,2003,,4.5,2004,36000,4.03,,1.117,
徐州市,正常,2004,36000.0,4.03,2004,36000,4.03,1.0,1.0,1.0
徐州市,正常,2005,252000.0,3.6,2004,36000,4.03,7.0,0.893,3.946
徐州市,正常,2006,91000.0,3.0,2004,36000,4.03,2.528,0.744,1.636
徐州市,正常,2007,422000.0,3.0,2004,36000,4.03,11.722,0.744,6.233
徐州市,正常,2008,117800.0,4.0,2004,36000,4.03,3.272,0.993,2.132
徐州市,正常,2009,118000.0,4.0,2004,36000,4.03,3.278,0.993,2.136
徐州市,正常,2010,570000.0,2.6,2004,36000,4.03,15.833,0.645,8.239
徐州市,正常,2011,100000.0,3.0,2004,36000,4.03,2.778,0.744,1.761
徐州市,正常,2012,120000.0,2.46,2004,36000,4.03,3.333,0.61,1.972
徐州市,正常,2013,117000.0,2.14,2004,36000,4.03,3.25,0.531,1.89
徐州市,正常,2014,117000.0,1.91,2004,36000,4.03,3.25,0.474,1.862
徐州市,正常,2015,569000.0,1.9,2004,36000,4.03,15.806,0.471,8.138
徐州市,正常,2016,119000.0,2.0,2004,36000,4.03,3.306,0.496,1.901
徐州市,正常,2017,120000.0,1.82,2004,36000,4.03,3.333,0.452,1.892
徐州市,正常,2018,129900.0,1.78,2004,36000,4.03,3.608,0.442,2.025
徐州市,正常,2019,112500.0,1.75,2004,36000,4.03,3.125,0.434,1.78
徐州市,正常,2020,88000.0,1.76,2004,36000,4.03,2.444,0.437,1.44
徐州市,正常,2021,551300.0,2.09,2004,36000,4.03,15.314,0.519,7.916
徐州市,正常,2022,85000.0,5.0,2004,36000,4.03,2.361,1.241,1.801
徐州市,正常,2023,86000.0,,2004,36000,4.03,2.389,,
徐州市,正常,2024,94000.0,,2004,36000,4.03,2.611,,
德州市,正常,2003,49600.0,3.8,2003,49600,3.8,1.0,1.0,1.0
德州市,正常,2004,,3.5,2003,49600,3.8,,0.921,
德州市,正常,2005,170000.0,,2003,49600,3.8,3.427,,
德州市,正常,2006,,4.0,2003,49600,3.8,,1.053,
德州市,正常,2007,81000.0,3.5,2003,49600,3.8,1.633,0.921,1.277
德州市,正常,2008,68000.0,3.5,2003,49600,3.8,1.371,0.921,1.146
德州市,正常,2009,68000.0,3.5,2003,49600,3.8,1.371,0.921,1.146
德州市,正常,2010,73000.0,3.5,2003,49600,3.8,1.472,0.921,1.196
德州市,正常,2011,300000.0,3.5,2003,49600,3.8,6.048,0.921,3.484
德州市,正常,2012,77000.0,3.5,2003,49600,3.8,1.552,0.921,1.236
德州市,正常,2013,73000.0,3.5,2003,49600,3.8,1.472,0.921,1.196
德州市,正常,2014,70000.0,3.5,2003,49600,3.8,1.411,0.921,1.166
德州市,正常,2015,359000.0,3.5,2003,49600,3.8,7.238,0.921,4.08
德州市,正常,2016,65000.0,2.64,2003,49600,3.8,1.31,0.695,1.002
德州市,正常,2017,58000.0,3.5,2003,49600,3.8,1.169,0.921,1.045
德州市,正常,2018,63000.0,,2003,49600,3.8,1.27,,
德州市,正常,2019,67700.0,3.5,2003,49600,3.8,1.365,0.921,1.143
德州市,正常,2020,60100.0,2.52,2003,49600,3.8,1.212,0.663,0.938
德州市,正常,2021,316000.0,,2003,49600,3.8,6.371,,
德州市,正常,2022,57000.0,,2003,49600,3.8,1.149,,
德州市,正常,2023,61000.0,,2003,49600,3.8,1.23,,
德州市,正常,2024,62000.0,,2003,49600,3.8,1.25,,
德阳市,空文件,2003,,,2006,97300,4.0,,,
德阳市,空文件,2004,,,2006,97300,4.0,,,
德阳市,空文件,2005,,,2006,97300,4.0,,,
德阳市,正常,2006,97300.0,4.0,2006,97300,4.0,1.0,1.0,1.0
德阳市,正常,2007,28493.0,4.0,2006,97300,4.0,0.293,1.0,0.646
德阳市,正常,2008,30846.0,4.0,2006,97300,4.0,0.317,1.0,0.658
德阳市,正常,2009,31071.0,3.7,2006,97300,4.0,0.319,0.925,0.622
德阳市,正常,2010,129000.0,3.4,2006,97300,4.0,1.326,0.85,1.088
德阳市,正常,2011,32000.0,4.0,2006,97300,4.0,0.329,1.0,0.664
德阳市,正常,2012,34200.0,3.7,2006,97300,4.0,0.351,0.925,0.638
德阳市,正常,2013,35000.0,4.0,2006,97300,4.0,0.36,1.0,0.68
德阳市,正常,2014,36800.0,3.6,2006,97300,4.0,0.378,0.9,0.639
德阳市,正常,2015,42000.0,3.9,2006,97300,4.0,0.432,0.975,0.704
德阳市,正常,2016,42000.0,3.9,2006,97300,4.0,0.432,0.975,0.704
德阳市,正常,2017,44700.0,3.91,2006,97300,4.0,0.459,0.978,0.718
德阳市,正常,2018,45300.0,3.71,2006,97300,4.0,0.466,0.928,0.697
德阳市,正常,2019,45000.0,3.7,2006,97300,4.0,0.462,0.925,0.694
德阳市,正常,2020,220000.0,4.0,2006,97300,4.0,2.261,1.0,1.63
德阳市,正常,2021,51000.0,4.0,2006,97300,4.0,0.524,1.0,0.762
德阳市,正常,2022,47000.0,3.24,2006,97300,4.0,0.483,0.81,0.647
德阳市,正常,2023,53000.0,,2006,97300,4.0,0.545,,
德阳市,正常,2024,53000.0,,2006,97300,4.0,0.545,,
忻州市,空文件,2003,,,2009,33000,3.4,,,
忻州市,空文件,2004,,,2009,33000,3.4,,,
忻州市,空文件,2005,,,2009,33000,3.4,,,
忻州市,空文件,2006,,,2009,33000,3.4,,,
忻州市,空文件,2007,,,2009,33000,3.4,,,
忻州市,正常,2008,,3.0,2009,33000,3.4,,0.882,
忻州市,正常,2009,33000.0,3.4,2009,33000,3.4,1.0,1.0,1.0
忻州市,正常,2010,162100.0,,2009,33000,3.4,4.912,,
忻州市,正常,2011,35100.0,3.3,2009,33000,3.4,1.064,0.971,1.018
忻州市,正常,2012,,3.27,2009,33000,3.4,,0.962,
忻州市,正常,2013,39200.0,3.17,2009,33000,3.4,1.188,0.932,1.06
忻州市,正常,2014,37200.0,3.29,2009,33000,3.4,1.127,0.968,1.047
忻州市,正常,2015,184000.0,4.2,2009,33000,3.4,5.576,1.235,3.406
忻州市,正常,2016,37300.0,3.6,2009,33000,3.4,1.13,1.059,1.094
忻州市,正常,2017,38100.0,3.74,2009,33000,3.4,1.155,1.1,1.128
忻州市,正常,2018,46100.0,,2009,33000,3.4,1.397,,
忻州市,正常,2019,44300.0,2.8,2009,33000,3.4,1.342,0.824,1.083
忻州市,正常,2020,32000.0,3.02,2009,33000,3.4,0.97,0.888,0.929
忻州市,正常,2021,235100.0,3.28,2009,33000,3.4,7.124,0.965,4.044
忻州市,正常,2022,38200.0,5.5,2009,33000,3.4,1.158,1.618,1.388
忻州市,正常,2023,32000.0,,2009,33000,3.4,0.97,,
忻州市,正常,2024,32000.0,,2009,33000,3.4,0.97,,
怀化市,空文件,2003,,,2006,33000,4.5,,,
怀化市,空文件,2004,,,2006,33000,4.5,,,
怀化市,空文件,2005,,,2006,33000,4.5,,,
怀化市,正常,2006,33000.0,4.5,2006,33000,4.5,1.0,1.0,1.0
怀化市,正常,2007,170000.0,4.6,2006,33000,4.5,5.152,1.022,3.087
怀化市,正常,2008,34300.0,4.8,2006,33000,4.5,1.039,1.067,1.053
怀化市,正常,2009,30700.0,4.5,2006,33000,4.5,0.93,1.0,0.965
怀化市,正常,2010,33000.0,4.5,2006,33000,4.5,1.0,1.0,1.0
怀化市,正常,2011,165000.0,4.5,2006,33000,4.5,5.0,1.0,3.0
怀化市,正常,2012,165000.0,4.5,2006,33000,4.5,5.0,1.0,3.0
怀化市,正常,2013,37094.0,4.5,2006,33000,4.5,1.124,1.0,1.062
怀化市,正常,2014,37000.0,4.5,2006,33000,4.5,1.121,1.0,1.06
怀化市,正常,2015,36700.0,4.5,2006,33000,4.5,1.112,1.0,1.056
怀化市,正常,2016,35800.0,4.5,2006,33000,4.5,1.085,1.0,1.042
怀化市,正常,2017,36000.0,4.23,2006,33000,4.5,1.091,0.94,1.015
怀化市,正常,2018,35000.0,3.77,2006,33000,4.5,1.061,0.838,0.95
怀化市,正常,2019,40000.0,2.89,2006,33000,4.5,1.212,0.642,0.927
怀化市,正常,2020,38700.0,2.4,2006,33000,4.5,1.173,0.533,0.853
怀化市,正常,2021,37800.0,5.5,2006,33000,4.5,1.145,1.222,1.184
怀化市,正常,2022,38700.0,5.5,2006,33000,4.5,1.173,1.222,1.198
怀化市,正常,2023,36400.0,5.5,2006,33000,4.5,1.103,1.222,1.162
怀化市,正常,2024,37000.0,5.4,2006,33000,4.5,1.121,1.2,1.16
惠州市,正常,2003,,2.7,2007,55000,2.6,,1.038,
惠州市,正常,2004,,2.5,2007,55000,2.6,,0.962,
惠州市,正常,2005,,2.6,2007,55000,2.6,,1.0,
惠州市,正常,2006,,2.8,2007,55000,2.6,,1.077,
惠州市,正常,2007,55000.0,2.6,2007,55000,2.6,1.0,1.0,1.0
惠州市,正常,2008,55000.0,2.6,2007,55000,2.6,1.0,1.0,1.0
惠州市,正常,2009,60000.0,2.7,2007,55000,2.6,1.091,1.038,1.064
惠州市,正常,2010,,2.7,2007,55000,2.6,,1.038,
惠州市,正常,2011,,2.6,2007,55000,2.6,,1.0,
惠州市,正常,2012,,2.35,2007,55000,2.6,,0.904,
惠州市,正常,2013,65600.0,2.35,2007,55000,2.6,1.193,0.904,1.048
惠州市,正常,2014,70000.0,2.3,2007,55000,2.6,1.273,0.885,1.079
惠州市,正常,2015,340000.0,2.5,2007,55000,2.6,6.182,0.962,3.572
惠州市,空文件,2016,,,2007,55000,2.6,,,
惠州市,正常,2017,75000.0,2.5,2007,55000,2.6,1.364,0.962,1.163
惠州市,正常,2018,72000.0,2.3,2007,55000,2.6,1.309,0.885,1.097
惠州市,正常,2019,72000.0,2.3,2007,55000,2.6,1.309,0.885,1.097
惠州市,正常,2020,69000.0,2.34,2007,55000,2.6,1.255,0.9,1.078
惠州市,正常,2021,367000.0,2.4,2007,55000,2.6,6.673,0.923,3.798
惠州市,正常,2022,77000.0,,2007,55000,2.6,1.4,,
惠州市,正常,2023,87899.0,,2007,55000,2.6,1.598,,
惠州市,正常,2024,89000.0,,2007,55000,2.6,1.618,,
成都市,空文件,2003,,,2005,453000,3.0,,,
成都市,空文件,2004,,,2005,453000,3.0,,,
成都市,正常,2005,453000.0,3.0,2005,453000,3.0,1.0,1.0,1.0
成都市,正常,2006,142000.0,2.8,2005,453000,3.0,0.313,0.933,0.623
成都市,正常,2007,142000.0,2.8,2005,453000,3.0,0.313,0.933,0.623
成都市,正常,2008,156000.0,2.5,2005,453000,3.0,0.344,0.833,0.588
成都市,正常,2009,156000.0,2.5,2005,453000,3.0,0.344,0.833,0.588
成都市,正常,2010,,,2005,453000,3.0,,,
成都市,正常,2011,153000.0,2.97,2005,453000,3.0,0.338,0.99,0.664
成都市,正常,2012,190000.0,4.0,2005,453000,3.0,0.419,1.333,0.876
成都市,正常,2013,246000.0,2.82,2005,453000,3.0,0.543,0.94,0.742
成都市,正常,2014,243000.0,2.9,2005,453000,3.0,0.536,0.967,0.752
成都市,正常,2015,1660000.0,4.0,2005,453000,3.0,3.664,1.333,2.498
成都市,正常,2016,279000.0,4.0,2005,453000,3.0,0.616,1.333,0.974
成都市,正常,2017,276000.0,3.15,2005,453000,3.0,0.609,1.05,0.83
成都市,正常,2018,276000.0,4.0,2005,453000,3.0,0.609,1.333,0.971
成都市,正常,2019,264000.0,3.3,2005,453000,3.0,0.583,1.1,0.842
成都市,正常,2020,1349000.0,3.03,2005,453000,3.0,2.978,1.01,1.994
成都市,正常,2021,264000.0,5.5,2005,453000,3.0,0.583,1.833,1.208
成都市,正常,2022,1312000.0,5.5,2005,453000,3.0,2.896,1.833,2.364
成都市,正常,2023,264000.0,5.5,2005,453000,3.0,0.583,1.833,1.208
成都市,正常,2024,298000.0,5.5,2005,453000,3.0,0.658,1.833,1.246
扬州市,正常,2003,,4.2,2004,46000,3.8,,1.105,
扬州市,正常,2004,46000.0,3.8,2004,46000,3.8,1.0,1.0,1.0
扬州市,正常,2005,46000.0,3.8,2004,46000,3.8,1.0,1.0,1.0
扬州市,正常,2006,40000.0,3.1,2004,46000,3.8,0.87,0.816,0.843
扬州市,正常,2007,45000.0,3.1,2004,46000,3.8,0.978,0.816,0.897
扬州市,正常,2008,80000.0,2.9,2004,46000,3.8,1.739,0.763,1.251
扬州市,正常,2009,73000.0,2.91,2004,46000,3.8,1.587,0.766,1.176
扬州市,正常,2010,88000.0,2.7,2004,46000,3.8,1.913,0.711,1.312
扬州市,正常,2011,52699.0,4.0,2004,46000,3.8,1.146,1.053,1.1
扬州市,正常,2012,61000.0,2.4,2004,46000,3.8,1.326,0.632,0.979
扬州市,正常,2013,67000.0,2.41,2004,46000,3.8,1.457,0.634,1.046
扬州市,正常,2014,72000.0,2.08,2004,46000,3.8,1.565,0.547,1.056
扬州市,正常,2015,71000.0,3.5,2004,46000,3.8,1.543,0.921,1.232
扬州市,正常,2016,72000.0,1.88,2004,46000,3.8,1.565,0.495,1.03
扬州市,正常,2017,55000.0,,2004,46000,3.8,1.196,,
扬州市,正常,2018,55000.0,1.8,2004,46000,3.8,1.196,0.474,0.835
扬州市,正常,2019,87000.0,1.75,2004,46000,3.8,1.891,0.461,1.176
扬州市,正常,2020,60000.0,4.0,2004,46000,3.8,1.304,1.053,1.178
扬州市,正常,2021,60000.0,,2004,46000,3.8,1.304,,
扬州市,正常,2022,60000.0,,2004,46000,3.8,1.304,,
扬州市,正常,2023,60000.0,,2004,46000,3.8,1.304,,
扬州市,正常,2024,33000.0,,2004,46000,3.8,0.717,,
承德市,空文件,2003,,,2006,27900,4.3,,,
承德市,空文件,2004,,,2006,27900,4.3,,,
承德市,空文件,2005,,,2006,27900,4.3,,,
承德市,正常,2006,27900.0,4.3,2006,27900,4.3,1.0,1.0,1.0
承德市,空文件,2007,,,2006,27900,4.3,,,
承德市,空文件,2008,,,2006,27900,4.3,,,
承德市,正常,2009,30000.0,4.5,2006,27900,4.3,1.075,1.047,1.061
承德市,正常,2010,176000.0,4.5,2006,27900,4.3,6.308,1.047,3.677
承德市,正常,2011,40000.0,4.5,2006,27900,4.3,1.434,1.047,1.24
承德市,正常,2012,207000.0,4.5,2006,27900,4.3,7.419,1.047,4.233
承德市,正常,2013,45000.0,3.5,2006,27900,4.3,1.613,0.814,1.214
承德市,正常,2014,44000.0,3.09,2006,27900,4.3,1.577,0.719,1.148
承德市,正常,2015,222000.0,4.5,2006,27900,4.3,7.957,1.047,4.502
承德市,正常,2016,183000.0,4.5,2006,27900,4.3,6.559,1.047,3.803
承德市,正常,2017,54800.0,3.53,2006,27900,4.3,1.964,0.821,1.392
承德市,正常,2018,57300.0,3.69,2006,27900,4.3,2.054,0.858,1.456
承德市,正常,2019,49000.0,3.32,2006,27900,4.3,1.756,0.772,1.264
承德市,正常,2020,40000.0,4.5,2006,27900,4.3,1.434,1.047,1.24
承德市,正常,2021,45599.0,3.3,2006,27900,4.3,1.634,0.767,1.2
承德市,正常,2022,43000.0,,2006,27900,4.3,1.541,,
承德市,正常,2023,44400.0,,2006,27900,4.3,1.591,,
承德市,正常,2024,44700.0,,2006,27900,4.3,1.602,,
抚州市,空文件,2003,,,2010,37800,4.2,,,
抚州市,空文件,2004,,,2010,37800,4.2,,,
抚州市,空文件,2005,,,2010,37800,4.2,,,
抚州市,空文件,2006,,,2010,37800,4.2,,,
抚州市,空文件,2007,,,2010,37800,4.2,,,
抚州市,空文件,2008,,,2010,37800,4.2,,,
抚州市,空文件,2009,,,2010,37800,4.2,,,
抚州市,正常,2010,37800.0,4.2,2010,37800,4.2,1.0,1.0,1.0
抚州市,正常,2011,,,2010,37800,4.2,,,
抚州市,空文件,2012,,,2010,37800,4.2,,,
抚州市,正常,2013,55000.0,,2010,37800,4.2,1.455,,
抚州市,正常,2014,45800.0,,2010,37800,4.2,1.212,,
抚州市,正常,2015,43900.0,3.3,2010,37800,4.2,1.161,0.786,0.974
抚州市,正常,2016,249000.0,3.3,2010,37800,4.2,6.587,0.786,3.686
抚州市,正常,2017,43300.0,,2010,37800,4.2,1.146,,
抚州市,正常,2018,,,2010,37800,4.2,,,
抚州市,正常,2019,40900.0,3.07,2010,37800,4.2,1.082,0.731,0.907
抚州市,正常,2020,35900.0,3.0,2010,37800,4.2,0.95,0.714,0.832
抚州市,正常,2021,30000.0,,2010,37800,4.2,0.794,,
抚州市,正常,2022,,,2010,37800,4.2,,,
抚州市,正常,2023,35500.0,,2010,37800,4.2,0.939,,
抚州市,正常,2024,11094.0,,2010,37800,4.2,0.293,,
抚顺市,正常,2003,,,2016,28000,4.06,,,
抚顺市,正常,2004,,,2016,28000,4.06,,,
抚顺市,正常,2005,,,2016,28000,4.06,,,
抚顺市,正常,2006,8000.0,,2016,28000,4.06,0.286,,
抚顺市,正常,2007,,,2016,28000,4.06,,,
抚顺市,正常,2008,,4.1,2016,28000,4.06,,1.01,
抚顺市,正常,2009,,5.0,2016,28000,4.06,,1.232,
抚顺市,正常,2010,,4.5,2016,28000,4.06,,1.108,
抚顺市,正常,2011,,4.0,2016,28000,4.06,,0.985,
抚顺市,正常,2012,,4.0,2016,28000,4.06,,0.985,
抚顺市,正常,2013,,2.6,2016,28000,4.06,,0.64,
抚顺市,正常,2014,,5.0,2016,28000,4.06,,1.232,
抚顺市,正常,2015,,4.06,2016,28000,4.06,,1.0,
抚顺市,正常,2016,28000.0,4.06,2016,28000,4.06,1.0,1.0,1.0
抚顺市,正常,2017,22000.0,3.23,2016,28000,4.06,0.786,0.796,0.791
抚顺市,正常,2018,22000.0,,2016,28000,4.06,0.786,,
抚顺市,正常,2019,18000.0,,2016,28000,4.06,0.643,,
抚顺市,正常,2020,18000.0,,2016,28000,4.06,0.643,,
抚顺市,正常,2021,66000.0,5.0,2016,28000,4.06,2.357,1.232,1.795
抚顺市,正常,2022,10193.0,,2016,28000,4.06,0.364,,
抚顺市,正常,2023,11000.0,,2016,28000,4.06,0.393,,
抚顺市,正常,2024,11094.0,,2016,28000,4.06,0.396,,
拉萨市,空文件,2003,,,2004,3100,4.0,,,
拉萨市,正常,2004,3100.0,4.0,2004,3100,4.0,1.0,1.0,1.0
拉萨市,空文件,2005,,,2004,3100,4.0,,,
拉萨市,正常,2006,,,2004,3100,4.0,,,
拉萨市,正常,2007,,4.5,2004,3100,4.0,,1.125,
拉萨市,正常,2008,3700.0,4.3,2004,3100,4.0,1.194,1.075,1.134
拉萨市,正常,2009,5000.0,4.3,2004,3100,4.0,1.613,1.075,1.344
拉萨市,正常,2010,5100.0,3.9,2004,3100,4.0,1.645,0.975,1.31
拉萨市,正常,2011,5789.0,2.8,2004,3100,4.0,1.867,0.7,1.284
拉萨市,正常,2012,10000.0,2.6,2004,3100,4.0,3.226,0.65,1.938
拉萨市,正常,2013,,2.0,2004,3100,4.0,,0.5,
拉萨市,正常,2014,15500.0,2.2,2004,3100,4.0,5.0,0.55,2.775
拉萨市,正常,2015,18800.0,2.2,2004,3100,4.0,6.065,0.55,3.308
拉萨市,正常,2016,,2.2,2004,3100,4.0,,0.55,
拉萨市,正常,2017,12000.0,2.2,2004,3100,4.0,3.871,0.55,2.21
拉萨市,正常,2018,18525.0,2.2,2004,3100,4.0,5.976,0.55,3.263
拉萨市,正常,2019,13000.0,3.0,2004,3100,4.0,4.194,0.75,2.472
拉萨市,正常,2020,55000.0,5.5,2004,3100,4.0,17.742,1.375,9.558
拉萨市,正常,2021,13000.0,5.5,2004,3100,4.0,4.194,1.375,2.784
拉萨市,正常,2022,13600.0,4.0,2004,3100,4.0,4.387,1.0,2.694
拉萨市,正常,2023,,,2004,3100,4.0,,,
拉萨市,正常,2024,13899.0,,2004,3100,4.0,4.484,,
揭阳市,正常,2003,,2.7,2007,21000,3.0,,0.9,
揭阳市,正常,2004,,2.7,2007,21000,3.0,,0.9,
揭阳市,正常,2005,,3.0,2007,21000,3.0,,1.0,
揭阳市,正常,2006,,3.5,2007,21000,3.0,,1.167,
揭阳市,正常,2007,21000.0,3.0,2007,21000,3.0,1.0,1.0,1.0
揭阳市,正常,2008,30099.0,3.07,2007,21000,3.0,1.433,1.023,1.228
揭阳市,正常,2009,32700.0,3.13,2007,21000,3.0,1.557,1.043,1.3
揭阳市,正常,2010,95000.0,3.5,2007,21000,3.0,4.524,1.167,2.846
揭阳市,正常,2011,131000.0,3.5,2007,21000,3.0,6.238,1.167,3.702
揭阳市,正常,2012,34000.0,3.5,2007,21000,3.0,1.619,1.167,1.393
揭阳市,正常,2013,35800.0,3.5,2007,21000,3.0,1.705,1.167,1.436
揭阳市,正常,2014,,3.5,2007,21000,3.0,,1.167,
揭阳市,正常,2015,,3.5,2007,21000,3.0,,1.167,
揭阳市,正常,2016,,3.5,2007,21000,3.0,,1.167,
揭阳市,正常,2017,,3.5,2007,21000,3.0,,1.167,
揭阳市,正常,2018,32000.0,3.5,2007,21000,3.0,1.524,1.167,1.346
揭阳市,正常,2019,31600.0,2.31,2007,21000,3.0,1.505,0.77,1.138
揭阳市,正常,2020,157800.0,3.5,2007,21000,3.0,7.514,1.167,4.341
揭阳市,正常,2021,151700.0,3.5,2007,21000,3.0,7.224,1.167,4.196
揭阳市,正常,2022,18100.0,,2007,21000,3.0,0.862,,
揭阳市,正常,2023,17000.0,,2007,21000,3.0,0.81,,
揭阳市,正常,2024,22000.0,,2007,21000,3.0,1.048,,
攀枝花市,正常,2003,,4.2,2006,46105,4.4,,0.955,
攀枝花市,正常,2004,,4.4,2006,46105,4.4,,1.0,
攀枝花市,正常,2005,11458.0,,2006,46105,4.4,0.249,,
攀枝花市,正常,2006,46105.0,4.4,2006,46105,4.4,1.0,1.0,1.0
攀枝花市,正常,2007,11748.0,4.2,2006,46105,4.4,0.255,0.955,0.605
攀枝花市,正常,2008,13300.0,4.1,2006,46105,4.4,0.288,0.932,0.61
攀枝花市,正常,2009,16000.0,4.1,2006,46105,4.4,0.347,0.932,0.64
攀枝花市,正常,2010,14500.0,4.5,2006,46105,4.4,0.314,1.023,0.668
攀枝花市,正常,2011,,4.5,2006,46105,4.4,,1.023,
攀枝花市,正常,2012,17617.0,3.6,2006,46105,4.4,0.382,0.818,0.6
攀枝花市,正常,2013,17700.0,3.5,2006,46105,4.4,0.384,0.795,0.59
攀枝花市,正常,2014,17979.0,3.6,2006,46105,4.4,0.39,0.818,0.604
攀枝花市,正常,2015,89000.0,4.5,2006,46105,4.4,1.93,1.023,1.476
攀枝花市,正常,2016,,4.01,2006,46105,4.4,,0.911,
攀枝花市,正常,2017,18000.0,4.01,2006,46105,4.4,0.39,0.911,0.651
攀枝花市,正常,2018,20000.0,3.9,2006,46105,4.4,0.434,0.886,0.66
攀枝花市,正常,2019,19600.0,4.2,2006,46105,4.4,0.425,0.955,0.69
攀枝花市,正常,2020,16000.0,4.2,2006,46105,4.4,0.347,0.955,0.651
攀枝花市,正常,2021,19500.0,4.2,2006,46105,4.4,0.423,0.955,0.689
攀枝花市,正常,2022,19200.0,4.0,2006,46105,4.4,0.416,0.909,0.662
攀枝花市,正常,2023,20600.0,,2006,46105,4.4,0.447,,
攀枝花市,正常,2024,19500.0,,2006,46105,4.4,0.423,,
新乡市,正常,2003,,4.5,2004,67000,4.5,,1.0,
新乡市,正常,2004,67000.0,4.5,2004,67000,4.5,1.0,1.0,1.0
新乡市,正常,2005,175000.0,4.5,2004,67000,4.5,2.612,1.0,1.806
新乡市,正常,2006,134000.0,3.3,2004,67000,4.5,2.0,0.733,1.366
新乡市,正常,2007,139000.0,3.3,2004,67000,4.5,2.075,0.733,1.404
新乡市,正常,2008,386000.0,4.0,2004,67000,4.5,5.761,0.889,3.325
新乡市,正常,2009,155000.0,3.7,2004,67000,4.5,2.313,0.822,1.568
新乡市,正常,2010,444000.0,4.1,2004,67000,4.5,6.627,0.911,3.769
新乡市,正常,2011,139000.0,4.6,2004,67000,4.5,2.075,1.022,1.549
新乡市,正常,2012,101000.0,3.84,2004,67000,4.5,1.507,0.853,1.18
新乡市,正常,2013,635000.0,4.5,2004,67000,4.5,9.478,1.0,5.239
新乡市,正常,2014,92700.0,,2004,67000,4.5,1.384,,
新乡市,正常,2015,96199.0,3.98,2004,67000,4.5,1.436,0.884,1.16
新乡市,正常,2016,105000.0,4.5,2004,67000,4.5,1.567,1.0,1.284
新乡市,正常,2017,370000.0,4.5,2004,67000,4.5,5.522,1.0,3.261
新乡市,正常,2018,77000.0,3.8,2004,67000,4.5,1.149,0.844,0.996
新乡市,正常,2019,79600.0,3.97,2004,67000,4.5,1.188,0.882,1.035
新乡市,正常,2020,81000.0,3.98,2004,67000,4.5,1.209,0.884,1.046
新乡市,正常,2021,90600.0,5.5,2004,67000,4.5,1.352,1.222,1.287
新乡市,正常,2022,82000.0,5.5,2004,67000,4.5,1.224,1.222,1.223
新乡市,正常,2023,88000.0,5.5,2004,67000,4.5,1.313,1.222,1.268
新乡市,正常,2024,83000.0,5.5,2004,67000,4.5,1.239,1.222,1.231
新余市,正常,2003,16000.0,3.5,2003,16000,3.5,1.0,1.0,1.0
新余市,正常,2004,20000.0,,2003,16000,3.5,1.25,,
新余市,正常,2005,20000.0,4.0,2003,16000,3.5,1.25,1.143,1.196
新余市,空文件,2006,,,2003,16000,3.5,,,
新余市,空文件,2007,,,2003,16000,3.5,,,
新余市,空文件,2008,,,2003,16000,3.5,,,
新余市,空文件,2009,,,2003,16000,3.5,,,
新余市,正常,2010,143000.0,,2003,16000,3.5,8.938,,
新余市,正常,2011,30800.0,,2003,16000,3.5,1.925,,
新余市,正常,2012,24500.0,,2003,16000,3.5,1.531,,
新余市,正常,2013,24000.0,3.8,2003,16000,3.5,1.5,1.086,1.293
新余市,正常,2014,22000.0,,2003,16000,3.5,1.375,,
新余市,正常,2015,25000.0,3.7,2003,16000,3.5,1.562,1.057,1.31
新余市,正常,2016,23000.0,3.3,2003,16000,3.5,1.438,0.943,1.19
新余市,正常,2017,22000.0,,2003,16000,3.5,1.375,,
新余市,正常,2018,20000.0,4.5,2003,16000,3.5,1.25,1.286,1.268
新余市,正常,2019,20000.0,3.14,2003,16000,3.5,1.25,0.897,1.074
新余市,正常,2020,18500.0,3.47,2003,16000,3.5,1.156,0.991,1.074
新余市,正常,2021,17600.0,3.0,2003,16000,3.5,1.1,0.857,0.978
新余市,正常,2022,16000.0,,2003,16000,3.5,1.0,,
新余市,正常,2023,16000.0,,2003,16000,3.5,1.0,,
新余市,正常,2024,15000.0,,2003,16000,3.5,0.938,,
无锡市,正常,2003,,3.86,2004,110000,3.48,,1.109,
无锡市,正常,2004,110000.0,3.48,2004,110000,3.48,1.0,1.0,1.0
无锡市,正常,2005,145000.0,3.27,2004,110000,3.48,1.318,0.94,1.129
无锡市,正常,2006,115000.0,3.18,2004,110000,3.48,1.045,0.914,0.98
无锡市,正常,2007,63.0,3.3,2004,110000,3.48,0.001,0.948,0.474
无锡市,正常,2008,118000.0,3.12,2004,110000,3.48,1.073,0.897,0.985
无锡市,正常,2009,108000.0,2.8,2004,110000,3.48,0.982,0.805,0.894
无锡市,正常,2010,128000.0,2.6,2004,110000,3.48,1.164,0.747,0.956
无锡市,正常,2011,126000.0,2.6,2004,110000,3.48,1.145,0.747,0.946
无锡市,正常,2012,100000.0,2.45,2004,110000,3.48,0.909,0.704,0.806
无锡市,正常,2013,148000.0,2.12,2004,110000,3.48,1.345,0.609,0.977
无锡市,正常,2014,149000.0,1.91,2004,110000,3.48,1.355,0.549,0.952
无锡市,正常,2015,148500.0,3.5,2004,110000,3.48,1.35,1.006,1.178
无锡市,正常,2016,732500.0,3.0,2004,110000,3.48,6.659,0.862,3.76
无锡市,正常,2017,152000.0,,2004,110000,3.48,1.382,,
无锡市,正常,2018,161400.0,1.78,2004,110000,3.48,1.467,0.511,0.989
无锡市,正常,2019,152000.0,1.75,2004,110000,3.48,1.382,0.503,0.942
无锡市,正常,2020,774000.0,,2004,110000,3.48,7.036,,
无锡市,正常,2021,165000.0,,2004,110000,3.48,1.5,,
无锡市,正常,2022,150000.0,,2004,110000,3.48,1.364,,
无锡市,正常,2023,164000.0,,2004,110000,3.48,1.491,,
无锡市,正常,2024,143000.0,,2004,110000,3.48,1.3,,
日照市,正常,2003,32000.0,3.5,2003,32000,3.5,1.0,1.0,1.0
日照市,正常,2004,32000.0,3.5,2003,32000,3.5,1.0,1.0,1.0
日照市,正常,2005,38500.0,3.5,2003,32000,3.5,1.203,1.0,1.102
日照市,正常,2006,38500.0,3.2,2003,32000,3.5,1.203,0.914,1.058
日照市,正常,2007,175799.0,3.5,2003,32000,3.5,5.494,1.0,3.247
日照市,正常,2008,42800.0,3.5,2003,32000,3.5,1.338,1.0,1.169
日照市,正常,2009,43700.0,2.85,2003,32000,3.5,1.366,0.814,1.09
日照市,正常,2010,224000.0,3.2,2003,32000,3.5,7.0,0.914,3.957
日照市,正常,2011,185000.0,2.27,2003,32000,3.5,5.781,0.649,3.215
日照市,正常,2012,51000.0,2.4,2003,32000,3.5,1.594,0.686,1.14
日照市,正常,2013,57800.0,2.3,2003,32000,3.5,1.806,0.657,1.232
日照市,正常,2014,50000.0,2.0,2003,32000,3.5,1.562,0.571,1.066
日照市,正常,2015,247000.0,3.5,2003,32000,3.5,7.719,1.0,4.36
日照市,正常,2016,242000.0,3.5,2003,32000,3.5,7.562,1.0,4.281
日照市,正常,2017,41400.0,3.5,2003,32000,3.5,1.294,1.0,1.147
日照市,正常,2018,40000.0,2.25,2003,32000,3.5,1.25,0.643,0.946
日照市,正常,2019,42600.0,4.5,2003,32000,3.5,1.331,1.286,1.308
日照市,正常,2020,31000.0,,2003,32000,3.5,0.969,,
日照市,正常,2021,31800.0,3.5,2003,32000,3.5,0.994,1.0,0.997
日照市,正常,2022,29500.0,,2003,32000,3.5,0.922,,
日照市,正常,2023,30500.0,,2003,32000,3.5,0.953,,
日照市,正常,2024,12560000.0,5.5,2003,32000,3.5,392.5,1.571,197.036
昆明市,空文件,2003,,,2005,300000,45.0,,,
昆明市,正常,2004,,2.0,2005,300000,45.0,,0.044,
昆明市,正常,2005,300000.0,45.0,2005,300000,45.0,1.0,1.0,1.0
昆明市,正常,2006,6158.0,3.0,2005,300000,45.0,0.021,0.067,0.044
昆明市,正常,2007,68000.0,2.58,2005,300000,45.0,0.227,0.057,0.142
昆明市,正常,2008,80000.0,4.0,2005,300000,45.0,0.267,0.089,0.178
昆明市,正常,2009,130000.0,4.0,2005,300000,45.0,0.433,0.089,0.261
昆明市,正常,2010,466000.0,4.5,2005,300000,45.0,1.553,0.1,0.826
昆明市,正常,2011,131500.0,4.0,2005,300000,45.0,0.438,0.089,0.264
昆明市,正常,2012,117000.0,2.38,2005,300000,45.0,0.39,0.053,0.222
昆明市,正常,2013,124000.0,2.67,2005,300000,45.0,0.413,0.059,0.236
昆明市,正常,2014,118000.0,2.27,2005,300000,45.0,0.393,0.05,0.222
昆明市,正常,2015,111000.0,2.98,2005,300000,45.0,0.37,0.066,0.218
昆明市,正常,2016,135000.0,3.11,2005,300000,45.0,0.45,0.069,0.26
昆明市,正常,2017,146000.0,3.0,2005,300000,45.0,0.487,0.067,0.277
昆明市,正常,2018,165000.0,3.09,2005,300000,45.0,0.55,0.069,0.31
昆明市,正常,2019,162000.0,3.4,2005,300000,45.0,0.54,0.076,0.308
昆明市,正常,2020,130000.0,4.22,2005,300000,45.0,0.433,0.094,0.264
昆明市,正常,2021,178900.0,3.86,2005,300000,45.0,0.596,0.086,0.341
昆明市,正常,2022,215900.0,5.5,2005,300000,45.0,0.72,0.122,0.421
昆明市,正常,2023,205900.0,,2005,300000,45.0,0.686,,
昆明市,正常,2024,210400.0,,2005,300000,45.0,0.701,,
昭通市,空文件,2003,,,2009,20700,4.5,,,
昭通市,空文件,2004,,,2009,20700,4.5,,,
昭通市,空文件,2005,,,2009,20700,4.5,,,
昭通市,空文件,2006,,,2009,20700,4.5,,,
昭通市,空文件,2007,,,2009,20700,4.5,,,
昭通市,空文件,2008,,,2009,20700,4.5,,,
昭通市,正常,2009,20700.0,4.5,2009,20700,4.5,1.0,1.0,1.0
昭通市,正常,2010,,,2009,20700,4.5,,,
昭通市,正常,2011,125000.0,4.5,2009,20700,4.5,6.039,1.0,3.52
昭通市,正常,2012,25000.0,4.4,2009,20700,4.5,1.208,0.978,1.093
昭通市,正常,2013,,4.4,2009,20700,4.5,,0.978,
昭通市,正常,2014,,4.3,2009,20700,4.5,,0.956,
昭通市,正常,2015,132000.0,4.3,2009,20700,4.5,6.377,0.956,3.666
昭通市,正常,2016,146700.0,3.2,2009,20700,4.5,7.087,0.711,3.899
昭通市,正常,2017,38500.0,3.2,2009,20700,4.5,1.86,0.711,1.286
昭通市,正常,2018,39000.0,,2009,20700,4.5,1.884,,
昭通市,正常,2019,40300.0,3.8,2009,20700,4.5,1.947,0.844,1.396
昭通市,正常,2020,184000.0,4.2,2009,20700,4.5,8.889,0.933,4.911
昭通市,正常,2021,225700.0,3.95,2009,20700,4.5,10.903,0.878,5.89
昭通市,正常,2022,57400.0,,2009,20700,4.5,2.773,,
昭通市,正常,2023,798.0,,2009,20700,4.5,0.039,,
昭通市,正常,2024,31000.0,,2009,20700,4.5,1.498,,
晋中市,正常,2003,,1.8,2007,31200,2.1,,0.857,
晋中市,正常,2004,,4.0,2007,31200,2.1,,1.905,
晋中市,正常,2005,,4.0,2007,31200,2.1,,1.905,
晋中市,正常,2006,,4.0,2007,31200,2.1,,1.905,
晋中市,正常,2007,31200.0,2.1,2007,31200,2.1,1.0,1.0,1.0
晋中市,正常,2008,28100.0,4.2,2007,31200,2.1,0.901,2.0,1.45
晋中市,正常,2009,202000.0,1.97,2007,31200,2.1,6.474,0.938,3.706
晋中市,正常,2010,204899.0,4.2,2007,31200,2.1,6.567,2.0,4.284
晋中市,正常,2011,44400.0,1.78,2007,31200,2.1,1.423,0.848,1.136
晋中市,正常,2012,44800.0,1.94,2007,31200,2.1,1.436,0.924,1.18
晋中市,正常,2013,48000.0,1.95,2007,31200,2.1,1.538,0.929,1.234
晋中市,正常,2014,38300.0,1.94,2007,31200,2.1,1.228,0.924,1.076
晋中市,正常,2015,257900.0,4.2,2007,31200,2.1,8.266,2.0,5.133
晋中市,正常,2016,35000.0,4.2,2007,31200,2.1,1.122,2.0,1.561
晋中市,正常,2017,42000.0,2.36,2007,31200,2.1,1.346,1.124,1.235
晋中市,正常,2018,37000.0,4.2,2007,31200,2.1,1.186,2.0,1.593
晋中市,正常,2019,50500.0,2.59,2007,31200,2.1,1.619,1.233,1.426
晋中市,正常,2020,413000.0,4.5,2007,31200,2.1,13.237,2.143,7.69
晋中市,正常,2021,228000.0,5.5,2007,31200,2.1,7.308,2.619,4.964
晋中市,正常,2022,41000.0,5.5,2007,31200,2.1,1.314,2.619,1.967
晋中市,正常,2023,38000.0,5.5,2007,31200,2.1,1.218,2.619,1.918
晋中市,正常,2024,32000.0,,2007,31200,2.1,1.026,,
晋城市,正常,2003,,1.7,2010,23800,4.2,,0.405,
晋城市,正常,2004,,1.7,2010,23800,4.2,,0.405,
晋城市,正常,2005,,4.0,2010,23800,4.2,,0.952,
晋城市,正常,2006,,2.4,2010,23800,4.2,,0.571,
晋城市,空文件,2007,,,2010,23800,4.2,,,
晋城市,正常,2008,,,2010,23800,4.2,,,
晋城市,正常,2009,,,2010,23800,4.2,,,
晋城市,正常,2010,23800.0,4.2,2010,23800,4.2,1.0,1.0,1.0
晋城市,正常,2011,23800.0,2.2,2010,23800,4.2,1.0,0.524,0.762
晋城市,正常,2012,30000.0,1.8,2010,23800,4.2,1.261,0.429,0.845
晋城市,正常,2013,,1.53,2010,23800,4.2,,0.364,
晋城市,正常,2014,,1.27,2010,23800,4.2,,0.302,
晋城市,正常,2015,188299.0,1.48,2010,23800,4.2,7.912,0.352,4.132
晋城市,正常,2016,34000.0,4.2,2010,23800,4.2,1.429,1.0,1.215
晋城市,正常,2017,,1.7,2010,23800,4.2,,0.405,
晋城市,正常,2018,45300.0,1.44,2010,23800,4.2,1.903,0.343,1.123
晋城市,正常,2019,30000.0,1.27,2010,23800,4.2,1.261,0.302,0.782
晋城市,正常,2020,39000.0,4.5,2010,23800,4.2,1.639,1.071,1.355
晋城市,正常,2021,282000.0,4.5,2010,23800,4.2,11.849,1.071,6.46
晋城市,正常,2022,39000.0,,2010,23800,4.2,1.639,,
晋城市,正常,2023,450000.0,5.5,2010,23800,4.2,18.908,1.31,10.109
晋城市,正常,2024,39000.0,,2010,23800,4.2,1.639,,
普洱市,空文件,2003,,,2004,6000,4.0,,,
普洱市,正常,2004,6000.0,4.0,2004,6000,4.0,1.0,1.0,1.0
普洱市,正常,2005,,4.2,2004,6000,4.0,,1.05,
普洱市,正常,2006,7000.0,4.45,2004,6000,4.0,1.167,1.112,1.14
普洱市,正常,2007,7441.0,3.88,2004,6000,4.0,1.24,0.97,1.105
普洱市,正常,2008,38000.0,4.4,2004,6000,4.0,6.333,1.1,3.716
普洱市,正常,2009,9539.0,4.4,2004,6000,4.0,1.59,1.1,1.345
普洱市,正常,2010,42000.0,4.6,2004,6000,4.0,7.0,1.15,4.075
普洱市,正常,2011,9097.0,4.2,2004,6000,4.0,1.516,1.05,1.283
普洱市,正常,2012,11000.0,4.1,2004,6000,4.0,1.833,1.025,1.429
普洱市,正常,2013,48000.0,4.09,2004,6000,4.0,8.0,1.022,4.511
普洱市,正常,2014,12158.0,3.9,2004,6000,4.0,2.026,0.975,1.5
普洱市,正常,2015,56000.0,4.3,2004,6000,4.0,9.333,1.075,5.204
普洱市,正常,2016,16000.0,4.3,2004,6000,4.0,2.667,1.075,1.871
普洱市,正常,2017,17000.0,4.3,2004,6000,4.0,2.833,1.075,1.954
普洱市,正常,2018,17000.0,3.3,2004,6000,4.0,2.833,0.825,1.829
普洱市,正常,2019,17800.0,3.31,2004,6000,4.0,2.967,0.828,1.898
普洱市,正常,2020,14000.0,3.33,2004,6000,4.0,2.333,0.832,1.582
普洱市,正常,2021,76400.0,,2004,6000,4.0,12.733,,
普洱市,正常,2022,32000.0,,2004,6000,4.0,5.333,,
普洱市,正常,2023,16000.0,,2004,6000,4.0,2.667,,
普洱市,正常,2024,17000.0,,2004,6000,4.0,2.833,,
景德镇市,空文件,2003,,,2005,58099,3.4,,,
景德镇市,空文件,2004,,,2005,58099,3.4,,,
景德镇市,正常,2005,58099.0,3.4,2005,58099,3.4,1.0,1.0,1.0
景德镇市,正常,2006,22700.0,3.5,2005,58099,3.4,0.391,1.029,0.71
景德镇市,正常,2007,23100.0,4.3,2005,58099,3.4,0.398,1.265,0.831
景德镇市,正常,2008,30700.0,4.5,2005,58099,3.4,0.528,1.324,0.926
景德镇市,正常,2009,23500.0,,2005,58099,3.4,0.404,,
景德镇市,正常,2010,133000.0,,2005,58099,3.4,2.289,,
景德镇市,正常,2011,,,2005,58099,3.4,,,
景德镇市,正常,2012,,,2005,58099,3.4,,,
景德镇市,正常,2013,39000.0,,2005,58099,3.4,0.671,,
景德镇市,正常,2014,39800.0,,2005,58099,3.4,0.685,,
景德镇市,正常,2015,176200.0,,2005,58099,3.4,3.033,,
景德镇市,正常,2016,,,2005,58099,3.4,,,
景德镇市,正常,2017,30200.0,,2005,58099,3.4,0.52,,
景德镇市,正常,2018,29000.0,,2005,58099,3.4,0.499,,
景德镇市,正常,2019,,4.5,2005,58099,3.4,,1.324,
景德镇市,正常,2020,20000.0,2.89,2005,58099,3.4,0.344,0.85,0.597
景德镇市,正常,2021,20000.0,2.89,2005,58099,3.4,0.344,0.85,0.597
景德镇市,正常,2022,17500.0,,2005,58099,3.4,0.301,,
景德镇市,正常,2023,17600.0,,2005,58099,3.4,0.303,,
景德镇市,正常,2024,14500.0,,2005,58099,3.4,0.25,,
曲靖市,正常,2003,,3.89,2006,21000,3.1,,1.255,
曲靖市,正常,2004,,3.1,2006,21000,3.1,,1.0,
曲靖市,正常,2005,,3.0,2006,21000,3.1,,0.968,
曲靖市,正常,2006,21000.0,3.1,2006,21000,3.1,1.0,1.0,1.0
曲靖市,正常,2007,111000.0,2.4,2006,21000,3.1,5.286,0.774,3.03
曲靖市,正常,2008,28000.0,3.0,2006,21000,3.1,1.333,0.968,1.15
曲靖市,正常,2009,33000.0,3.8,2006,21000,3.1,1.571,1.226,1.398
曲靖市,正常,2010,175000.0,3.5,2006,21000,3.1,8.333,1.129,4.731
曲靖市,正常,2011,26000.0,3.0,2006,21000,3.1,1.238,0.968,1.103
曲靖市,正常,2012,25000.0,4.5,2006,21000,3.1,1.19,1.452,1.321
曲靖市,正常,2013,32000.0,3.3,2006,21000,3.1,1.524,1.065,1.294
曲靖市,正常,2014,34000.0,4.3,2006,21000,3.1,1.619,1.387,1.503
曲靖市,正常,2015,35700.0,3.2,2006,21000,3.1,1.7,1.032,1.366
曲靖市,正常,2016,39000.0,3.5,2006,21000,3.1,1.857,1.129,1.493
曲靖市,正常,2017,40000.0,2.6,2006,21000,3.1,1.905,0.839,1.372
曲靖市,正常,2018,44000.0,2.38,2006,21000,3.1,2.095,0.768,1.432
曲靖市,正常,2019,44000.0,2.58,2006,21000,3.1,2.095,0.832,1.464
曲靖市,正常,2020,37000.0,5.5,2006,21000,3.1,1.762,1.774,1.768
曲靖市,正常,2021,44000.0,4.04,2006,21000,3.1,2.095,1.303,1.699
曲靖市,正常,2022,46500.0,,2006,21000,3.1,2.214,,
曲靖市,正常,2023,46000.0,,2006,21000,3.1,2.19,,
曲靖市,正常,2024,44000.0,,2006,21000,3.1,2.095,,
朔州市,正常,2003,,4.5,2010,128000,4.0,,1.125,
朔州市,正常,2004,,1.3,2010,128000,4.0,,0.325,
朔州市,正常,2005,,,2010,128000,4.0,,,
朔州市,正常,2006,,4.0,2010,128000,4.0,,1.0,
朔州市,正常,2007,,3.0,2010,128000,4.0,,0.75,
朔州市,正常,2008,,4.0,2010,128000,4.0,,1.0,
朔州市,正常,2009,,4.0,2010,128000,4.0,,1.0,
朔州市,正常,2010,128000.0,4.0,2010,128000,4.0,1.0,1.0,1.0
朔州市,正常,2011,,,2010,128000,4.0,,,
朔州市,正常,2012,22000.0,4.2,2010,128000,4.0,0.172,1.05,0.611
朔州市,正常,2013,24000.0,,2010,128000,4.0,0.188,,
朔州市,正常,2014,24100.0,,2010,128000,4.0,0.188,,
朔州市,正常,2015,23109.0,,2010,128000,4.0,0.181,,
朔州市,正常,2016,21500.0,4.2,2010,128000,4.0,0.168,1.05,0.609
朔州市,正常,2017,23000.0,,2010,128000,4.0,0.18,,
朔州市,正常,2018,25000.0,2.5,2010,128000,4.0,0.195,0.625,0.41
朔州市,正常,2019,24000.0,4.2,2010,128000,4.0,0.188,1.05,0.619
朔州市,正常,2020,114000.0,4.5,2010,128000,4.0,0.891,1.125,1.008
朔州市,正常,2021,139200.0,1.74,2010,128000,4.0,1.088,0.435,0.762
朔州市,正常,2022,,,2010,128000,4.0,,,
朔州市,正常,2023,23608.0,,2010,128000,4.0,0.184,,
朔州市,正常,2024,21776.0,,2010,128000,4.0,0.17,,
朝阳市,正常,2003,,10.0,2016,16000,3.8,,2.632,
朝阳市,正常,2004,,6.46,2016,16000,3.8,,1.7,
朝阳市,正常,2005,,6.0,2016,16000,3.8,,1.579,
朝阳市,正常,2006,,5.8,2016,16000,3.8,,1.526,
朝阳市,正常,2007,,4.63,2016,16000,3.8,,1.218,
朝阳市,正常,2008,,4.5,2016,16000,3.8,,1.184,
朝阳市,正常,2009,,3.98,2016,16000,3.8,,1.047,
朝阳市,正常,2010,,4.5,2016,16000,3.8,,1.184,
朝阳市,正常,2011,,3.89,2016,16000,3.8,,1.024,
朝阳市,正常,2012,,4.0,2016,16000,3.8,,1.053,
朝阳市,正常,2013,,4.0,2016,16000,3.8,,1.053,
朝阳市,正常,2014,,3.0,2016,16000,3.8,,0.789,
朝阳市,正常,2015,,3.48,2016,16000,3.8,,0.916,
朝阳市,正常,2016,16000.0,3.8,2016,16000,3.8,1.0,1.0,1.0
朝阳市,正常,2017,16000.0,3.9,2016,16000,3.8,1.0,1.026,1.013
朝阳市,正常,2018,18500.0,3.99,2016,16000,3.8,1.156,1.05,1.103
朝阳市,正常,2019,19200.0,3.99,2016,16000,3.8,1.2,1.05,1.125
朝阳市,正常,2020,17400.0,4.21,2016,16000,3.8,1.088,1.108,1.098
朝阳市,正常,2021,17000.0,4.17,2016,16000,3.8,1.062,1.097,1.08
朝阳市,正常,2022,17000.0,4.18,2016,16000,3.8,1.062,1.1,1.081
朝阳市,正常,2023,17000.0,,2016,16000,3.8,1.062,,
朝阳市,正常,2024,17000.0,,2016,16000,3.8,1.062,,
本溪市,正常,2003,,6.5,2007,200000,5.2,,1.25,
本溪市,正常,2004,,5.5,2007,200000,5.2,,1.058,
本溪市,正常,2005,,5.4,2007,200000,5.2,,1.038,
本溪市,正常,2006,,5.4,2007,200000,5.2,,1.038,
本溪市,正常,2007,200000.0,5.2,2007,200000,5.2,1.0,1.0,1.0
本溪市,正常,2008,,4.7,2007,200000,5.2,,0.904,
本溪市,正常,2009,,4.5,2007,200000,5.2,,0.865,
本溪市,正常,2010,,3.99,2007,200000,5.2,,0.767,
本溪市,正常,2011,,3.9,2007,200000,5.2,,0.75,
本溪市,正常,2012,300000.0,4.5,2007,200000,5.2,1.5,0.865,1.182
本溪市,正常,2013,,4.0,2007,200000,5.2,,0.769,
本溪市,正常,2014,,3.94,2007,200000,5.2,,0.758,
本溪市,正常,2015,,3.96,2007,200000,5.2,,0.762,
本溪市,正常,2016,25800.0,3.3,2007,200000,5.2,0.129,0.635,0.382
本溪市,正常,2017,23000.0,3.99,2007,200000,5.2,0.115,0.767,0.441
本溪市,正常,2018,23000.0,3.99,2007,200000,5.2,0.115,0.767,0.441
本溪市,正常,2019,20200.0,4.9,2007,200000,5.2,0.101,0.942,0.522
本溪市,正常,2020,105000.0,5.9,2007,200000,5.2,0.525,1.135,0.83
本溪市,正常,2021,70000.0,4.9,2007,200000,5.2,0.35,0.942,0.646
本溪市,正常,2022,10000.0,,2007,200000,5.2,0.05,,
本溪市,正常,2023,11691.0,,2007,200000,5.2,0.058,,
本溪市,正常,2024,11000.0,,2007,200000,5.2,0.055,,
来宾市,空文件,2003,,,2014,18518,3.46,,,
来宾市,空文件,2004,,,2014,18518,3.46,,,
来宾市,空文件,2005,,,2014,18518,3.46,,,
来宾市,空文件,2006,,,2014,18518,3.46,,,
来宾市,空文件,2007,,,2014,18518,3.46,,,
来宾市,空文件,2008,,,2014,18518,3.46,,,
来宾市,空文件,2009,,,2014,18518,3.46,,,
来宾市,空文件,2010,,,2014,18518,3.46,,,
来宾市,空文件,2011,,,2014,18518,3.46,,,
来宾市,空文件,2012,,,2014,18518,3.46,,,
来宾市,空文件,2013,,,2014,18518,3.46,,,
来宾市,正常,2014,18518.0,3.46,2014,18518,3.46,1.0,1.0,1.0
来宾市,正常,2015,96000.0,4.1,2014,18518,3.46,5.184,1.185,3.184
来宾市,正常,2016,10700.0,3.4,2014,18518,3.46,0.578,0.983,0.78
来宾市,正常,2017,12000.0,2.6,2014,18518,3.46,0.648,0.751,0.7
来宾市,正常,2018,15100.0,4.1,2014,18518,3.46,0.815,1.185,1.0
来宾市,正常,2019,15300.0,3.23,2014,18518,3.46,0.826,0.934,0.88
来宾市,正常,2020,10000.0,4.1,2014,18518,3.46,0.54,1.185,0.862
来宾市,正常,2021,12000.0,3.04,2014,18518,3.46,0.648,0.879,0.764
来宾市,正常,2022,16000.0,6.0,2014,18518,3.46,0.864,1.734,1.299
来宾市,正常,2023,,,2014,18518,3.46,,,
来宾市,正常,2024,12000.0,5.5,2014,18518,3.46,0.648,1.59,1.119
杭州市,空文件,2003,,,2006,175300,4.5,,,
杭州市,正常,2004,,4.33,2006,175300,4.5,,0.962,
杭州市,正常,2005,,4.0,2006,175300,4.5,,0.889,
杭州市,正常,2006,175300.0,4.5,2006,175300,4.5,1.0,1.0,1.0
杭州市,正常,2007,188900.0,4.0,2006,175300,4.5,1.078,0.889,0.984
杭州市,正常,2008,201100.0,4.0,2006,175300,4.5,1.147,0.889,1.018
杭州市,正常,2009,235200.0,2.99,2006,175300,4.5,1.342,0.664,1.003
杭州市,正常,2010,260100.0,2.19,2006,175300,4.5,1.484,0.487,0.986
杭州市,正常,2011,252700.0,1.86,2006,175300,4.5,1.442,0.413,0.928
杭州市,正常,2012,243600.0,1.63,2006,175300,4.5,1.39,0.362,0.876
杭州市,正常,2013,231900.0,1.85,2006,175300,4.5,1.323,0.411,0.867
杭州市,正常,2014,248200.0,1.84,2006,175300,4.5,1.416,0.409,0.912
杭州市,正常,2015,287900.0,1.74,2006,175300,4.5,1.642,0.387,1.014
杭州市,正常,2016,1282900.0,,2006,175300,4.5,7.318,,
杭州市,正常,2017,297100.0,1.7,2006,175300,4.5,1.695,0.378,1.036
杭州市,正常,2018,398600.0,,2006,175300,4.5,2.274,,
杭州市,正常,2019,339500.0,,2006,175300,4.5,1.937,,
杭州市,正常,2020,691000.0,3.5,2006,175300,4.5,3.942,0.778,2.36
杭州市,正常,2021,928000.0,2.3,2006,175300,4.5,5.294,0.511,2.902
杭州市,正常,2022,326500.0,5.0,2006,175300,4.5,1.863,1.111,1.487
杭州市,正常,2023,329000.0,5.0,2006,175300,4.5,1.877,1.111,1.494
杭州市,正常,2024,314000.0,5.0,2006,175300,4.5,1.791,1.111,1.451
松原市,正常,2003,30000.0,3.3,2003,30000,3.3,1.0,1.0,1.0
松原市,正常,2004,43000.0,3.8,2003,30000,3.3,1.433,1.152,1.292
松原市,正常,2005,46000.0,4.0,2003,30000,3.3,1.533,1.212,1.372
松原市,正常,2006,40000.0,4.0,2003,30000,3.3,1.333,1.212,1.272
松原市,正常,2007,238000.0,4.5,2003,30000,3.3,7.933,1.364,4.648
松原市,正常,2008,61000.0,3.0,2003,30000,3.3,2.033,0.909,1.471
松原市,正常,2009,56072.0,3.0,2003,30000,3.3,1.869,0.909,1.389
松原市,正常,2010,238000.0,3.5,2003,30000,3.3,7.933,1.061,4.497
松原市,正常,2011,69000.0,2.9,2003,30000,3.3,2.3,0.879,1.59
松原市,正常,2012,249000.0,4.0,2003,30000,3.3,8.3,1.212,4.756
松原市,正常,2013,59000.0,4.0,2003,30000,3.3,1.967,1.212,1.59
松原市,正常,2014,46000.0,3.1,2003,30000,3.3,1.533,0.939,1.236
松原市,正常,2015,240000.0,,2003,30000,3.3,8.0,,
松原市,正常,2016,45000.0,,2003,30000,3.3,1.5,,
松原市,正常,2017,46000.0,4.5,2003,30000,3.3,1.533,1.364,1.449
松原市,正常,2018,43000.0,4.5,2003,30000,3.3,1.433,1.364,1.398
松原市,正常,2019,28000.0,,2003,30000,3.3,0.933,,
松原市,正常,2020,26000.0,,2003,30000,3.3,0.867,,
松原市,正常,2021,17500.0,,2003,30000,3.3,0.583,,
松原市,正常,2022,18500.0,6.0,2003,30000,3.3,0.617,1.818,1.218
松原市,正常,2023,17400.0,,2003,30000,3.3,0.58,,
松原市,正常,2024,14500.0,,2003,30000,3.3,0.483,,
枣庄市,正常,2003,,,2005,50000,4.0,,,
枣庄市,正常,2004,,,2005,50000,4.0,,,
枣庄市,正常,2005,50000.0,4.0,2005,50000,4.0,1.0,1.0,1.0
枣庄市,正常,2006,50000.0,,2005,50000,4.0,1.0,,
枣庄市,正常,2007,295000.0,,2005,50000,4.0,5.9,,
枣庄市,正常,2008,59000.0,,2005,50000,4.0,1.18,,
枣庄市,正常,2009,59000.0,,2005,50000,4.0,1.18,,
枣庄市,正常,2010,282000.0,4.0,2005,50000,4.0,5.64,1.0,3.32
枣庄市,正常,2011,236000.0,,2005,50000,4.0,4.72,,
枣庄市,正常,2012,55000.0,,2005,50000,4.0,1.1,,
枣庄市,正常,2013,60000.0,3.8,2005,50000,4.0,1.2,0.95,1.075
枣庄市,正常,2014,52000.0,3.5,2005,50000,4.0,1.04,0.875,0.958
枣庄市,正常,2015,280000.0,3.8,2005,50000,4.0,5.6,0.95,3.275
枣庄市,正常,2016,265000.0,,2005,50000,4.0,5.3,,
枣庄市,正常,2017,45000.0,3.5,2005,50000,4.0,0.9,0.875,0.888
枣庄市,正常,2018,44000.0,3.5,2005,50000,4.0,0.88,0.875,0.878
枣庄市,正常,2019,49000.0,3.5,2005,50000,4.0,0.98,0.875,0.928
枣庄市,正常,2020,38000.0,3.5,2005,50000,4.0,0.76,0.875,0.818
枣庄市,正常,2021,207000.0,3.5,2005,50000,4.0,4.14,0.875,2.508
枣庄市,正常,2022,36900.0,,2005,50000,4.0,0.738,,
枣庄市,正常,2023,6600.0,,2005,50000,4.0,0.132,,
枣庄市,正常,2024,35000.0,,2005,50000,4.0,0.7,,
柳州市,正常,2003,38000.0,4.0,2003,38000,4.0,1.0,1.0,1.0
柳州市,正常,2004,39400.0,4.2,2003,38000,4.0,1.037,1.05,1.043
柳州市,正常,2005,42900.0,4.47,2003,38000,4.0,1.129,1.118,1.124
柳州市,正常,2006,49100.0,4.5,2003,38000,4.0,1.292,1.125,1.208
柳州市,正常,2007,48000.0,4.33,2003,38000,4.0,1.263,1.082,1.172
柳州市,正常,2008,46000.0,4.3,2003,38000,4.0,1.211,1.075,1.143
柳州市,正常,2009,53000.0,4.3,2003,38000,4.0,1.395,1.075,1.235
柳州市,正常,2010,54000.0,4.5,2003,38000,4.0,1.421,1.125,1.273
柳州市,正常,2011,56800.0,4.0,2003,38000,4.0,1.495,1.0,1.248
柳州市,空文件,2012,,,2003,38000,4.0,,,
柳州市,正常,2013,59100.0,3.99,2003,38000,4.0,1.555,0.998,1.276
柳州市,正常,2014,59100.0,3.97,2003,38000,4.0,1.555,0.992,1.273
柳州市,正常,2015,292000.0,3.95,2003,38000,4.0,7.684,0.988,4.336
柳州市,正常,2016,60000.0,3.95,2003,38000,4.0,1.579,0.988,1.284
柳州市,正常,2017,69300.0,3.52,2003,38000,4.0,1.824,0.88,1.352
柳州市,正常,2018,61100.0,2.92,2003,38000,4.0,1.608,0.73,1.169
柳州市,正常,2019,66000.0,3.16,2003,38000,4.0,1.737,0.79,1.264
柳州市,正常,2020,55500.0,3.61,2003,38000,4.0,1.461,0.902,1.182
柳州市,正常,2021,61000.0,3.1,2003,38000,4.0,1.605,0.775,1.19
柳州市,正常,2022,55000.0,,2003,38000,4.0,1.447,,
柳州市,正常,2023,56000.0,,2003,38000,4.0,1.474,,
柳州市,正常,2024,12560000.0,5.5,2003,38000,4.0,330.526,1.375,165.95
株洲市,正常,2003,,4.6,2004,54600,4.6,,1.0,
株洲市,正常,2004,54600.0,4.6,2004,54600,4.6,1.0,1.0,1.0
株洲市,正常,2005,180000.0,5.0,2004,54600,4.6,3.297,1.087,2.192
株洲市,正常,2006,47000.0,4.5,2004,54600,4.6,0.861,0.978,0.92
株洲市,正常,2007,200300.0,5.0,2004,54600,4.6,3.668,1.087,2.378
株洲市,正常,2008,58000.0,4.5,2004,54600,4.6,1.062,0.978,1.02
株洲市,正常,2009,44100.0,4.5,2004,54600,4.6,0.808,0.978,0.893
株洲市,正常,2010,250000.0,4.0,2004,54600,4.6,4.579,0.87,2.724
株洲市,正常,2011,57800.0,4.5,2004,54600,4.6,1.059,0.978,1.018
株洲市,正常,2012,266000.0,4.5,2004,54600,4.6,4.872,0.978,2.925
株洲市,正常,2013,59600.0,,2004,54600,4.6,1.092,,
株洲市,正常,2014,61000.0,4.5,2004,54600,4.6,1.117,0.978,1.047
株洲市,正常,2015,62100.0,,2004,54600,4.6,1.137,,
株洲市,正常,2016,52000.0,,2004,54600,4.6,0.952,,
株洲市,正常,2017,50000.0,,2004,54600,4.6,0.916,,
株洲市,正常,2018,50000.0,,2004,54600,4.6,0.916,,
株洲市,正常,2019,63600.0,5.5,2004,54600,4.6,1.165,1.196,1.18
株洲市,正常,2020,52000.0,,2004,54600,4.6,0.952,,
株洲市,正常,2021,52000.0,,2004,54600,4.6,0.952,,
株洲市,正常,2022,58300.0,,2004,54600,4.6,1.068,,
株洲市,正常,2023,58000.0,,2004,54600,4.6,1.062,,
株洲市,正常,2024,60000.0,,2004,54600,4.6,1.099,,
桂林市,正常,2003,,4.0,2005,171700,4.5,,0.889,
桂林市,正常,2004,,3.9,2005,171700,4.5,,0.867,
桂林市,正常,2005,171700.0,4.5,2005,171700,4.5,1.0,1.0,1.0
桂林市,正常,2006,55000.0,4.0,2005,171700,4.5,0.32,0.889,0.604
桂林市,正常,2007,64400.0,4.5,2005,171700,4.5,0.375,1.0,0.688
桂林市,正常,2008,62000.0,3.98,2005,171700,4.5,0.361,0.884,0.622
桂林市,正常,2009,72300.0,4.01,2005,171700,4.5,0.421,0.891,0.656
桂林市,正常,2010,316900.0,4.5,2005,171700,4.5,1.846,1.0,1.423
桂林市,正常,2011,74900.0,3.91,2005,171700,4.5,0.436,0.869,0.652
桂林市,正常,2012,85000.0,3.9,2005,171700,4.5,0.495,0.867,0.681
桂林市,正常,2013,78000.0,3.76,2005,171700,4.5,0.454,0.836,0.645
桂林市,正常,2014,70100.0,3.8,2005,171700,4.5,0.408,0.844,0.626
桂林市,正常,2015,65700.0,3.57,2005,171700,4.5,0.383,0.793,0.588
桂林市,正常,2016,60500.0,3.55,2005,171700,4.5,0.352,0.789,0.57
桂林市,正常,2017,65000.0,2.4,2005,171700,4.5,0.379,0.533,0.456
桂林市,正常,2018,54900.0,4.5,2005,171700,4.5,0.32,1.0,0.66
桂林市,正常,2019,44000.0,2.66,2005,171700,4.5,0.256,0.591,0.424
桂林市,正常,2020,274100.0,4.5,2005,171700,4.5,1.596,1.0,1.298
桂林市,正常,2021,46400.0,2.58,2005,171700,4.5,0.27,0.573,0.422
桂林市,正常,2022,41200.0,2.82,2005,171700,4.5,0.24,0.627,0.434
桂林市,正常,2023,35000.0,,2005,171700,4.5,0.204,,
桂林市,正常,2024,56900.0,5.8,2005,171700,4.5,0.331,1.289,0.81
梅州市,正常,2003,,3.5,2012,30000,2.4,,1.458,
梅州市,正常,2004,,2.87,2012,30000,2.4,,1.196,
梅州市,正常,2005,,3.0,2012,30000,2.4,,1.25,
梅州市,正常,2006,,3.5,2012,30000,2.4,,1.458,
梅州市,正常,2007,,2.5,2012,30000,2.4,,1.042,
梅州市,正常,2008,,2.78,2012,30000,2.4,,1.158,
梅州市,正常,2009,,3.5,2012,30000,2.4,,1.458,
梅州市,正常,2010,,,2012,30000,2.4,,,
梅州市,正常,2011,,,2012,30000,2.4,,,
梅州市,正常,2012,30000.0,2.4,2012,30000,2.4,1.0,1.0,1.0
梅州市,正常,2013,32400.0,2.35,2012,30000,2.4,1.08,0.979,1.03
梅州市,正常,2014,30000.0,3.5,2012,30000,2.4,1.0,1.458,1.229
梅州市,正常,2015,159400.0,3.5,2012,30000,2.4,5.313,1.458,3.386
梅州市,正常,2016,160500.0,3.5,2012,30000,2.4,5.35,1.458,3.404
梅州市,正常,2017,30700.0,2.45,2012,30000,2.4,1.023,1.021,1.022
梅州市,正常,2018,25800.0,2.27,2012,30000,2.4,0.86,0.946,0.903
梅州市,正常,2019,22100.0,2.26,2012,30000,2.4,0.737,0.942,0.839
梅州市,正常,2020,21000.0,2.36,2012,30000,2.4,0.7,0.983,0.841
梅州市,正常,2021,130000.0,3.5,2012,30000,2.4,4.333,1.458,2.896
梅州市,正常,2022,21000.0,,2012,30000,2.4,0.7,,
梅州市,正常,2023,21300.0,,2012,30000,2.4,0.71,,
梅州市,正常,2024,18000.0,,2012,30000,2.4,0.6,,
梧州市,正常,2003,16150.0,4.7,2003,16150,4.7,1.0,1.0,1.0
梧州市,正常,2004,16080.0,4.13,2003,16150,4.7,0.996,0.879,0.938
梧州市,正常,2005,,4.5,2003,16150,4.7,,0.957,
梧州市,正常,2006,15000.0,4.05,2003,16150,4.7,0.929,0.862,0.896
梧州市,正常,2007,15900.0,3.95,2003,16150,4.7,0.985,0.84,0.912
梧州市,正常,2008,17000.0,3.9,2003,16150,4.7,1.053,0.83,0.942
梧州市,正常,2009,16000.0,4.04,2003,16150,4.7,0.991,0.86,0.926
梧州市,正常,2010,108699.0,4.5,2003,16150,4.7,6.731,0.957,3.844
梧州市,正常,2011,104600.0,4.5,2003,16150,4.7,6.477,0.957,3.717
梧州市,正常,2012,39400.0,3.88,2003,16150,4.7,2.44,0.826,1.633
梧州市,正常,2013,102000.0,3.9,2003,16150,4.7,6.316,0.83,3.573
梧州市,正常,2014,94900.0,3.2,2003,16150,4.7,5.876,0.681,3.278
梧州市,正常,2015,77000.0,4.5,2003,16150,4.7,4.768,0.957,2.862
梧州市,正常,2016,77000.0,2.95,2003,16150,4.7,4.768,0.628,2.698
梧州市,正常,2017,86000.0,4.5,2003,16150,4.7,5.325,0.957,3.141
梧州市,正常,2018,32500.0,1.93,2003,16150,4.7,2.012,0.411,1.212
梧州市,正常,2019,33000.0,4.5,2003,16150,4.7,2.043,0.957,1.5
梧州市,正常,2020,29700.0,5.5,2003,16150,4.7,1.839,1.17,1.504
梧州市,正常,2021,34000.0,4.5,2003,16150,4.7,2.105,0.957,1.531
梧州市,正常,2022,25600.0,6.0,2003,16150,4.7,1.585,1.277,1.431
梧州市,正常,2023,27799.0,5.5,2003,16150,4.7,1.721,1.17,1.446
梧州市,正常,2024,29700.0,5.5,2003,16150,4.7,1.839,1.17,1.504
榆林市,正常,2003,19000.0,3.9,2003,19000,3.9,1.0,1.0,1.0
榆林市,正常,2004,,4.5,2003,19000,3.9,,1.154,
榆林市,正常,2005,,4.5,2003,19000,3.9,,1.154,
榆林市,正常,2006,,4.5,2003,19000,3.9,,1.154,
榆林市,正常,2007,22000.0,3.8,2003,19000,3.9,1.158,0.974,1.066
榆林市,正常,2008,22799.0,3.8,2003,19000,3.9,1.2,0.974,1.087
榆林市,正常,2009,,4.3,2003,19000,3.9,,1.103,
榆林市,正常,2010,24000.0,4.3,2003,19000,3.9,1.263,1.103,1.183
榆林市,正常,2011,24000.0,3.9,2003,19000,3.9,1.263,1.0,1.132
榆林市,正常,2012,26000.0,3.8,2003,19000,3.9,1.368,0.974,1.171
榆林市,正常,2013,27000.0,4.0,2003,19000,3.9,1.421,1.026,1.224
榆林市,正常,2014,28000.0,3.9,2003,19000,3.9,1.474,1.0,1.237
榆林市,正常,2015,29000.0,3.9,2003,19000,3.9,1.526,1.0,1.263
榆林市,正常,2016,29200.0,,2003,19000,3.9,1.537,,
榆林市,正常,2017,28800.0,,2003,19000,3.9,1.516,,
榆林市,正常,2018,28000.0,,2003,19000,3.9,1.474,,
榆林市,正常,2019,28200.0,3.1,2003,19000,3.9,1.484,0.795,1.14
榆林市,正常,2020,32599.0,4.3,2003,19000,3.9,1.716,1.103,1.41
榆林市,正常,2021,34000.0,,2003,19000,3.9,1.789,,
榆林市,正常,2022,36800.0,,2003,19000,3.9,1.937,,
榆林市,正常,2023,33100.0,,2003,19000,3.9,1.742,,
榆林市,正常,2024,34200.0,,2003,19000,3.9,1.8,,
武威市,正常,2003,,4.4,2005,45000,4.1,,1.073,
武威市,正常,2004,,,2005,45000,4.1,,,
武威市,正常,2005,45000.0,4.1,2005,45000,4.1,1.0,1.0,1.0
武威市,正常,2006,45000.0,4.5,2005,45000,4.1,1.0,1.098,1.049
武威市,正常,2007,9300.0,4.0,2005,45000,4.1,0.207,0.976,0.592
武威市,正常,2008,10400.0,4.0,2005,45000,4.1,0.231,0.976,0.604
武威市,正常,2009,11376.0,4.5,2005,45000,4.1,0.253,1.098,0.676
武威市,正常,2010,55000.0,3.4,2005,45000,4.1,1.222,0.829,1.026
武威市,正常,2011,58000.0,4.0,2005,45000,4.1,1.289,0.976,1.132
武威市,正常,2012,58000.0,4.0,2005,45000,4.1,1.289,0.976,1.132
武威市,正常,2013,36400.0,3.5,2005,45000,4.1,0.809,0.854,0.832
武威市,正常,2014,38800.0,3.5,2005,45000,4.1,0.862,0.854,0.858
武威市,正常,2015,136600.0,4.0,2005,45000,4.1,3.036,0.976,2.006
武威市,正常,2016,145000.0,4.0,2005,45000,4.1,3.222,0.976,2.099
武威市,正常,2017,24500.0,3.2,2005,45000,4.1,0.544,0.78,0.662
武威市,正常,2018,24846.0,3.5,2005,45000,4.1,0.552,0.854,0.703
武威市,正常,2019,25900.0,3.17,2005,45000,4.1,0.576,0.773,0.674
武威市,正常,2020,125300.0,,2005,45000,4.1,2.784,,
武威市,正常,2021,125000.0,,2005,45000,4.1,2.778,,
武威市,正常,2022,18000.0,,2005,45000,4.1,0.4,,
武威市,正常,2023,19400.0,,2005,45000,4.1,0.431,,
武威市,正常,2024,17700.0,,2005,45000,4.1,0.393,,
武汉市,正常,2003,,5.0,2005,600000,5.0,,1.0,
武汉市,正常,2004,,4.6,2005,600000,5.0,,0.92,
武汉市,正常,2005,600000.0,5.0,2005,600000,5.0,1.0,1.0,1.0
武汉市,正常,2006,,5.0,2005,600000,5.0,,1.0,
武汉市,正常,2007,138000.0,4.2,2005,600000,5.0,0.23,0.84,0.535
武汉市,正常,2008,140000.0,4.6,2005,600000,5.0,0.233,0.92,0.576
武汉市,正常,2009,145000.0,4.6,2005,600000,5.0,0.242,0.92,0.581
武汉市,正常,2010,705000.0,4.1,2005,600000,5.0,1.175,0.82,0.998
武汉市,正常,2011,724000.0,4.6,2005,600000,5.0,1.207,0.92,1.064
武汉市,正常,2012,159000.0,,2005,600000,5.0,0.265,,
武汉市,正常,2013,176000.0,,2005,600000,5.0,0.293,,
武汉市,正常,2014,186400.0,,2005,600000,5.0,0.311,,
武汉市,正常,2015,188000.0,,2005,600000,5.0,0.313,,
武汉市,正常,2016,179000.0,,2005,600000,5.0,0.298,,
武汉市,正常,2017,198400.0,,2005,600000,5.0,0.331,,
武汉市,正常,2018,219000.0,,2005,600000,5.0,0.365,,
武汉市,正常,2019,243000.0,2.02,2005,600000,5.0,0.405,0.404,0.404
武汉市,正常,2020,228000.0,6.0,2005,600000,5.0,0.38,1.2,0.79
武汉市,正常,2021,299800.0,,2005,600000,5.0,0.5,,
武汉市,正常,2022,299700.0,,2005,600000,5.0,0.5,,
武汉市,正常,2023,292600.0,,2005,600000,5.0,0.488,,
武汉市,正常,2024,298000.0,,2005,600000,5.0,0.497,,
永州市,空文件,2003,,,2009,48000,4.5,,,
永州市,空文件,2004,,,2009,48000,4.5,,,
永州市,空文件,2005,,,2009,48000,4.5,,,
永州市,空文件,2006,,,2009,48000,4.5,,,
永州市,空文件,2007,,,2009,48000,4.5,,,
永州市,空文件,2008,,,2009,48000,4.5,,,
永州市,正常,2009,48000.0,4.5,2009,48000,4.5,1.0,1.0,1.0
永州市,正常,2010,52000.0,,2009,48000,4.5,1.083,,
永州市,正常,2011,267000.0,,2009,48000,4.5,5.562,,
永州市,正常,2012,56000.0,,2009,48000,4.5,1.167,,
永州市,正常,2013,61000.0,,2009,48000,4.5,1.271,,
永州市,正常,2014,65000.0,4.0,2009,48000,4.5,1.354,0.889,1.122
永州市,正常,2015,292000.0,4.5,2009,48000,4.5,6.083,1.0,3.542
永州市,正常,2016,297000.0,,2009,48000,4.5,6.188,,
永州市,正常,2017,62000.0,4.5,2009,48000,4.5,1.292,1.0,1.146
永州市,正常,2018,66300.0,2.32,2009,48000,4.5,1.381,0.516,0.948
永州市,正常,2019,68500.0,,2009,48000,4.5,1.427,,
永州市,正常,2020,57400.0,,2009,48000,4.5,1.196,,
永州市,正常,2021,55000.0,5.5,2009,48000,4.5,1.146,1.222,1.184
永州市,正常,2022,56000.0,5.5,2009,48000,4.5,1.167,1.222,1.195
永州市,正常,2023,55800.0,,2009,48000,4.5,1.162,,
永州市,正常,2024,58000.0,5.4,2009,48000,4.5,1.208,1.2,1.204
汉中市,空文件,2003,,,2004,15926,4.3,,,
汉中市,正常,2004,15926.0,4.3,2004,15926,4.3,1.0,1.0,1.0
汉中市,正常,2005,,4.1,2004,15926,4.3,,0.953,
汉中市,正常,2006,18600.0,4.1,2004,15926,4.3,1.168,0.953,1.06
汉中市,正常,2007,24000.0,3.9,2004,15926,4.3,1.507,0.907,1.207
汉中市,正常,2008,25000.0,4.5,2004,15926,4.3,1.57,1.047,1.308
汉中市,正常,2009,32000.0,4.4,2004,15926,4.3,2.009,1.023,1.516
汉中市,正常,2010,36000.0,4.4,2004,15926,4.3,2.26,1.023,1.641
汉中市,正常,2011,36000.0,3.3,2004,15926,4.3,2.26,0.767,1.513
汉中市,正常,2012,41200.0,4.4,2004,15926,4.3,2.587,1.023,1.805
汉中市,正常,2013,46000.0,,2004,15926,4.3,2.888,,
汉中市,正常,2014,35400.0,3.9,2004,15926,4.3,2.223,0.907,1.565
汉中市,正常,2015,58000.0,3.21,2004,15926,4.3,3.642,0.747,2.194
汉中市,正常,2016,32000.0,3.9,2004,15926,4.3,2.009,0.907,1.458
汉中市,正常,2017,59000.0,3.2,2004,15926,4.3,3.705,0.744,2.224
汉中市,正常,2018,61000.0,,2004,15926,4.3,3.83,,
汉中市,正常,2019,42000.0,,2004,15926,4.3,2.637,,
汉中市,正常,2020,38000.0,,2004,15926,4.3,2.386,,
汉中市,正常,2021,37000.0,4.3,2004,15926,4.3,2.323,1.0,1.662
汉中市,正常,2022,36200.0,4.3,2004,15926,4.3,2.273,1.0,1.636
汉中市,正常,2023,38200.0,4.3,2004,15926,4.3,2.399,1.0,1.7
汉中市,正常,2024,39000.0,4.3,2004,15926,4.3,2.449,1.0,1.724
汕头市,正常,2003,66000.0,3.2,2003,66000,3.2,1.0,1.0,1.0
汕头市,正常,2004,66000.0,3.0,2003,66000,3.2,1.0,0.938,0.969
汕头市,正常,2005,,3.1,2003,66000,3.2,,0.969,
汕头市,正常,2006,,3.1,2003,66000,3.2,,0.969,
汕头市,正常,2007,,3.1,2003,66000,3.2,,0.969,
汕头市,正常,2008,,3.1,2003,66000,3.2,,0.969,
汕头市,正常,2009,,3.5,2003,66000,3.2,,1.094,
汕头市,正常,2010,350000.0,3.3,2003,66000,3.2,5.303,1.031,3.167
汕头市,正常,2011,83000.0,2.5,2003,66000,3.2,1.258,0.781,1.02
汕头市,正常,2012,83300.0,2.4,2003,66000,3.2,1.262,0.75,1.006
汕头市,正常,2013,61600.0,2.4,2003,66000,3.2,0.933,0.75,0.842
汕头市,正常,2014,61000.0,3.0,2003,66000,3.2,0.924,0.938,0.931
汕头市,正常,2015,350000.0,3.0,2003,66000,3.2,5.303,0.938,3.12
汕头市,正常,2016,53000.0,3.0,2003,66000,3.2,0.803,0.938,0.87
汕头市,正常,2017,61000.0,3.0,2003,66000,3.2,0.924,0.938,0.931
汕头市,正常,2018,53000.0,2.46,2003,66000,3.2,0.803,0.769,0.786
汕头市,正常,2019,49100.0,2.47,2003,66000,3.2,0.744,0.772,0.758
汕头市,正常,2020,53000.0,3.0,2003,66000,3.2,0.803,0.938,0.87
汕头市,正常,2021,45000.0,3.5,2003,66000,3.2,0.682,1.094,0.888
汕头市,正常,2022,44000.0,,2003,66000,3.2,0.667,,
汕头市,正常,2023,44000.0,,2003,66000,3.2,0.667,,
汕头市,正常,2024,44000.0,,2003,66000,3.2,0.667,,
汕尾市,空文件,2003,,,2006,66000,3.4,,,
汕尾市,空文件,2004,,,2006,66000,3.4,,,
汕尾市,正常,2005,,3.4,2006,66000,3.4,,1.0,
汕尾市,正常,2006,66000.0,3.4,2006,66000,3.4,1.0,1.0,1.0
汕尾市,正常,2007,34000.0,3.0,2006,66000,3.4,0.515,0.882,0.698
汕尾市,正常,2008,40000.0,3.0,2006,66000,3.4,0.606,0.882,0.744
汕尾市,正常,2009,40000.0,2.76,2006,66000,3.4,0.606,0.812,0.709
汕尾市,正常,2010,42000.0,2.7,2006,66000,3.4,0.636,0.794,0.715
汕尾市,正常,2011,202000.0,2.7,2006,66000,3.4,3.061,0.794,1.928
汕尾市,正常,2012,45379.0,2.6,2006,66000,3.4,0.688,0.765,0.726
汕尾市,正常,2013,45503.0,2.44,2006,66000,3.4,0.689,0.718,0.704
汕尾市,正常,2014,46500.0,2.39,2006,66000,3.4,0.705,0.703,0.704
汕尾市,正常,2015,,,2006,66000,3.4,,,
汕尾市,正常,2016,232000.0,3.0,2006,66000,3.4,3.515,0.882,2.198
汕尾市,正常,2017,49000.0,2.38,2006,66000,3.4,0.742,0.7,0.721
汕尾市,正常,2018,50000.0,2.35,2006,66000,3.4,0.758,0.691,0.724
汕尾市,正常,2019,35000.0,2.34,2006,66000,3.4,0.53,0.688,0.609
汕尾市,正常,2020,52000.0,2.33,2006,66000,3.4,0.788,0.685,0.736
汕尾市,正常,2021,55000.0,2.28,2006,66000,3.4,0.833,0.671,0.752
汕尾市,正常,2022,53800.0,2.27,2006,66000,3.4,0.815,0.668,0.742
汕尾市,正常,2023,50000.0,2.26,2006,66000,3.4,0.758,0.665,0.712
汕尾市,正常,2024,51000.0,2.25,2006,66000,3.4,0.773,0.662,0.718
江门市,正常,2003,,3.2,2009,45000,2.42,,1.322,
江门市,正常,2004,,2.9,2009,45000,2.42,,1.198,
江门市,正常,2005,,3.0,2009,45000,2.42,,1.24,
江门市,正常,2006,,3.8,2009,45000,2.42,,1.57,
江门市,正常,2007,,2.5,2009,45000,2.42,,1.033,
江门市,正常,2008,,2.6,2009,45000,2.42,,1.074,
江门市,正常,2009,45000.0,2.42,2009,45000,2.42,1.0,1.0,1.0
江门市,正常,2010,40000.0,2.49,2009,45000,2.42,0.889,1.029,0.959
江门市,正常,2011,,3.2,2009,45000,2.42,,1.322,
江门市,正常,2012,47699.0,2.35,2009,45000,2.42,1.06,0.971,1.016
江门市,正常,2013,47100.0,2.32,2009,45000,2.42,1.047,0.959,1.003
江门市,正常,2014,47000.0,2.36,2009,45000,2.42,1.044,0.975,1.01
江门市,正常,2015,45000.0,,2009,45000,2.42,1.0,,
江门市,正常,2016,239000.0,,2009,45000,2.42,5.311,,
江门市,正常,2017,48200.0,3.2,2009,45000,2.42,1.071,1.322,1.196
江门市,正常,2018,48800.0,3.2,2009,45000,2.42,1.084,1.322,1.203
江门市,正常,2019,47000.0,2.12,2009,45000,2.42,1.044,0.876,0.96
江门市,正常,2020,47000.0,2.36,2009,45000,2.42,1.044,0.975,1.01
江门市,正常,2021,47000.0,2.15,2009,45000,2.42,1.044,0.888,0.966
江门市,正常,2022,45000.0,,2009,45000,2.42,1.0,,
江门市,正常,2023,53000.0,,2009,45000,2.42,1.178,,
江门市,正常,2024,51300.0,,2009,45000,2.42,1.14,,
池州市,正常,2003,10000.0,4.5,2003,10000,4.5,1.0,1.0,1.0
池州市,正常,2004,11500.0,4.0,2003,10000,4.5,1.15,0.889,1.019
池州市,正常,2005,28000.0,4.5,2003,10000,4.5,2.8,1.0,1.9
池州市,正常,2006,14000.0,4.3,2003,10000,4.5,1.4,0.956,1.178
池州市,正常,2007,13799.0,4.5,2003,10000,4.5,1.38,1.0,1.19
池州市,正常,2008,14500.0,4.5,2003,10000,4.5,1.45,1.0,1.225
池州市,正常,2009,14000.0,3.6,2003,10000,4.5,1.4,0.8,1.1
池州市,正常,2010,10000.0,4.3,2003,10000,4.5,1.0,0.956,0.978
池州市,正常,2011,20400.0,3.9,2003,10000,4.5,2.04,0.867,1.454
池州市,空文件,2012,,,2003,10000,4.5,,,
池州市,正常,2013,18000.0,3.6,2003,10000,4.5,1.8,0.8,1.3
池州市,正常,2014,18000.0,3.4,2003,10000,4.5,1.8,0.756,1.278
池州市,正常,2015,19100.0,3.4,2003,10000,4.5,1.91,0.756,1.333
池州市,正常,2016,19548.0,3.01,2003,10000,4.5,1.955,0.669,1.312
池州市,空文件,2017,,,2003,10000,4.5,,,
池州市,正常,2018,21000.0,5.5,2003,10000,4.5,2.1,1.222,1.661
池州市,正常,2019,22000.0,5.5,2003,10000,4.5,2.2,1.222,1.711
池州市,正常,2020,16000.0,,2003,10000,4.5,1.6,,
池州市,正常,2021,15200.0,5.5,2003,10000,4.5,1.52,1.222,1.371
池州市,正常,2022,14000.0,5.5,2003,10000,4.5,1.4,1.222,1.311
池州市,正常,2023,15000.0,5.5,2003,10000,4.5,1.5,1.222,1.361
池州市,正常,2024,13000.0,5.5,2003,10000,4.5,1.3,1.222,1.261
沈阳市,正常,2003,,6.0,2006,150000,5.1,,1.176,
沈阳市,正常,2004,,5.7,2006,150000,5.1,,1.118,
沈阳市,正常,2005,,6.0,2006,150000,5.1,,1.176,
沈阳市,正常,2006,150000.0,5.1,2006,150000,5.1,1.0,1.0,1.0
沈阳市,正常,2007,,3.35,2006,150000,5.1,,0.657,
沈阳市,正常,2008,,3.1,2006,150000,5.1,,0.608,
沈阳市,正常,2009,,3.2,2006,150000,5.1,,0.627,
沈阳市,正常,2010,,3.2,2006,150000,5.1,,0.627,
沈阳市,正常,2011,,3.0,2006,150000,5.1,,0.588,
沈阳市,正常,2012,,3.0,2006,150000,5.1,,0.588,
沈阳市,正常,2013,,4.0,2006,150000,5.1,,0.784,
沈阳市,正常,2014,,3.03,2006,150000,5.1,,0.594,
沈阳市,正常,2015,,3.18,2006,150000,5.1,,0.624,
沈阳市,正常,2016,84000.0,3.12,2006,150000,5.1,0.56,0.612,0.586
沈阳市,正常,2017,97000.0,3.4,2006,150000,5.1,0.647,0.667,0.657
沈阳市,正常,2018,119000.0,3.1,2006,150000,5.1,0.793,0.608,0.7
沈阳市,正常,2019,119000.0,3.6,2006,150000,5.1,0.793,0.706,0.75
沈阳市,正常,2020,115700.0,3.12,2006,150000,5.1,0.771,0.612,0.692
沈阳市,正常,2021,134000.0,3.09,2006,150000,5.1,0.893,0.606,0.75
沈阳市,正常,2022,129000.0,,2006,150000,5.1,0.86,,
沈阳市,正常,2023,144000.0,,2006,150000,5.1,0.96,,
沈阳市,正常,2024,148000.0,,2006,150000,5.1,0.987,,
沧州市,正常,2003,49300.0,3.0,2003,49300,3.0,1.0,1.0,1.0
沧州市,正常,2004,,3.48,2003,49300,3.0,,1.16,
沧州市,正常,2005,30000.0,,2003,49300,3.0,0.609,,
沧州市,正常,2006,,,2003,49300,3.0,,,
沧州市,空文件,2007,,,2003,49300,3.0,,,
沧州市,空文件,2008,,,2003,49300,3.0,,,
沧州市,正常,2009,46000.0,4.5,2003,49300,3.0,0.933,1.5,1.216
沧州市,正常,2010,,4.5,2003,49300,3.0,,1.5,
沧州市,正常,2011,55000.0,3.8,2003,49300,3.0,1.116,1.267,1.192
沧州市,正常,2012,247000.0,4.5,2003,49300,3.0,5.01,1.5,3.255
沧州市,正常,2013,56500.0,3.8,2003,49300,3.0,1.146,1.267,1.206
沧州市,正常,2014,61800.0,3.5,2003,49300,3.0,1.254,1.167,1.211
沧州市,正常,2015,290000.0,4.5,2003,49300,3.0,5.882,1.5,3.691
沧州市,正常,2016,309500.0,,2003,49300,3.0,6.278,,
沧州市,正常,2017,93699.0,4.5,2003,49300,3.0,1.901,1.5,1.7
沧州市,正常,2018,109000.0,,2003,49300,3.0,2.211,,
沧州市,正常,2019,82000.0,,2003,49300,3.0,1.663,,
沧州市,正常,2020,434000.0,,2003,49300,3.0,8.803,,
沧州市,正常,2021,99200.0,,2003,49300,3.0,2.012,,
沧州市,正常,2022,78000.0,5.5,2003,49300,3.0,1.582,1.833,1.708
沧州市,正常,2023,78500.0,,2003,49300,3.0,1.592,,
沧州市,正常,2024,78000.0,,2003,49300,3.0,1.582,,
河池市,正常,2003,11000.0,4.3,2003,11000,4.3,1.0,1.0,1.0
河池市,正常,2004,14500.0,4.4,2003,11000,4.3,1.318,1.023,1.17
河池市,正常,2005,,4.4,2003,11000,4.3,,1.023,
河池市,正常,2006,19000.0,4.1,2003,11000,4.3,1.727,0.953,1.34
河池市,正常,2007,19800.0,4.1,2003,11000,4.3,1.8,0.953,1.376
河池市,正常,2008,31136.0,3.49,2003,11000,4.3,2.831,0.812,1.822
河池市,正常,2009,25795.0,3.38,2003,11000,4.3,2.345,0.786,1.566
河池市,正常,2010,24000.0,4.5,2003,11000,4.3,2.182,1.047,1.614
河池市,正常,2011,25000.0,3.1,2003,11000,4.3,2.273,0.721,1.497
河池市,空文件,2012,,,2003,11000,4.3,,,
河池市,正常,2013,28200.0,2.82,2003,11000,4.3,2.564,0.656,1.61
河池市,正常,2014,28300.0,4.5,2003,11000,4.3,2.573,1.047,1.81
河池市,正常,2015,23500.0,4.5,2003,11000,4.3,2.136,1.047,1.592
河池市,正常,2016,13000.0,2.86,2003,11000,4.3,1.182,0.665,0.924
河池市,正常,2017,17400.0,,2003,11000,4.3,1.582,,
河池市,正常,2018,16000.0,,2003,11000,4.3,1.455,,
河池市,正常,2019,13000.0,,2003,11000,4.3,1.182,,
河池市,正常,2020,12800.0,2.84,2003,11000,4.3,1.164,0.66,0.912
河池市,正常,2021,10000.0,4.5,2003,11000,4.3,0.909,1.047,0.978
河池市,正常,2022,12250.0,2.51,2003,11000,4.3,1.114,0.584,0.849
河池市,正常,2023,15396.0,5.5,2003,11000,4.3,1.4,1.279,1.34
河池市,正常,2024,15114.0,5.5,2003,11000,4.3,1.374,1.279,1.326
河源市,正常,2003,,3.3,2015,226000,2.45,,1.347,
河源市,正常,2004,,3.07,2015,226000,2.45,,1.253,
河源市,正常,2005,,3.12,2015,226000,2.45,,1.273,
河源市,正常,2006,,3.0,2015,226000,2.45,,1.224,
河源市,正常,2007,,3.0,2015,226000,2.45,,1.224,
河源市,正常,2008,,3.08,2015,226000,2.45,,1.257,
河源市,正常,2009,,3.07,2015,226000,2.45,,1.253,
河源市,正常,2010,,2.9,2015,226000,2.45,,1.184,
河源市,正常,2011,,2.1,2015,226000,2.45,,0.857,
河源市,正常,2012,,2.3,2015,226000,2.45,,0.939,
河源市,正常,2013,,2.45,2015,226000,2.45,,1.0,
河源市,正常,2014,,2.44,2015,226000,2.45,,0.996,
河源市,正常,2015,226000.0,2.45,2015,226000,2.45,1.0,1.0,1.0
河源市,正常,2016,35000.0,2.42,2015,226000,2.45,0.155,0.988,0.572
河源市,正常,2017,43000.0,2.44,2015,226000,2.45,0.19,0.996,0.593
河源市,正常,2018,45800.0,2.3,2015,226000,2.45,0.203,0.939,0.571
河源市,正常,2019,36000.0,2.28,2015,226000,2.45,0.159,0.931,0.545
河源市,正常,2020,36000.0,2.6,2015,226000,2.45,0.159,1.061,0.61
河源市,正常,2021,190000.0,3.0,2015,226000,2.45,0.841,1.224,1.032
河源市,正常,2022,27401.0,,2015,226000,2.45,0.121,,
河源市,正常,2023,26000.0,,2015,226000,2.45,0.115,,
河源市,正常,2024,27500.0,,2015,226000,2.45,0.122,,
泉州市,正常,2003,140700.0,1.06,2003,140700,1.06,1.0,1.0,1.0
泉州市,正常,2004,140000.0,1.9,2003,140700,1.06,0.995,1.792,1.394
泉州市,正常,2005,150000.0,1.5,2003,140700,1.06,1.066,1.415,1.24
泉州市,正常,2006,150000.0,1.5,2003,140700,1.06,1.066,1.415,1.24
泉州市,正常,2007,158000.0,1.2,2003,140700,1.06,1.123,1.132,1.128
泉州市,正常,2008,155000.0,1.2,2003,140700,1.06,1.102,1.132,1.117
泉州市,正常,2009,150000.0,1.21,2003,140700,1.06,1.066,1.142,1.104
泉州市,正常,2010,153700.0,1.18,2003,140700,1.06,1.092,1.113,1.102
泉州市,正常,2011,155000.0,2.0,2003,140700,1.06,1.102,1.887,1.494
泉州市,正常,2012,150000.0,2.0,2003,140700,1.06,1.066,1.887,1.477
泉州市,正常,2013,151000.0,2.0,2003,140700,1.06,1.073,1.887,1.48
泉州市,正常,2014,156000.0,2.0,2003,140700,1.06,1.109,1.887,1.498
泉州市,正常,2015,153000.0,,2003,140700,1.06,1.087,,
泉州市,正常,2016,130000.0,,2003,140700,1.06,0.924,,
泉州市,正常,2017,126000.0,,2003,140700,1.06,0.896,,
泉州市,正常,2018,127000.0,,2003,140700,1.06,0.903,,
泉州市,正常,2019,130000.0,,2003,140700,1.06,0.924,,
泉州市,正常,2020,93000.0,,2003,140700,1.06,0.661,,
泉州市,正常,2021,105000.0,,2003,140700,1.06,0.746,,
泉州市,正常,2022,91000.0,,2003,140700,1.06,0.647,,
泉州市,正常,2023,95000.0,,2003,140700,1.06,0.675,,
泉州市,正常,2024,95000.0,,2003,140700,1.06,0.675,,
泰安市,正常,2003,,4.0,2013,63000,3.5,,1.143,
泰安市,正常,2004,,3.6,2013,63000,3.5,,1.029,
泰安市,正常,2005,,,2013,63000,3.5,,,
泰安市,正常,2006,,3.0,2013,63000,3.5,,0.857,
泰安市,正常,2007,,3.5,2013,63000,3.5,,1.0,
泰安市,正常,2008,,3.1,2013,63000,3.5,,0.886,
泰安市,正常,2009,,3.26,2013,63000,3.5,,0.931,
泰安市,正常,2010,,3.5,2013,63000,3.5,,1.0,
泰安市,正常,2011,,3.5,2013,63000,3.5,,1.0,
泰安市,正常,2012,,,2013,63000,3.5,,,
泰安市,正常,2013,63000.0,3.5,2013,63000,3.5,1.0,1.0,1.0
泰安市,正常,2014,62000.0,3.5,2013,63000,3.5,0.984,1.0,0.992
泰安市,正常,2015,345600.0,3.5,2013,63000,3.5,5.486,1.0,3.243
泰安市,正常,2016,340800.0,3.5,2013,63000,3.5,5.41,1.0,3.205
泰安市,正常,2017,55500.0,2.35,2013,63000,3.5,0.881,0.671,0.776
泰安市,正常,2018,52500.0,2.21,2013,63000,3.5,0.833,0.631,0.732
泰安市,正常,2019,58000.0,2.02,2013,63000,3.5,0.921,0.577,0.749
泰安市,正常,2020,277000.0,2.08,2013,63000,3.5,4.397,0.594,2.496
泰安市,正常,2021,262000.0,1.85,2013,63000,3.5,4.159,0.529,2.344
泰安市,正常,2022,46000.0,,2013,63000,3.5,0.73,,
泰安市,正常,2023,53000.0,,2013,63000,3.5,0.841,,
泰安市,正常,2024,55000.0,,2013,63000,3.5,0.873,,
泰州市,正常,2003,20000.0,4.5,2003,20000,4.5,1.0,1.0,1.0
泰州市,正常,2004,26000.0,3.8,2003,20000,4.5,1.3,0.844,1.072
泰州市,正常,2005,35600.0,3.5,2003,20000,4.5,1.78,0.778,1.279
泰州市,正常,2006,47699.0,3.3,2003,20000,4.5,2.385,0.733,1.559
泰州市,正常,2007,,3.0,2003,20000,4.5,,0.667,
泰州市,正常,2008,,3.15,2003,20000,4.5,,0.7,
泰州市,正常,2009,,3.0,2003,20000,4.5,,0.667,
泰州市,正常,2010,337000.0,3.5,2003,20000,4.5,16.85,0.778,8.814
泰州市,正常,2011,63800.0,3.5,2003,20000,4.5,3.19,0.778,1.984
泰州市,正常,2012,91000.0,2.46,2003,20000,4.5,4.55,0.547,2.548
泰州市,正常,2013,,2.16,2003,20000,4.5,,0.48,
泰州市,正常,2014,100000.0,1.95,2003,20000,4.5,5.0,0.433,2.716
泰州市,正常,2015,100000.0,1.89,2003,20000,4.5,5.0,0.42,2.71
泰州市,正常,2016,300000.0,3.5,2003,20000,4.5,15.0,0.778,7.889
泰州市,正常,2017,100000.0,1.82,2003,20000,4.5,5.0,0.404,2.702
泰州市,正常,2018,65000.0,1.78,2003,20000,4.5,3.25,0.396,1.823
泰州市,正常,2019,107000.0,1.76,2003,20000,4.5,5.35,0.391,2.87
泰州市,正常,2020,513000.0,,2003,20000,4.5,25.65,,
泰州市,正常,2021,513000.0,3.0,2003,20000,4.5,25.65,0.667,13.158
泰州市,正常,2022,92000.0,,2003,20000,4.5,4.6,,
泰州市,正常,2023,64000.0,,2003,20000,4.5,3.2,,
泰州市,正常,2024,67000.0,,2003,20000,4.5,3.35,,
泸州市,正常,2003,,5.0,2004,24000,4.7,,1.064,
泸州市,正常,2004,24000.0,4.7,2004,24000,4.7,1.0,1.0,1.0
泸州市,正常,2005,26000.0,4.43,2004,24000,4.7,1.083,0.943,1.013
泸州市,正常,2006,25000.0,5.0,2004,24000,4.7,1.042,1.064,1.053
泸州市,正常,2007,28000.0,5.0,2004,24000,4.7,1.167,1.064,1.116
泸州市,正常,2008,29000.0,4.2,2004,24000,4.7,1.208,0.894,1.051
泸州市,正常,2009,33000.0,3.8,2004,24000,4.7,1.375,0.809,1.092
泸州市,正常,2010,32000.0,3.5,2004,24000,4.7,1.333,0.745,1.039
泸州市,正常,2011,156000.0,4.0,2004,24000,4.7,6.5,0.851,3.676
泸州市,正常,2012,39000.0,3.05,2004,24000,4.7,1.625,0.649,1.137
泸州市,正常,2013,41600.0,3.1,2004,24000,4.7,1.733,0.66,1.197
泸州市,正常,2014,39956.0,3.14,2004,24000,4.7,1.665,0.668,1.166
泸州市,正常,2015,44000.0,3.53,2004,24000,4.7,1.833,0.751,1.292
泸州市,正常,2016,198000.0,4.0,2004,24000,4.7,8.25,0.851,4.55
泸州市,正常,2017,43300.0,4.0,2004,24000,4.7,1.804,0.851,1.328
泸州市,正常,2018,46700.0,2.25,2004,24000,4.7,1.946,0.479,1.212
泸州市,正常,2019,46700.0,2.25,2004,24000,4.7,1.946,0.479,1.212
泸州市,正常,2020,38000.0,2.7,2004,24000,4.7,1.583,0.574,1.078
泸州市,正常,2021,41800.0,2.6,2004,24000,4.7,1.742,0.553,1.148
泸州市,正常,2022,43500.0,2.52,2004,24000,4.7,1.812,0.536,1.174
泸州市,正常,2023,142000.0,5.5,2004,24000,4.7,5.917,1.17,3.544
泸州市,正常,2024,48000.0,,2004,24000,4.7,2.0,,
洛阳市,正常,2003,75000.0,4.0,2003,75000,4.0,1.0,1.0,1.0
洛阳市,正常,2004,100000.0,4.0,2003,75000,4.0,1.333,1.0,1.166
洛阳市,正常,2005,131000.0,4.5,2003,75000,4.0,1.747,1.125,1.436
洛阳市,正常,2006,132000.0,4.5,2003,75000,4.0,1.76,1.125,1.442
洛阳市,正常,2007,150000.0,4.5,2003,75000,4.0,2.0,1.125,1.562
洛阳市,正常,2008,667000.0,4.5,2003,75000,4.0,8.893,1.125,5.009
洛阳市,正常,2009,168000.0,4.5,2003,75000,4.0,2.24,1.125,1.682
洛阳市,正常,2010,138000.0,4.5,2003,75000,4.0,1.84,1.125,1.482
洛阳市,正常,2011,129000.0,4.5,2003,75000,4.0,1.72,1.125,1.422
洛阳市,正常,2012,123000.0,4.0,2003,75000,4.0,1.64,1.0,1.32
洛阳市,正常,2013,670000.0,4.5,2003,75000,4.0,8.933,1.125,5.029
洛阳市,正常,2014,115000.0,,2003,75000,4.0,1.533,,
洛阳市,正常,2015,613000.0,4.5,2003,75000,4.0,8.173,1.125,4.649
洛阳市,正常,2016,130000.0,,2003,75000,4.0,1.733,,
洛阳市,正常,2017,579100.0,,2003,75000,4.0,7.721,,
洛阳市,正常,2018,118900.0,,2003,75000,4.0,1.585,,
洛阳市,正常,2019,125000.0,4.5,2003,75000,4.0,1.667,1.125,1.396
洛阳市,正常,2020,116600.0,4.5,2003,75000,4.0,1.555,1.125,1.34
洛阳市,正常,2021,114000.0,5.5,2003,75000,4.0,1.52,1.375,1.448
洛阳市,正常,2022,101000.0,5.5,2003,75000,4.0,1.347,1.375,1.361
洛阳市,正常,2023,108699.0,5.5,2003,75000,4.0,1.449,1.375,1.412
洛阳市,正常,2024,104000.0,5.5,2003,75000,4.0,1.387,1.375,1.381
济南市,正常,2003,,3.82,2005,130000,4.0,,0.955,
济南市,正常,2004,,3.89,2005,130000,4.0,,0.972,
济南市,正常,2005,130000.0,4.0,2005,130000,4.0,1.0,1.0,1.0
济南市,正常,2006,130000.0,3.87,2005,130000,4.0,1.0,0.968,0.984
济南市,正常,2007,,3.8,2005,130000,4.0,,0.95,
济南市,正常,2008,119000.0,3.43,2005,130000,4.0,0.915,0.858,0.887
济南市,正常,2009,110000.0,4.0,2005,130000,4.0,0.846,1.0,0.923
济南市,正常,2010,678000.0,4.0,2005,130000,4.0,5.215,1.0,3.108
济南市,正常,2011,540000.0,4.0,2005,130000,4.0,4.154,1.0,2.577
济南市,正常,2012,223000.0,4.0,2005,130000,4.0,1.715,1.0,1.358
济南市,正常,2013,185500.0,4.0,2005,130000,4.0,1.427,1.0,1.214
济南市,正常,2014,187000.0,4.0,2005,130000,4.0,1.438,1.0,1.219
济南市,正常,2015,207300.0,4.0,2005,130000,4.0,1.595,1.0,1.297
济南市,正常,2016,992000.0,4.0,2005,130000,4.0,7.631,1.0,4.316
济南市,正常,2017,180000.0,2.08,2005,130000,4.0,1.385,0.52,0.952
济南市,正常,2018,189500.0,2.06,2005,130000,4.0,1.458,0.515,0.986
济南市,正常,2019,194000.0,2.01,2005,130000,4.0,1.492,0.502,0.997
济南市,正常,2020,194000.0,2.01,2005,130000,4.0,1.492,0.502,0.997
济南市,正常,2021,913000.0,,2005,130000,4.0,7.023,,
济南市,正常,2022,173000.0,,2005,130000,4.0,1.331,,
济南市,正常,2023,175000.0,,2005,130000,4.0,1.346,,
济南市,正常,2024,215900.0,,2005,130000,4.0,1.661,,
济宁市,正常,2003,94000.0,3.4,2003,94000,3.4,1.0,1.0,1.0
济宁市,正常,2004,100800.0,3.4,2003,94000,3.4,1.072,1.0,1.036
济宁市,正常,2005,110000.0,3.2,2003,94000,3.4,1.17,0.941,1.055
济宁市,正常,2006,85000.0,3.3,2003,94000,3.4,0.904,0.971,0.938
济宁市,正常,2007,484700.0,4.0,2003,94000,3.4,5.156,1.176,3.166
济宁市,正常,2008,86000.0,3.94,2003,94000,3.4,0.915,1.159,1.037
济宁市,正常,2009,87000.0,4.0,2003,94000,3.4,0.926,1.176,1.051
济宁市,正常,2010,100000.0,4.0,2003,94000,3.4,1.064,1.176,1.12
济宁市,正常,2011,381000.0,4.0,2003,94000,3.4,4.053,1.176,2.614
济宁市,正常,2012,127000.0,3.0,2003,94000,3.4,1.351,0.882,1.116
济宁市,正常,2013,80000.0,3.0,2003,94000,3.4,0.851,0.882,0.866
济宁市,正常,2014,65000.0,4.0,2003,94000,3.4,0.691,1.176,0.934
济宁市,正常,2015,380000.0,4.0,2003,94000,3.4,4.043,1.176,2.61
济宁市,正常,2016,380000.0,4.0,2003,94000,3.4,4.043,1.176,2.61
济宁市,正常,2017,75000.0,,2003,94000,3.4,0.798,,
济宁市,正常,2018,77000.0,2.95,2003,94000,3.4,0.819,0.868,0.843
济宁市,正常,2019,71000.0,,2003,94000,3.4,0.755,,
济宁市,正常,2020,367000.0,3.1,2003,94000,3.4,3.904,0.912,2.408
济宁市,正常,2021,362000.0,,2003,94000,3.4,3.851,,
济宁市,正常,2022,66000.0,,2003,94000,3.4,0.702,,
济宁市,正常,2023,67000.0,,2003,94000,3.4,0.713,,
济宁市,正常,2024,61000.0,,2003,94000,3.4,0.649,,
海东市,空文件,2003,,,2014,9304,3.23,,,
海东市,空文件,2004,,,2014,9304,3.23,,,
海东市,空文件,2005,,,2014,9304,3.23,,,
海东市,空文件,2006,,,2014,9304,3.23,,,
海东市,空文件,2007,,,2014,9304,3.23,,,
海东市,空文件,2008,,,2014,9304,3.23,,,
海东市,空文件,2009,,,2014,9304,3.23,,,
海东市,空文件,2010,,,2014,9304,3.23,,,
海东市,空文件,2011,,,2014,9304,3.23,,,
海东市,正常,2012,,3.8,2014,9304,3.23,,1.176,
海东市,正常,2013,9073.0,,2014,9304,3.23,0.975,,
海东市,正常,2014,9304.0,3.23,2014,9304,3.23,1.0,1.0,1.0
海东市,正常,2015,9362.0,3.5,2014,9304,3.23,1.006,1.084,1.045
海东市,正常,2016,9710.0,3.11,2014,9304,3.23,1.044,0.963,1.004
海东市,正常,2017,9100.0,3.5,2014,9304,3.23,0.978,1.084,1.031
海东市,正常,2018,9163.0,3.29,2014,9304,3.23,0.985,1.019,1.002
海东市,正常,2019,9110.0,3.18,2014,9304,3.23,0.979,0.985,0.982
海东市,正常,2020,9513.0,3.2,2014,9304,3.23,1.022,0.991,1.006
海东市,正常,2021,9015.0,2.79,2014,9304,3.23,0.969,0.864,0.916
海东市,正常,2022,9000.0,2.25,2014,9304,3.23,0.967,0.697,0.832
海东市,正常,2023,9791.0,2.3,2014,9304,3.23,1.052,0.712,0.882
海东市,空文件,2024,,,2014,9304,3.23,,,
海口市,正常,2003,,3.5,2004,28900,3.5,,1.0,
海口市,正常,2004,28900.0,3.5,2004,28900,3.5,1.0,1.0,1.0
海口市,正常,2005,,4.0,2004,28900,3.5,,1.143,
海口市,正常,2006,99000.0,4.0,2004,28900,3.5,3.426,1.143,2.284
海口市,正常,2007,30000.0,4.0,2004,28900,3.5,1.038,1.143,1.09
海口市,正常,2008,31000.0,4.5,2004,28900,3.5,1.073,1.286,1.18
海口市,正常,2009,35900.0,2.5,2004,28900,3.5,1.242,0.714,0.978
海口市,正常,2010,57710000.0,4.6,2004,28900,3.5,1996.886,1.314,999.1
海口市,正常,2011,40000.0,0.94,2004,28900,3.5,1.384,0.269,0.826
海口市,正常,2012,42000.0,1.32,2004,28900,3.5,1.453,0.377,0.915
海口市,正常,2013,56000.0,1.32,2004,28900,3.5,1.938,0.377,1.158
海口市,正常,2014,56000.0,1.37,2004,28900,3.5,1.938,0.391,1.164
海口市,正常,2015,57000.0,0.9,2004,28900,3.5,1.972,0.257,1.114
海口市,正常,2016,47000.0,0.9,2004,28900,3.5,1.626,0.257,0.942
海口市,正常,2017,35000.0,1.3,2004,28900,3.5,1.211,0.371,0.791
海口市,正常,2018,33600.0,1.34,2004,28900,3.5,1.163,0.383,0.773
海口市,正常,2019,38500.0,1.75,2004,28900,3.5,1.332,0.5,0.916
海口市,正常,2020,189000.0,3.0,2004,28900,3.5,6.54,0.857,3.698
海口市,正常,2021,189000.0,2.59,2004,28900,3.5,6.54,0.74,3.64
海口市,正常,2022,53000.0,,2004,28900,3.5,1.834,,
海口市,正常,2023,65000.0,,2004,28900,3.5,2.249,,
海口市,正常,2024,67000.0,,2004,28900,3.5,2.318,,
淄博市,正常,2003,70000.0,3.7,2003,70000,3.7,1.0,1.0,1.0
淄博市,正常,2004,90000.0,4.0,2003,70000,3.7,1.286,1.081,1.184
淄博市,正常,2005,,3.0,2003,70000,3.7,,0.811,
淄博市,正常,2006,110000.0,3.5,2003,70000,3.7,1.571,0.946,1.258
淄博市,正常,2007,,,2003,70000,3.7,,,
淄博市,正常,2008,,,2003,70000,3.7,,,
淄博市,正常,2009,,2.83,2003,70000,3.7,,0.765,
淄博市,正常,2010,590000.0,4.0,2003,70000,3.7,8.429,1.081,4.755
淄博市,正常,2011,502000.0,3.0,2003,70000,3.7,7.171,0.811,3.991
淄博市,正常,2012,83000.0,4.0,2003,70000,3.7,1.186,1.081,1.134
淄博市,正常,2013,,4.0,2003,70000,3.7,,1.081,
淄博市,正常,2014,70000.0,2.73,2003,70000,3.7,1.0,0.738,0.869
淄博市,正常,2015,350000.0,2.81,2003,70000,3.7,5.0,0.759,2.88
淄博市,正常,2016,70000.0,3.0,2003,70000,3.7,1.0,0.811,0.906
淄博市,正常,2017,77600.0,2.9,2003,70000,3.7,1.109,0.784,0.946
淄博市,正常,2018,,2.44,2003,70000,3.7,,0.659,
淄博市,正常,2019,,2.2,2003,70000,3.7,,0.595,
淄博市,正常,2020,524600.0,2.34,2003,70000,3.7,7.494,0.632,4.063
淄博市,正常,2021,494200.0,,2003,70000,3.7,7.06,,
淄博市,正常,2022,59000.0,,2003,70000,3.7,0.843,,
淄博市,正常,2023,59000.0,,2003,70000,3.7,0.843,,
淄博市,正常,2024,60000.0,5.5,2003,70000,3.7,0.857,1.486,1.172
淮北市,空文件,2003,,,2007,30000,3.8,,,
淮北市,空文件,2004,,,2007,30000,3.8,,,
淮北市,正常,2005,,4.0,2007,30000,3.8,,1.053,
淮北市,正常,2006,,4.0,2007,30000,3.8,,1.053,
淮北市,正常,2007,30000.0,3.8,2007,30000,3.8,1.0,1.0,1.0
淮北市,正常,2008,33000.0,4.2,2007,30000,3.8,1.1,1.105,1.102
淮北市,正常,2009,33000.0,3.9,2007,30000,3.8,1.1,1.026,1.063
淮北市,正常,2010,42000.0,3.9,2007,30000,3.8,1.4,1.026,1.213
淮北市,正常,2011,35000.0,4.2,2007,30000,3.8,1.167,1.105,1.136
淮北市,正常,2012,76900.0,4.1,2007,30000,3.8,2.563,1.079,1.821
淮北市,正常,2013,45000.0,4.1,2007,30000,3.8,1.5,1.079,1.289
淮北市,正常,2014,42000.0,4.06,2007,30000,3.8,1.4,1.068,1.234
淮北市,正常,2015,45000.0,4.1,2007,30000,3.8,1.5,1.079,1.289
淮北市,正常,2016,,4.2,2007,30000,3.8,,1.105,
淮北市,正常,2017,48000.0,2.59,2007,30000,3.8,1.6,0.682,1.141
淮北市,正常,2018,52000.0,2.57,2007,30000,3.8,1.733,0.676,1.205
淮北市,正常,2019,49000.0,2.5,2007,30000,3.8,1.633,0.658,1.146
淮北市,正常,2020,44000.0,2.76,2007,30000,3.8,1.467,0.726,1.096
淮北市,正常,2021,38000.0,2.8,2007,30000,3.8,1.267,0.737,1.002
淮北市,正常,2022,33400.0,,2007,30000,3.8,1.113,,
淮北市,正常,2023,35000.0,,2007,30000,3.8,1.167,,
淮北市,正常,2024,12560000.0,5.5,2007,30000,3.8,418.667,1.447,210.057
淮南市,空文件,2003,,,2007,32000,4.2,,,
淮南市,空文件,2004,,,2007,32000,4.2,,,
淮南市,空文件,2005,,,2007,32000,4.2,,,
淮南市,空文件,2006,,,2007,32000,4.2,,,
淮南市,正常,2007,32000.0,4.2,2007,32000,4.2,1.0,1.0,1.0
淮南市,正常,2008,32000.0,4.4,2007,32000,4.2,1.0,1.048,1.024
淮南市,正常,2009,,4.43,2007,32000,4.2,,1.055,
淮南市,正常,2010,170000.0,4.37,2007,32000,4.2,5.312,1.04,3.176
淮南市,正常,2011,,4.1,2007,32000,4.2,,0.976,
淮南市,正常,2012,58000.0,4.5,2007,32000,4.2,1.812,1.071,1.442
淮南市,正常,2013,48000.0,4.0,2007,32000,4.2,1.5,0.952,1.226
淮南市,正常,2014,47000.0,,2007,32000,4.2,1.469,,
淮南市,正常,2015,45000.0,4.0,2007,32000,4.2,1.406,0.952,1.179
淮南市,正常,2016,54000.0,4.0,2007,32000,4.2,1.688,0.952,1.32
淮南市,正常,2017,256000.0,5.3,2007,32000,4.2,8.0,1.262,4.631
淮南市,正常,2018,61000.0,5.0,2007,32000,4.2,1.906,1.19,1.548
淮南市,正常,2019,50000.0,4.5,2007,32000,4.2,1.562,1.071,1.316
淮南市,正常,2020,40000.0,4.5,2007,32000,4.2,1.25,1.071,1.16
淮南市,正常,2021,202000.0,4.5,2007,32000,4.2,6.312,1.071,3.692
淮南市,正常,2022,36000.0,,2007,32000,4.2,1.125,,
淮南市,正常,2023,39000.0,,2007,32000,4.2,1.219,,
淮南市,正常,2024,27000.0,,2007,32000,4.2,0.844,,
淮安市,空文件,2003,,,2010,55000,3.0,,,
淮安市,空文件,2004,,,2010,55000,3.0,,,
淮安市,空文件,2005,,,2010,55000,3.0,,,
淮安市,空文件,2006,,,2010,55000,3.0,,,
淮安市,正常,2007,,3.5,2010,55000,3.0,,1.167,
淮安市,空文件,2008,,,2010,55000,3.0,,,
淮安市,空文件,2009,,,2010,55000,3.0,,,
淮安市,正常,2010,55000.0,3.0,2010,55000,3.0,1.0,1.0,1.0
淮安市,正常,2011,391000.0,4.0,2010,55000,3.0,7.109,1.333,4.221
淮安市,正常,2012,67000.0,2.25,2010,55000,3.0,1.218,0.75,0.984
淮安市,正常,2013,,4.0,2010,55000,3.0,,1.333,
淮安市,正常,2014,60000.0,4.0,2010,55000,3.0,1.091,1.333,1.212
淮安市,正常,2015,339000.0,4.0,2010,55000,3.0,6.164,1.333,3.748
淮安市,正常,2016,60000.0,1.87,2010,55000,3.0,1.091,0.623,0.857
淮安市,正常,2017,91000.0,4.0,2010,55000,3.0,1.655,1.333,1.494
淮安市,正常,2018,92000.0,4.0,2010,55000,3.0,1.673,1.333,1.503
淮安市,正常,2019,78000.0,1.8,2010,55000,3.0,1.418,0.6,1.009
淮安市,正常,2020,67400.0,1.76,2010,55000,3.0,1.225,0.587,0.906
淮安市,正常,2021,69000.0,,2010,55000,3.0,1.255,,
淮安市,正常,2022,67000.0,,2010,55000,3.0,1.218,,
淮安市,正常,2023,66000.0,,2010,55000,3.0,1.2,,
淮安市,正常,2024,45000.0,,2010,55000,3.0,0.818,,
深圳市,正常,2003,,2.6,2012,99400,2.42,,1.074,
深圳市,正常,2004,,2.6,2012,99400,2.42,,1.074,
深圳市,正常,2005,,2.37,2012,99400,2.42,,0.979,
深圳市,正常,2006,,2.31,2012,99400,2.42,,0.955,
深圳市,正常,2007,,3.0,2012,99400,2.42,,1.24,
深圳市,正常,2008,,2.3,2012,99400,2.42,,0.95,
深圳市,正常,2009,,3.0,2012,99400,2.42,,1.24,
深圳市,正常,2010,,3.0,2012,99400,2.42,,1.24,
深圳市,正常,2011,,2.2,2012,99400,2.42,,0.909,
深圳市,正常,2012,99400.0,2.42,2012,99400,2.42,1.0,1.0,1.0
深圳市,正常,2013,80000.0,2.35,2012,99400,2.42,0.805,0.971,0.888
深圳市,正常,2014,,3.0,2012,99400,2.42,,1.24,
深圳市,正常,2015,80000.0,3.0,2012,99400,2.42,0.805,1.24,1.022
深圳市,正常,2016,103000.0,2.3,2012,99400,2.42,1.036,0.95,0.993
深圳市,正常,2017,,3.0,2012,99400,2.42,,1.24,
深圳市,正常,2018,109000.0,2.5,2012,99400,2.42,1.097,1.033,1.065
深圳市,正常,2019,160000.0,2.2,2012,99400,2.42,1.61,0.909,1.26
深圳市,正常,2020,646000.0,,2012,99400,2.42,6.499,,
深圳市,正常,2021,180000.0,5.5,2012,99400,2.42,1.811,2.273,2.042
深圳市,正常,2022,182000.0,,2012,99400,2.42,1.831,,
深圳市,正常,2023,197000.0,,2012,99400,2.42,1.982,,
深圳市,正常,2024,207000.0,,2012,99400,2.42,2.082,,
清远市,正常,2003,,3.5,2009,62800,3.1,,1.129,
清远市,正常,2004,,3.5,2009,62800,3.1,,1.129,
清远市,正常,2005,,3.53,2009,62800,3.1,,1.139,
清远市,正常,2006,,3.2,2009,62800,3.1,,1.032,
清远市,正常,2007,,3.5,2009,62800,3.1,,1.129,
清远市,正常,2008,,2.86,2009,62800,3.1,,0.923,
清远市,正常,2009,62800.0,3.1,2009,62800,3.1,1.0,1.0,1.0
清远市,正常,2010,304000.0,3.5,2009,62800,3.1,4.841,1.129,2.985
清远市,正常,2011,296800.0,3.5,2009,62800,3.1,4.726,1.129,2.928
清远市,正常,2012,56700.0,3.5,2009,62800,3.1,0.903,1.129,1.016
清远市,正常,2013,50000.0,3.5,2009,62800,3.1,0.796,1.129,0.962
清远市,正常,2014,52000.0,3.5,2009,62800,3.1,0.828,1.129,0.978
清远市,正常,2015,51200.0,2.37,2009,62800,3.1,0.815,0.765,0.79
清远市,正常,2016,46000.0,3.5,2009,62800,3.1,0.732,1.129,0.93
清远市,正常,2017,47800.0,2.37,2009,62800,3.1,0.761,0.765,0.763
清远市,正常,2018,44000.0,2.38,2009,62800,3.1,0.701,0.768,0.734
清远市,正常,2019,37000.0,2.38,2009,62800,3.1,0.589,0.768,0.678
清远市,正常,2020,36200.0,2.5,2009,62800,3.1,0.576,0.806,0.691
清远市,正常,2021,203000.0,3.0,2009,62800,3.1,3.232,0.968,2.1
清远市,正常,2022,37700.0,,2009,62800,3.1,0.6,,
清远市,正常,2023,37000.0,,2009,62800,3.1,0.589,,
清远市,正常,2024,32000.0,,2009,62800,3.1,0.51,,
温州市,正常,2003,,4.5,2009,84000,4.0,,1.125,
温州市,正常,2004,,2.7,2009,84000,4.0,,0.675,
温州市,正常,2005,,4.0,2009,84000,4.0,,1.0,
温州市,正常,2006,,4.0,2009,84000,4.0,,1.0,
温州市,正常,2007,,4.0,2009,84000,4.0,,1.0,
温州市,正常,2008,,2.5,2009,84000,4.0,,0.625,
温州市,正常,2009,84000.0,4.0,2009,84000,4.0,1.0,1.0,1.0
温州市,正常,2010,384000.0,,2009,84000,4.0,4.571,,
温州市,正常,2011,80000.0,,2009,84000,4.0,0.952,,
温州市,正常,2012,80000.0,,2009,84000,4.0,0.952,,
温州市,正常,2013,85000.0,,2009,84000,4.0,1.012,,
温州市,正常,2014,,1.91,2009,84000,4.0,,0.478,
温州市,正常,2015,,,2009,84000,4.0,,,
温州市,正常,2016,,,2009,84000,4.0,,,
温州市,正常,2017,,,2009,84000,4.0,,,
温州市,正常,2018,117000.0,2.8,2009,84000,4.0,1.393,0.7,1.046
温州市,正常,2019,100000.0,,2009,84000,4.0,1.19,,
温州市,正常,2020,620000.0,3.5,2009,84000,4.0,7.381,0.875,4.128
温州市,正常,2021,680000.0,5.5,2009,84000,4.0,8.095,1.375,4.735
温州市,正常,2022,102000.0,5.0,2009,84000,4.0,1.214,1.25,1.232
温州市,正常,2023,96000.0,5.0,2009,84000,4.0,1.143,1.25,1.196
温州市,正常,2024,97000.0,5.0,2009,84000,4.0,1.155,1.25,1.203
渭南市,空文件,2003,,,2005,40000,3.6,,,
渭南市,空文件,2004,,,2005,40000,3.6,,,
渭南市,正常,2005,40000.0,3.6,2005,40000,3.6,1.0,1.0,1.0
渭南市,正常,2006,45000.0,4.0,2005,40000,3.6,1.125,1.111,1.118
渭南市,正常,2007,55000.0,3.7,2005,40000,3.6,1.375,1.028,1.202
渭南市,正常,2008,73000.0,3.7,2005,40000,3.6,1.825,1.028,1.426
渭南市,正常,2009,280000.0,3.4,2005,40000,3.6,7.0,0.944,3.972
渭南市,正常,2010,303000.0,4.0,2005,40000,3.6,7.575,1.111,4.343
渭南市,正常,2011,72000.0,3.2,2005,40000,3.6,1.8,0.889,1.344
渭南市,正常,2012,73600.0,2.69,2005,40000,3.6,1.84,0.747,1.294
渭南市,正常,2013,74000.0,3.3,2005,40000,3.6,1.85,0.917,1.384
渭南市,正常,2014,72000.0,4.0,2005,40000,3.6,1.8,1.111,1.456
渭南市,正常,2015,432000.0,3.2,2005,40000,3.6,10.8,0.889,5.844
渭南市,正常,2016,64000.0,4.0,2005,40000,3.6,1.6,1.111,1.356
渭南市,正常,2017,63000.0,3.21,2005,40000,3.6,1.575,0.892,1.234
渭南市,正常,2018,64000.0,4.3,2005,40000,3.6,1.6,1.194,1.397
渭南市,正常,2019,55800.0,3.1,2005,40000,3.6,1.395,0.861,1.128
渭南市,正常,2020,51700.0,4.5,2005,40000,3.6,1.292,1.25,1.271
渭南市,正常,2021,53700.0,3.61,2005,40000,3.6,1.342,1.003,1.172
渭南市,正常,2022,48700.0,5.5,2005,40000,3.6,1.218,1.528,1.373
渭南市,正常,2023,43000.0,5.5,2005,40000,3.6,1.075,1.528,1.301
渭南市,正常,2024,44000.0,5.5,2005,40000,3.6,1.1,1.528,1.314
湖州市,空文件,2003,,,2010,62000,3.2,,,
湖州市,空文件,2004,,,2010,62000,3.2,,,
湖州市,空文件,2005,,,2010,62000,3.2,,,
湖州市,空文件,2006,,,2010,62000,3.2,,,
湖州市,空文件,2007,,,2010,62000,3.2,,,
湖州市,空文件,2008,,,2010,62000,3.2,,,
湖州市,空文件,2009,,,2010,62000,3.2,,,
湖州市,正常,2010,62000.0,3.2,2010,62000,3.2,1.0,1.0,1.0
湖州市,正常,2011,276000.0,4.0,2010,62000,3.2,4.452,1.25,2.851
湖州市,空文件,2012,,,2010,62000,3.2,,,
湖州市,正常,2013,58200.0,3.07,2010,62000,3.2,0.939,0.959,0.949
湖州市,正常,2014,62600.0,2.98,2010,62000,3.2,1.01,0.931,0.97
湖州市,正常,2015,76000.0,2.67,2010,62000,3.2,1.226,0.834,1.03
湖州市,正常,2016,346000.0,2.52,2010,62000,3.2,5.581,0.788,3.185
湖州市,正常,2017,106000.0,2.22,2010,62000,3.2,1.71,0.694,1.202
湖州市,正常,2018,121000.0,2.32,2010,62000,3.2,1.952,0.725,1.338
湖州市,正常,2019,156000.0,1.86,2010,62000,3.2,2.516,0.581,1.548
湖州市,正常,2020,173000.0,1.5,2010,62000,3.2,2.79,0.469,1.63
湖州市,正常,2021,666000.0,,2010,62000,3.2,10.742,,
湖州市,正常,2022,73000.0,5.0,2010,62000,3.2,1.177,1.562,1.37
湖州市,正常,2023,69000.0,5.0,2010,62000,3.2,1.113,1.562,1.338
湖州市,正常,2024,77000.0,5.0,2010,62000,3.2,1.242,1.562,1.402
湘潭市,空文件,2003,,,2008,61500,4.2,,,
湘潭市,空文件,2004,,,2008,61500,4.2,,,
湘潭市,空文件,2005,,,2008,61500,4.2,,,
湘潭市,空文件,2006,,,2008,61500,4.2,,,
湘潭市,空文件,2007,,,2008,61500,4.2,,,
湘潭市,正常,2008,61500.0,4.2,2008,61500,4.2,1.0,1.0,1.0
湘潭市,正常,2009,47000.0,4.5,2008,61500,4.2,0.764,1.071,0.918
湘潭市,正常,2010,255000.0,4.3,2008,61500,4.2,4.146,1.024,2.585
湘潭市,正常,2011,53000.0,,2008,61500,4.2,0.862,,
湘潭市,正常,2012,258000.0,4.3,2008,61500,4.2,4.195,1.024,2.61
湘潭市,正常,2013,62400.0,4.3,2008,61500,4.2,1.015,1.024,1.019
湘潭市,正常,2014,64000.0,,2008,61500,4.2,1.041,,
湘潭市,正常,2015,280000.0,4.5,2008,61500,4.2,4.553,1.071,2.812
湘潭市,正常,2016,52400.0,4.2,2008,61500,4.2,0.852,1.0,0.926
湘潭市,正常,2017,56000.0,,2008,61500,4.2,0.911,,
湘潭市,正常,2018,63000.0,3.5,2008,61500,4.2,1.024,0.833,0.928
湘潭市,正常,2019,54000.0,3.28,2008,61500,4.2,0.878,0.781,0.83
湘潭市,正常,2020,51000.0,5.8,2008,61500,4.2,0.829,1.381,1.105
湘潭市,正常,2021,280000.0,4.5,2008,61500,4.2,4.553,1.071,2.812
湘潭市,正常,2022,50000.0,5.5,2008,61500,4.2,0.813,1.31,1.062
湘潭市,正常,2023,52000.0,5.5,2008,61500,4.2,0.846,1.31,1.078
湘潭市,正常,2024,50000.0,5.5,2008,61500,4.2,0.813,1.31,1.062
湛江市,正常,2003,,3.5,2008,53600,3.5,,1.0,
湛江市,正常,2004,,3.5,2008,53600,3.5,,1.0,
湛江市,正常,2005,,3.2,2008,53600,3.5,,0.914,
湛江市,正常,2006,,3.2,2008,53600,3.5,,0.914,
湛江市,正常,2007,,3.5,2008,53600,3.5,,1.0,
湛江市,正常,2008,53600.0,3.5,2008,53600,3.5,1.0,1.0,1.0
湛江市,正常,2009,65000.0,3.12,2008,53600,3.5,1.213,0.891,1.052
湛江市,正常,2010,66000.0,3.5,2008,53600,3.5,1.231,1.0,1.116
湛江市,正常,2011,69000.0,3.5,2008,53600,3.5,1.287,1.0,1.144
湛江市,正常,2012,70000.0,3.5,2008,53600,3.5,1.306,1.0,1.153
湛江市,正常,2013,73000.0,3.5,2008,53600,3.5,1.362,1.0,1.181
湛江市,正常,2014,77000.0,3.0,2008,53600,3.5,1.437,0.857,1.147
湛江市,正常,2015,77600.0,3.0,2008,53600,3.5,1.448,0.857,1.152
湛江市,正常,2016,78000.0,3.5,2008,53600,3.5,1.455,1.0,1.228
湛江市,正常,2017,79000.0,3.5,2008,53600,3.5,1.474,1.0,1.237
湛江市,正常,2018,79000.0,2.4,2008,53600,3.5,1.474,0.686,1.08
湛江市,正常,2019,73800.0,3.5,2008,53600,3.5,1.377,1.0,1.188
湛江市,正常,2020,381900.0,3.5,2008,53600,3.5,7.125,1.0,4.062
湛江市,正常,2021,361300.0,2.33,2008,53600,3.5,6.741,0.666,3.704
湛江市,正常,2022,57000.0,,2008,53600,3.5,1.063,,
湛江市,正常,2023,63000.0,,2008,53600,3.5,1.175,,
湛江市,正常,2024,64800.0,,2008,53600,3.5,1.209,,
滁州市,空文件,2003,,,2007,150000,4.0,,,
滁州市,空文件,2004,,,2007,150000,4.0,,,
滁州市,空文件,2005,,,2007,150000,4.0,,,
滁州市,空文件,2006,,,2007,150000,4.0,,,
滁州市,正常,2007,150000.0,4.0,2007,150000,4.0,1.0,1.0,1.0
滁州市,正常,2008,,4.4,2007,150000,4.0,,1.1,
滁州市,正常,2009,30000.0,4.4,2007,150000,4.0,0.2,1.1,0.65
滁州市,正常,2010,170000.0,4.0,2007,150000,4.0,1.133,1.0,1.066
滁州市,正常,2011,78000.0,4.4,2007,150000,4.0,0.52,1.1,0.81
滁州市,正常,2012,280000.0,,2007,150000,4.0,1.867,,
滁州市,正常,2013,94000.0,3.5,2007,150000,4.0,0.627,0.875,0.751
滁州市,正常,2014,93000.0,3.3,2007,150000,4.0,0.62,0.825,0.722
滁州市,正常,2015,90000.0,4.4,2007,150000,4.0,0.6,1.1,0.85
滁州市,正常,2016,82000.0,3.2,2007,150000,4.0,0.547,0.8,0.674
滁州市,正常,2017,440000.0,4.4,2007,150000,4.0,2.933,1.1,2.016
滁州市,正常,2018,89000.0,2.8,2007,150000,4.0,0.593,0.7,0.646
滁州市,正常,2019,89000.0,2.73,2007,150000,4.0,0.593,0.682,0.638
滁州市,正常,2020,94000.0,2.8,2007,150000,4.0,0.627,0.7,0.664
滁州市,正常,2021,111000.0,5.5,2007,150000,4.0,0.74,1.375,1.058
滁州市,正常,2022,113000.0,,2007,150000,4.0,0.753,,
滁州市,正常,2023,142000.0,5.5,2007,150000,4.0,0.947,1.375,1.161
滁州市,正常,2024,61000.0,,2007,150000,4.0,0.407,,
滨州市,正常,2003,,3.5,2005,33000,4.0,,0.875,
滨州市,正常,2004,,3.66,2005,33000,4.0,,0.915,
滨州市,正常,2005,33000.0,4.0,2005,33000,4.0,1.0,1.0,1.0
滨州市,正常,2006,,2.9,2005,33000,4.0,,0.725,
滨州市,正常,2007,30000.0,3.8,2005,33000,4.0,0.909,0.95,0.93
滨州市,正常,2008,37000.0,3.07,2005,33000,4.0,1.121,0.768,0.944
滨州市,正常,2009,42000.0,3.14,2005,33000,4.0,1.273,0.785,1.029
滨州市,正常,2010,205000.0,3.6,2005,33000,4.0,6.212,0.9,3.556
滨州市,正常,2011,35000.0,3.6,2005,33000,4.0,1.061,0.9,0.98
滨州市,正常,2012,80000.0,,2005,33000,4.0,2.424,,
滨州市,正常,2013,72000.0,3.3,2005,33000,4.0,2.182,0.825,1.503
滨州市,正常,2014,50000.0,3.6,2005,33000,4.0,1.515,0.9,1.208
滨州市,正常,2015,322000.0,3.6,2005,33000,4.0,9.758,0.9,5.329
滨州市,正常,2016,42000.0,4.0,2005,33000,4.0,1.273,1.0,1.136
滨州市,正常,2017,37000.0,3.6,2005,33000,4.0,1.121,0.9,1.01
滨州市,正常,2018,42000.0,2.6,2005,33000,4.0,1.273,0.65,0.962
滨州市,正常,2019,49000.0,1.8,2005,33000,4.0,1.485,0.45,0.968
滨州市,正常,2020,199000.0,4.5,2005,33000,4.0,6.03,1.125,3.578
滨州市,正常,2021,204000.0,,2005,33000,4.0,6.182,,
滨州市,正常,2022,40000.0,,2005,33000,4.0,1.212,,
滨州市,正常,2023,43000.0,,2005,33000,4.0,1.303,,
滨州市,正常,2024,43000.0,,2005,33000,4.0,1.303,,
漯河市,正常,2003,,2.9,2004,32201,2.88,,1.007,
漯河市,正常,2004,32201.0,2.88,2004,32201,2.88,1.0,1.0,1.0
漯河市,正常,2005,125000.0,4.0,2004,32201,2.88,3.882,1.389,2.636
漯河市,正常,2006,167000.0,,2004,32201,2.88,5.186,,
漯河市,正常,2007,53900.0,2.09,2004,32201,2.88,1.674,0.726,1.2
漯河市,正常,2008,59000.0,,2004,32201,2.88,1.832,,
漯河市,正常,2009,65000.0,3.55,2004,32201,2.88,2.019,1.233,1.626
漯河市,正常,2010,160000.0,,2004,32201,2.88,4.969,,
漯河市,正常,2011,190000.0,,2004,32201,2.88,5.9,,
漯河市,正常,2012,74000.0,,2004,32201,2.88,2.298,,
漯河市,正常,2013,56000.0,,2004,32201,2.88,1.739,,
漯河市,正常,2014,57000.0,,2004,32201,2.88,1.77,,
漯河市,正常,2015,290000.0,,2004,32201,2.88,9.006,,
漯河市,正常,2016,150000.0,,2004,32201,2.88,4.658,,
漯河市,正常,2017,44000.0,4.5,2004,32201,2.88,1.366,1.562,1.464
漯河市,正常,2018,44800.0,2.22,2004,32201,2.88,1.391,0.771,1.081
漯河市,正常,2019,45000.0,,2004,32201,2.88,1.397,,
漯河市,正常,2020,38000.0,,2004,32201,2.88,1.18,,
漯河市,正常,2021,34000.0,5.5,2004,32201,2.88,1.056,1.91,1.483
漯河市,正常,2022,225000.0,,2004,32201,2.88,6.987,,
漯河市,正常,2023,38000.0,,2004,32201,2.88,1.18,,
漯河市,正常,2024,37000.0,,2004,32201,2.88,1.149,,
漳州市,空文件,2003,,,2005,43200,4.3,,,
漳州市,正常,2004,,4.2,2005,43200,4.3,,0.977,
漳州市,正常,2005,43200.0,4.3,2005,43200,4.3,1.0,1.0,1.0
漳州市,正常,2006,215000.0,4.0,2005,43200,4.3,4.977,0.93,2.954
漳州市,正常,2007,56200.0,3.8,2005,43200,4.3,1.301,0.884,1.092
漳州市,正常,2008,54300.0,3.08,2005,43200,4.3,1.257,0.716,0.986
漳州市,正常,2009,58000.0,3.0,2005,43200,4.3,1.343,0.698,1.02
漳州市,正常,2010,59000.0,2.6,2005,43200,4.3,1.366,0.605,0.986
漳州市,正常,2011,59000.0,2.02,2005,43200,4.3,1.366,0.47,0.918
漳州市,正常,2012,53000.0,2.0,2005,43200,4.3,1.227,0.465,0.846
漳州市,正常,2013,52300.0,1.99,2005,43200,4.3,1.211,0.463,0.837
漳州市,正常,2014,51000.0,2.02,2005,43200,4.3,1.181,0.47,0.826
漳州市,正常,2015,51300.0,2.05,2005,43200,4.3,1.188,0.477,0.832
漳州市,正常,2016,51400.0,2.24,2005,43200,4.3,1.19,0.521,0.855
漳州市,正常,2017,48300.0,2.23,2005,43200,4.3,1.118,0.519,0.818
漳州市,正常,2018,46000.0,2.5,2005,43200,4.3,1.065,0.581,0.823
漳州市,正常,2019,39400.0,2.43,2005,43200,4.3,0.912,0.565,0.738
漳州市,正常,2020,51200.0,3.59,2005,43200,4.3,1.185,0.835,1.01
漳州市,正常,2021,51500.0,4.5,2005,43200,4.3,1.192,1.047,1.12
漳州市,正常,2022,45178.0,,2005,43200,4.3,1.046,,
漳州市,正常,2023,38000.0,,2005,43200,4.3,0.88,,
漳州市,正常,2024,38700.0,,2005,43200,4.3,0.896,,
潍坊市,正常,2003,,,2004,100000,3.5,,,
潍坊市,正常,2004,100000.0,3.5,2004,100000,3.5,1.0,1.0,1.0
潍坊市,正常,2005,550000.0,3.5,2004,100000,3.5,5.5,1.0,3.25
潍坊市,正常,2006,120000.0,3.5,2004,100000,3.5,1.2,1.0,1.1
潍坊市,正常,2007,,3.5,2004,100000,3.5,,1.0,
潍坊市,正常,2008,132000.0,3.2,2004,100000,3.5,1.32,0.914,1.117
潍坊市,正常,2009,116000.0,3.28,2004,100000,3.5,1.16,0.937,1.048
潍坊市,正常,2010,567000.0,3.17,2004,100000,3.5,5.67,0.906,3.288
潍坊市,正常,2011,,3.13,2004,100000,3.5,,0.894,
潍坊市,正常,2012,121000.0,3.1,2004,100000,3.5,1.21,0.886,1.048
潍坊市,正常,2013,125000.0,3.8,2004,100000,3.5,1.25,1.086,1.168
潍坊市,正常,2014,,3.8,2004,100000,3.5,,1.086,
潍坊市,正常,2015,,3.8,2004,100000,3.5,,1.086,
潍坊市,正常,2016,100000.0,2.9,2004,100000,3.5,1.0,0.829,0.914
潍坊市,正常,2017,112000.0,2.91,2004,100000,3.5,1.12,0.831,0.976
潍坊市,正常,2018,108000.0,2.9,2004,100000,3.5,1.08,0.829,0.954
潍坊市,正常,2019,13520000.0,6.0,2004,100000,3.5,135.2,1.714,68.457
潍坊市,正常,2020,11860000.0,5.5,2004,100000,3.5,118.6,1.571,60.085
潍坊市,正常,2021,529600.0,4.5,2004,100000,3.5,5.296,1.286,3.291
潍坊市,正常,2022,95000.0,,2004,100000,3.5,0.95,,
潍坊市,正常,2023,95000.0,,2004,100000,3.5,0.95,,
潍坊市,正常,2024,106100.0,,2004,100000,3.5,1.061,,
潮州市,正常,2003,,2.62,2007,20166,2.43,,1.078,
潮州市,正常,2004,,2.64,2007,20166,2.43,,1.086,
潮州市,正常,2005,,2.8,2007,20166,2.43,,1.152,
潮州市,正常,2006,,2.5,2007,20166,2.43,,1.029,
潮州市,正常,2007,20166.0,2.43,2007,20166,2.43,1.0,1.0,1.0
潮州市,正常,2008,25000.0,2.49,2007,20166,2.43,1.24,1.025,1.132
潮州市,正常,2009,30798.0,2.46,2007,20166,2.43,1.527,1.012,1.269
潮州市,正常,2010,30000.0,2.33,2007,20166,2.43,1.488,0.959,1.224
潮州市,正常,2011,30000.0,2.21,2007,20166,2.43,1.488,0.909,1.199
潮州市,正常,2012,37100.0,2.35,2007,20166,2.43,1.84,0.967,1.404
潮州市,正常,2013,32000.0,2.35,2007,20166,2.43,1.587,0.967,1.277
潮州市,正常,2014,25013.0,2.47,2007,20166,2.43,1.24,1.016,1.128
潮州市,正常,2015,20000.0,3.5,2007,20166,2.43,0.992,1.44,1.216
潮州市,正常,2016,18000.0,3.5,2007,20166,2.43,0.893,1.44,1.166
潮州市,正常,2017,18700.0,2.58,2007,20166,2.43,0.927,1.062,0.994
潮州市,正常,2018,15000.0,3.5,2007,20166,2.43,0.744,1.44,1.092
潮州市,正常,2019,15000.0,2.38,2007,20166,2.43,0.744,0.979,0.861
潮州市,正常,2020,12000.0,3.5,2007,20166,2.43,0.595,1.44,1.018
潮州市,正常,2021,10000.0,,2007,20166,2.43,0.496,,
潮州市,正常,2022,10300.0,,2007,20166,2.43,0.511,,
潮州市,正常,2023,10000.0,,2007,20166,2.43,0.496,,
潮州市,正常,2024,10000.0,,2007,20166,2.43,0.496,,
濮阳市,正常,2003,,4.5,2004,42000,4.5,,1.0,
濮阳市,正常,2004,42000.0,4.5,2004,42000,4.5,1.0,1.0,1.0
濮阳市,正常,2005,48000.0,4.5,2004,42000,4.5,1.143,1.0,1.072
濮阳市,正常,2006,54000.0,4.0,2004,42000,4.5,1.286,0.889,1.088
濮阳市,正常,2007,89000.0,3.6,2004,42000,4.5,2.119,0.8,1.46
濮阳市,正常,2008,319000.0,4.5,2004,42000,4.5,7.595,1.0,4.297
濮阳市,正常,2009,76000.0,2.23,2004,42000,4.5,1.81,0.496,1.153
濮阳市,正常,2010,97000.0,2.59,2004,42000,4.5,2.31,0.576,1.443
濮阳市,正常,2011,70000.0,4.5,2004,42000,4.5,1.667,1.0,1.334
濮阳市,正常,2012,70000.0,,2004,42000,4.5,1.667,,
濮阳市,正常,2013,446000.0,,2004,42000,4.5,10.619,,
濮阳市,正常,2014,72800.0,,2004,42000,4.5,1.733,,
濮阳市,正常,2015,73000.0,,2004,42000,4.5,1.738,,
濮阳市,正常,2016,61000.0,,2004,42000,4.5,1.452,,
濮阳市,正常,2017,263000.0,4.5,2004,42000,4.5,6.262,1.0,3.631
濮阳市,正常,2018,51700.0,2.26,2004,42000,4.5,1.231,0.502,0.866
濮阳市,正常,2019,64000.0,,2004,42000,4.5,1.524,,
濮阳市,正常,2020,67000.0,,2004,42000,4.5,1.595,,
濮阳市,正常,2021,66300.0,,2004,42000,4.5,1.579,,
濮阳市,正常,2022,42000.0,,2004,42000,4.5,1.0,,
濮阳市,正常,2023,46000.0,5.5,2004,42000,4.5,1.095,1.222,1.158
濮阳市,正常,2024,46000.0,5.5,2004,42000,4.5,1.095,1.222,1.158
烟台市,正常,2003,102000.0,3.7,2003,102000,3.7,1.0,1.0,1.0
烟台市,正常,2004,,3.4,2003,102000,3.7,,0.919,
烟台市,正常,2005,,3.2,2003,102000,3.7,,0.865,
烟台市,正常,2006,,3.3,2003,102000,3.7,,0.892,
烟台市,正常,2007,,3.4,2003,102000,3.7,,0.919,
烟台市,正常,2008,143000.0,3.1,2003,102000,3.7,1.402,0.838,1.12
烟台市,正常,2009,148000.0,3.3,2003,102000,3.7,1.451,0.892,1.172
烟台市,正常,2010,120000.0,3.25,2003,102000,3.7,1.176,0.878,1.027
烟台市,正常,2011,650000.0,3.25,2003,102000,3.7,6.373,0.878,3.626
烟台市,正常,2012,195000.0,3.5,2003,102000,3.7,1.912,0.946,1.429
烟台市,正常,2013,170000.0,3.5,2003,102000,3.7,1.667,0.946,1.306
烟台市,正常,2014,188000.0,3.22,2003,102000,3.7,1.843,0.87,1.356
烟台市,正常,2015,886000.0,3.25,2003,102000,3.7,8.686,0.878,4.782
烟台市,正常,2016,807000.0,3.5,2003,102000,3.7,7.912,0.946,4.429
烟台市,正常,2017,145000.0,3.26,2003,102000,3.7,1.422,0.881,1.152
烟台市,正常,2018,130000.0,3.06,2003,102000,3.7,1.275,0.827,1.051
烟台市,正常,2019,138000.0,2.4,2003,102000,3.7,1.353,0.649,1.001
烟台市,正常,2020,110000.0,2.5,2003,102000,3.7,1.078,0.676,0.877
烟台市,正常,2021,109000.0,2.43,2003,102000,3.7,1.069,0.657,0.863
烟台市,正常,2022,104000.0,4.4,2003,102000,3.7,1.02,1.189,1.104
烟台市,正常,2023,109000.0,3.5,2003,102000,3.7,1.069,0.946,1.007
烟台市,正常,2024,100000.0,,2003,102000,3.7,0.98,,
焦作市,正常,2003,,4.5,2004,68000,4.3,,1.047,
焦作市,正常,2004,68000.0,4.3,2004,68000,4.3,1.0,1.0,1.0
焦作市,正常,2005,76000.0,3.6,2004,68000,4.3,1.118,0.837,0.978
焦作市,正常,2006,81000.0,3.6,2004,68000,4.3,1.191,0.837,1.014
焦作市,正常,2007,81000.0,4.5,2004,68000,4.3,1.191,1.047,1.119
焦作市,正常,2008,394799.0,4.6,2004,68000,4.3,5.806,1.07,3.438
焦作市,正常,2009,78800.0,4.5,2004,68000,4.3,1.159,1.047,1.103
焦作市,正常,2010,84000.0,4.5,2004,68000,4.3,1.235,1.047,1.141
焦作市,正常,2011,91000.0,5.0,2004,68000,4.3,1.338,1.163,1.251
焦作市,正常,2012,85200.0,4.5,2004,68000,4.3,1.253,1.047,1.15
焦作市,正常,2013,60000.0,4.5,2004,68000,4.3,0.882,1.047,0.964
焦作市,正常,2014,88000.0,,2004,68000,4.3,1.294,,
焦作市,正常,2015,90000.0,,2004,68000,4.3,1.324,,
焦作市,正常,2016,92000.0,,2004,68000,4.3,1.353,,
焦作市,正常,2017,390000.0,,2004,68000,4.3,5.735,,
焦作市,正常,2018,75500.0,,2004,68000,4.3,1.11,,
焦作市,正常,2019,73800.0,,2004,68000,4.3,1.085,,
焦作市,正常,2020,79900.0,5.5,2004,68000,4.3,1.175,1.279,1.227
焦作市,正常,2021,64500.0,,2004,68000,4.3,0.949,,
焦作市,正常,2022,331599.0,5.5,2004,68000,4.3,4.876,1.279,3.078
焦作市,正常,2023,60000.0,5.5,2004,68000,4.3,0.882,1.279,1.08
焦作市,正常,2024,65100.0,5.5,2004,68000,4.3,0.957,1.279,1.118
牡丹江市,正常,2003,,5.7,2004,200000,3.8,,1.5,
牡丹江市,正常,2004,200000.0,3.8,2004,200000,3.8,1.0,1.0,1.0
牡丹江市,正常,2005,60000.0,3.9,2004,200000,3.8,0.3,1.026,0.663
牡丹江市,正常,2006,60000.0,3.9,2004,200000,3.8,0.3,1.026,0.663
牡丹江市,正常,2007,71000.0,3.7,2004,200000,3.8,0.355,0.974,0.664
牡丹江市,正常,2008,63000.0,3.7,2004,200000,3.8,0.315,0.974,0.644
牡丹江市,正常,2009,,,2004,200000,3.8,,,
牡丹江市,正常,2010,67000.0,3.6,2004,200000,3.8,0.335,0.947,0.641
牡丹江市,正常,2011,66000.0,4.3,2004,200000,3.8,0.33,1.132,0.731
牡丹江市,正常,2012,66000.0,3.7,2004,200000,3.8,0.33,0.974,0.652
牡丹江市,正常,2013,72000.0,3.3,2004,200000,3.8,0.36,0.868,0.614
牡丹江市,正常,2014,66000.0,3.4,2004,200000,3.8,0.33,0.895,0.612
牡丹江市,正常,2015,62000.0,3.38,2004,200000,3.8,0.31,0.889,0.6
牡丹江市,正常,2016,54000.0,4.3,2004,200000,3.8,0.27,1.132,0.701
牡丹江市,正常,2017,56000.0,3.5,2004,200000,3.8,0.28,0.921,0.6
牡丹江市,正常,2018,59500.0,4.3,2004,200000,3.8,0.298,1.132,0.715
牡丹江市,正常,2019,61000.0,3.25,2004,200000,3.8,0.305,0.855,0.58
牡丹江市,正常,2020,2829000.0,4.5,2004,200000,3.8,14.145,1.184,7.664
牡丹江市,正常,2021,300000.0,5.0,2004,200000,3.8,1.5,1.316,1.408
牡丹江市,正常,2022,24000.0,,2004,200000,3.8,0.12,,
牡丹江市,正常,2023,2903.0,,2004,200000,3.8,0.015,,
牡丹江市,正常,2024,30000.0,,2004,200000,3.8,0.15,,
玉林市,正常,2003,21900.0,,2007,21000,4.3,1.043,,
玉林市,正常,2004,,3.9,2007,21000,4.3,,0.907,
玉林市,正常,2005,,4.0,2007,21000,4.3,,0.93,
玉林市,正常,2006,,3.9,2007,21000,4.3,,0.907,
玉林市,正常,2007,21000.0,4.3,2007,21000,4.3,1.0,1.0,1.0
玉林市,正常,2008,20900.0,4.5,2007,21000,4.3,0.995,1.047,1.021
玉林市,正常,2009,23000.0,4.16,2007,21000,4.3,1.095,0.967,1.031
玉林市,正常,2010,92000.0,4.3,2007,21000,4.3,4.381,1.0,2.69
玉林市,正常,2011,,4.3,2007,21000,4.3,,1.0,
玉林市,正常,2012,25000.0,3.63,2007,21000,4.3,1.19,0.844,1.017
玉林市,空文件,2013,,,2007,21000,4.3,,,
玉林市,正常,2014,33000.0,,2007,21000,4.3,1.571,,
玉林市,正常,2015,85000.0,4.0,2007,21000,4.3,4.048,0.93,2.489
玉林市,正常,2016,30000.0,3.3,2007,21000,4.3,1.429,0.767,1.098
玉林市,正常,2017,47000.0,4.0,2007,21000,4.3,2.238,0.93,1.584
玉林市,正常,2018,30000.0,4.0,2007,21000,4.3,1.429,0.93,1.18
玉林市,正常,2019,42500.0,2.34,2007,21000,4.3,2.024,0.544,1.284
玉林市,正常,2020,365200.0,3.0,2007,21000,4.3,17.39,0.698,9.044
玉林市,正常,2021,43000.0,1.9,2007,21000,4.3,2.048,0.442,1.245
玉林市,正常,2022,43000.0,,2007,21000,4.3,2.048,,
玉林市,正常,2023,47000.0,,2007,21000,4.3,2.238,,
玉林市,正常,2024,51000.0,,2007,21000,4.3,2.429,,
玉溪市,正常,2003,,2.4,2004,12200,2.7,,0.889,
玉溪市,正常,2004,12200.0,2.7,2004,12200,2.7,1.0,1.0,1.0
玉溪市,正常,2005,11500.0,2.5,2004,12200,2.7,0.943,0.926,0.934
玉溪市,正常,2006,14000.0,2.7,2004,12200,2.7,1.148,1.0,1.074
玉溪市,正常,2007,79000.0,2.6,2004,12200,2.7,6.475,0.963,3.719
玉溪市,正常,2008,21000.0,2.6,2004,12200,2.7,1.721,0.963,1.342
玉溪市,正常,2009,21400.0,2.78,2004,12200,2.7,1.754,1.03,1.392
玉溪市,正常,2010,100000.0,3.0,2004,12200,2.7,8.197,1.111,4.654
玉溪市,正常,2011,23800.0,3.1,2004,12200,2.7,1.951,1.148,1.55
玉溪市,正常,2012,109000.0,4.0,2004,12200,2.7,8.934,1.481,5.208
玉溪市,正常,2013,21000.0,3.35,2004,12200,2.7,1.721,1.241,1.481
玉溪市,正常,2014,22000.0,3.3,2004,12200,2.7,1.803,1.222,1.512
玉溪市,正常,2015,113000.0,3.5,2004,12200,2.7,9.262,1.296,5.279
玉溪市,正常,2016,25500.0,3.5,2004,12200,2.7,2.09,1.296,1.693
玉溪市,正常,2017,120000.0,3.3,2004,12200,2.7,9.836,1.222,5.529
玉溪市,正常,2018,29700.0,3.19,2004,12200,2.7,2.434,1.181,1.808
玉溪市,正常,2019,31000.0,3.3,2004,12200,2.7,2.541,1.222,1.882
玉溪市,正常,2020,30000.0,3.78,2004,12200,2.7,2.459,1.4,1.93
玉溪市,正常,2021,35600.0,3.62,2004,12200,2.7,2.918,1.341,2.13
玉溪市,正常,2022,45000.0,5.5,2004,12200,2.7,3.689,2.037,2.863
玉溪市,正常,2023,28000.0,,2004,12200,2.7,2.295,,
玉溪市,正常,2024,,,2004,12200,2.7,,,
珠海市,正常,2003,,3.0,2010,44000,2.65,,1.132,
珠海市,正常,2004,,2.8,2010,44000,2.65,,1.057,
珠海市,正常,2005,,2.79,2010,44000,2.65,,1.053,
珠海市,正常,2006,,3.0,2010,44000,2.65,,1.132,
珠海市,正常,2007,,2.76,2010,44000,2.65,,1.042,
珠海市,正常,2008,,2.79,2010,44000,2.65,,1.053,
珠海市,正常,2009,,2.8,2010,44000,2.65,,1.057,
珠海市,正常,2010,44000.0,2.65,2010,44000,2.65,1.0,1.0,1.0
珠海市,正常,2011,200000.0,3.2,2010,44000,2.65,4.545,1.208,2.876
珠海市,正常,2012,43815.0,2.3,2010,44000,2.65,0.996,0.868,0.932
珠海市,正常,2013,43300.0,2.28,2010,44000,2.65,0.984,0.86,0.922
珠海市,正常,2014,46000.0,2.26,2010,44000,2.65,1.045,0.853,0.949
珠海市,正常,2015,48000.0,3.2,2010,44000,2.65,1.091,1.208,1.15
珠海市,正常,2016,227600.0,,2010,44000,2.65,5.173,,
珠海市,正常,2017,46923.0,2.26,2010,44000,2.65,1.066,0.853,0.96
珠海市,正常,2018,47000.0,2.25,2010,44000,2.65,1.068,0.849,0.958
珠海市,正常,2019,40900.0,2.29,2010,44000,2.65,0.93,0.864,0.897
珠海市,正常,2020,38000.0,2.39,2010,44000,2.65,0.864,0.902,0.883
珠海市,正常,2021,42000.0,2.37,2010,44000,2.65,0.955,0.894,0.924
珠海市,正常,2022,41000.0,2.36,2010,44000,2.65,0.932,0.891,0.912
珠海市,正常,2023,45000.0,,2010,44000,2.65,1.023,,
珠海市,正常,2024,48500.0,,2010,44000,2.65,1.102,,
白城市,正常,2003,35000.0,,2006,40000,3.85,0.875,,
白城市,正常,2004,41000.0,,2006,40000,3.85,1.025,,
白城市,正常,2005,,,2006,40000,3.85,,,
白城市,正常,2006,40000.0,3.85,2006,40000,3.85,1.0,1.0,1.0
白城市,正常,2007,40000.0,3.85,2006,40000,3.85,1.0,1.0,1.0
白城市,正常,2008,43000.0,4.6,2006,40000,3.85,1.075,1.195,1.135
白城市,正常,2009,45000.0,3.9,2006,40000,3.85,1.125,1.013,1.069
白城市,正常,2010,47500.0,3.85,2006,40000,3.85,1.188,1.0,1.094
白城市,正常,2011,48600.0,3.9,2006,40000,3.85,1.215,1.013,1.114
白城市,正常,2012,233000.0,,2006,40000,3.85,5.825,,
白城市,正常,2013,47600.0,3.74,2006,40000,3.85,1.19,0.971,1.08
白城市,正常,2014,48000.0,3.7,2006,40000,3.85,1.2,0.961,1.08
白城市,正常,2015,46000.0,3.7,2006,40000,3.85,1.15,0.961,1.055
白城市,正常,2016,189000.0,3.7,2006,40000,3.85,4.725,0.961,2.843
白城市,正常,2017,44000.0,4.5,2006,40000,3.85,1.1,1.169,1.134
白城市,正常,2018,42000.0,4.5,2006,40000,3.85,1.05,1.169,1.11
白城市,正常,2019,,,2006,40000,3.85,,,
白城市,正常,2020,,,2006,40000,3.85,,,
白城市,正常,2021,,,2006,40000,3.85,,,
白城市,正常,2022,12000.0,,2006,40000,3.85,0.3,,
白城市,正常,2023,10000.0,,2006,40000,3.85,0.25,,
白城市,正常,2024,,,2006,40000,3.85,,,
白山市,正常,2003,,4.0,2004,30000,4.2,,0.952,
白山市,正常,2004,30000.0,4.2,2004,30000,4.2,1.0,1.0,1.0
白山市,正常,2005,91000.0,4.0,2004,30000,4.2,3.033,0.952,1.992
白山市,正常,2006,29000.0,4.5,2004,30000,4.2,0.967,1.071,1.019
白山市,正常,2007,112000.0,4.0,2004,30000,4.2,3.733,0.952,2.343
白山市,正常,2008,39000.0,,2004,30000,4.2,1.3,,
白山市,正常,2009,40000.0,3.9,2004,30000,4.2,1.333,0.929,1.131
白山市,正常,2010,156000.0,4.6,2004,30000,4.2,5.2,1.095,3.148
白山市,正常,2011,50000.0,3.7,2004,30000,4.2,1.667,0.881,1.274
白山市,正常,2012,230000.0,4.0,2004,30000,4.2,7.667,0.952,4.31
白山市,空文件,2013,,,2004,30000,4.2,,,
白山市,正常,2014,48000.0,4.5,2004,30000,4.2,1.6,1.071,1.336
白山市,正常,2015,195000.0,3.9,2004,30000,4.2,6.5,0.929,3.714
白山市,正常,2016,44000.0,4.0,2004,30000,4.2,1.467,0.952,1.21
白山市,正常,2017,44000.0,4.0,2004,30000,4.2,1.467,0.952,1.21
白山市,正常,2018,38000.0,3.7,2004,30000,4.2,1.267,0.881,1.074
白山市,正常,2019,21300.0,3.68,2004,30000,4.2,0.71,0.876,0.793
白山市,正常,2020,100000.0,4.5,2004,30000,4.2,3.333,1.071,2.202
白山市,正常,2021,126000.0,3.7,2004,30000,4.2,4.2,0.881,2.54
白山市,正常,2022,12000.0,,2004,30000,4.2,0.4,,
白山市,正常,2023,11000.0,,2004,30000,4.2,0.367,,
白山市,正常,2024,11500.0,,2004,30000,4.2,0.383,,
白银市,空文件,2003,,,2007,12000,4.0,,,
白银市,空文件,2004,,,2007,12000,4.0,,,
白银市,空文件,2005,,,2007,12000,4.0,,,
白银市,正常,2006,,,2007,12000,4.0,,,
白银市,正常,2007,12000.0,4.0,2007,12000,4.0,1.0,1.0,1.0
白银市,正常,2008,26000.0,3.32,2007,12000,4.0,2.167,0.83,1.498
白银市,正常,2009,,4.5,2007,12000,4.0,,1.125,
白银市,空文件,2010,,,2007,12000,4.0,,,
白银市,空文件,2011,,,2007,12000,4.0,,,
白银市,正常,2012,31000.0,4.0,2007,12000,4.0,2.583,1.0,1.792
白银市,正常,2013,76700.0,2.46,2007,12000,4.0,6.392,0.615,3.504
白银市,正常,2014,67200.0,4.0,2007,12000,4.0,5.6,1.0,3.3
白银市,正常,2015,65400.0,4.0,2007,12000,4.0,5.45,1.0,3.225
白银市,正常,2016,303000.0,4.0,2007,12000,4.0,25.25,1.0,13.125
白银市,正常,2017,53000.0,4.0,2007,12000,4.0,4.417,1.0,2.708
白银市,正常,2018,44100.0,2.16,2007,12000,4.0,3.675,0.54,2.108
白银市,正常,2019,41000.0,2.15,2007,12000,4.0,3.417,0.538,1.978
白银市,正常,2020,224000.0,4.0,2007,12000,4.0,18.667,1.0,9.834
白银市,正常,2021,252000.0,5.5,2007,12000,4.0,21.0,1.375,11.188
白银市,正常,2022,26100.0,,2007,12000,4.0,2.175,,
白银市,正常,2023,27300.0,,2007,12000,4.0,2.275,,
白银市,正常,2024,26700.0,,2007,12000,4.0,2.225,,
百色市,空文件,2003,,,2004,13000,4.0,,,
百色市,正常,2004,13000.0,4.0,2004,13000,4.0,1.0,1.0,1.0
百色市,空文件,2005,,,2004,13000,4.0,,,
百色市,空文件,2006,,,2004,13000,4.0,,,
百色市,空文件,2007,,,2004,13000,4.0,,,
百色市,空文件,2008,,,2004,13000,4.0,,,
百色市,空文件,2009,,,2004,13000,4.0,,,
百色市,正常,2010,,,2004,13000,4.0,,,
百色市,正常,2011,19600.0,3.3,2004,13000,4.0,1.508,0.825,1.166
百色市,空文件,2012,,,2004,13000,4.0,,,
百色市,正常,2013,22400.0,,2004,13000,4.0,1.723,,
百色市,正常,2014,21000.0,4.0,2004,13000,4.0,1.615,1.0,1.308
百色市,正常,2015,109000.0,4.0,2004,13000,4.0,8.385,1.0,4.692
百色市,正常,2016,21200.0,2.89,2004,13000,4.0,1.631,0.722,1.176
百色市,正常,2017,22000.0,4.0,2004,13000,4.0,1.692,1.0,1.346
百色市,正常,2018,22000.0,2.27,2004,13000,4.0,1.692,0.568,1.13
百色市,正常,2019,20099.0,4.0,2004,13000,4.0,1.546,1.0,1.273
百色市,正常,2020,103000.0,3.0,2004,13000,4.0,7.923,0.75,4.336
百色市,正常,2021,22200.0,1.43,2004,13000,4.0,1.708,0.358,1.033
百色市,正常,2022,20400.0,2.06,2004,13000,4.0,1.569,0.515,1.042
百色市,正常,2023,16000.0,5.5,2004,13000,4.0,1.231,1.375,1.303
百色市,正常,2024,2680.0,2.06,2004,13000,4.0,0.206,0.515,0.36
益阳市,正常,2003,,5.0,2004,30000,4.3,,1.163,
益阳市,正常,2004,30000.0,4.3,2004,30000,4.3,1.0,1.0,1.0
益阳市,正常,2005,32768.0,5.0,2004,30000,4.3,1.092,1.163,1.128
益阳市,正常,2006,45000.0,4.5,2004,30000,4.3,1.5,1.047,1.273
益阳市,正常,2007,47900.0,4.5,2004,30000,4.3,1.597,1.047,1.322
益阳市,正常,2008,208000.0,4.5,2004,30000,4.3,6.933,1.047,3.99
益阳市,正常,2009,33900.0,4.5,2004,30000,4.3,1.13,1.047,1.088
益阳市,正常,2010,36400.0,4.2,2004,30000,4.3,1.213,0.977,1.095
益阳市,正常,2011,35800.0,4.2,2004,30000,4.3,1.193,0.977,1.085
益阳市,正常,2012,138000.0,4.5,2004,30000,4.3,4.6,1.047,2.823
益阳市,正常,2013,35000.0,4.3,2004,30000,4.3,1.167,1.0,1.084
益阳市,正常,2014,34000.0,4.5,2004,30000,4.3,1.133,1.047,1.09
益阳市,正常,2015,177000.0,4.5,2004,30000,4.3,5.9,1.047,3.474
益阳市,正常,2016,34000.0,,2004,30000,4.3,1.133,,
益阳市,正常,2017,34000.0,,2004,30000,4.3,1.133,,
益阳市,正常,2018,,3.5,2004,30000,4.3,,0.814,
益阳市,正常,2019,34700.0,2.4,2004,30000,4.3,1.157,0.558,0.858
益阳市,正常,2020,34600.0,5.8,2004,30000,4.3,1.153,1.349,1.251
益阳市,正常,2021,34000.0,5.5,2004,30000,4.3,1.133,1.279,1.206
益阳市,正常,2022,34100.0,,2004,30000,4.3,1.137,,
益阳市,正常,2023,35600.0,,2004,30000,4.3,1.187,,
益阳市,正常,2024,31000.0,,2004,30000,4.3,1.033,,
盐城市,空文件,2003,,,2007,64000,4.0,,,
盐城市,正常,2004,,,2007,64000,4.0,,,
盐城市,正常,2005,,,2007,64000,4.0,,,
盐城市,正常,2006,,,2007,64000,4.0,,,
盐城市,正常,2007,64000.0,4.0,2007,64000,4.0,1.0,1.0,1.0
盐城市,正常,2008,64000.0,4.0,2007,64000,4.0,1.0,1.0,1.0
盐城市,正常,2009,89600.0,2.58,2007,64000,4.0,1.4,0.645,1.022
盐城市,正常,2010,438000.0,4.0,2007,64000,4.0,6.844,1.0,3.922
盐城市,正常,2011,,,2007,64000,4.0,,,
盐城市,正常,2012,105000.0,2.5,2007,64000,4.0,1.641,0.625,1.133
盐城市,正常,2013,106000.0,2.3,2007,64000,4.0,1.656,0.575,1.116
盐城市,正常,2014,110000.0,4.0,2007,64000,4.0,1.719,1.0,1.36
盐城市,正常,2015,90000.0,4.0,2007,64000,4.0,1.406,1.0,1.203
盐城市,正常,2016,80000.0,4.0,2007,64000,4.0,1.25,1.0,1.125
盐城市,正常,2017,121000.0,3.0,2007,64000,4.0,1.891,0.75,1.32
盐城市,正常,2018,110000.0,1.8,2007,64000,4.0,1.719,0.45,1.084
盐城市,正常,2019,120000.0,3.0,2007,64000,4.0,1.875,0.75,1.312
盐城市,正常,2020,540000.0,4.0,2007,64000,4.0,8.438,1.0,4.719
盐城市,正常,2021,506000.0,5.0,2007,64000,4.0,7.906,1.25,4.578
盐城市,正常,2022,78000.0,,2007,64000,4.0,1.219,,
盐城市,正常,2023,57000.0,,2007,64000,4.0,0.891,,
盐城市,正常,2024,57000.0,,2007,64000,4.0,0.891,,
盐城市,正常,2024,57000.0,,2007,64000,4.0,0.891,,
盘锦市,正常,2003,50000.0,6.0,2003,50000,6.0,1.0,1.0,1.0
盘锦市,正常,2004,,5.0,2003,50000,6.0,,0.833,
盘锦市,正常,2005,,4.0,2003,50000,6.0,,0.667,
盘锦市,正常,2006,10000.0,3.1,2003,50000,6.0,0.2,0.517,0.359
盘锦市,正常,2007,,2.8,2003,50000,6.0,,0.467,
盘锦市,正常,2008,,2.7,2003,50000,6.0,,0.45,
盘锦市,正常,2009,,,2003,50000,6.0,,,
盘锦市,正常,2010,42000.0,,2003,50000,6.0,0.84,,
盘锦市,正常,2011,,2.67,2003,50000,6.0,,0.445,
盘锦市,正常,2012,70000.0,2.75,2003,50000,6.0,1.4,0.458,0.929
盘锦市,正常,2013,70000.0,,2003,50000,6.0,1.4,,
盘锦市,正常,2014,,2.9,2003,50000,6.0,,0.483,
盘锦市,正常,2015,,2.48,2003,50000,6.0,,0.413,
盘锦市,正常,2016,16000.0,2.4,2003,50000,6.0,0.32,0.4,0.36
盘锦市,正常,2017,18000.0,3.0,2003,50000,6.0,0.36,0.5,0.43
盘锦市,正常,2018,23000.0,2.7,2003,50000,6.0,0.46,0.45,0.455
盘锦市,正常,2019,30000.0,2.6,2003,50000,6.0,0.6,0.433,0.516
盘锦市,正常,2020,30000.0,2.6,2003,50000,6.0,0.6,0.433,0.516
盘锦市,正常,2021,24000.0,3.0,2003,50000,6.0,0.48,0.5,0.49
盘锦市,正常,2022,28000.0,3.1,2003,50000,6.0,0.56,0.517,0.538
盘锦市,正常,2023,23000.0,,2003,50000,6.0,0.46,,
盘锦市,正常,2024,20400.0,,2003,50000,6.0,0.408,,
眉山市,正常,2003,,4.3,2004,15737,4.4,,0.977,
眉山市,正常,2004,15737.0,4.4,2004,15737,4.4,1.0,1.0,1.0
眉山市,正常,2005,80000.0,4.4,2004,15737,4.4,5.084,1.0,3.042
眉山市,正常,2006,20000.0,4.5,2004,15737,4.4,1.271,1.023,1.147
眉山市,正常,2007,22500.0,4.3,2004,15737,4.4,1.43,0.977,1.204
眉山市,正常,2008,24000.0,4.4,2004,15737,4.4,1.525,1.0,1.262
眉山市,正常,2009,25412.0,4.4,2004,15737,4.4,1.615,1.0,1.308
眉山市,正常,2010,25800.0,4.4,2004,15737,4.4,1.639,1.0,1.32
眉山市,正常,2011,,4.4,2004,15737,4.4,,1.0,
眉山市,正常,2012,28000.0,4.2,2004,15737,4.4,1.779,0.955,1.367
眉山市,正常,2013,36400.0,4.4,2004,15737,4.4,2.313,1.0,1.656
眉山市,正常,2014,31000.0,4.4,2004,15737,4.4,1.97,1.0,1.485
眉山市,正常,2015,159000.0,,2004,15737,4.4,10.104,,
眉山市,正常,2016,26000.0,4.3,2004,15737,4.4,1.652,0.977,1.314
眉山市,正常,2017,35000.0,4.14,2004,15737,4.4,2.224,0.941,1.582
眉山市,正常,2018,35000.0,3.94,2004,15737,4.4,2.224,0.895,1.56
眉山市,正常,2019,52200.0,3.57,2004,15737,4.4,3.317,0.811,2.064
眉山市,正常,2020,32200.0,3.04,2004,15737,4.4,2.046,0.691,1.368
眉山市,正常,2021,37000.0,3.1,2004,15737,4.4,2.351,0.705,1.528
眉山市,正常,2022,35000.0,3.1,2004,15737,4.4,2.224,0.705,1.465
眉山市,正常,2023,34000.0,,2004,15737,4.4,2.161,,
眉山市,正常,2024,39000.0,,2004,15737,4.4,2.478,,
石嘴山市,空文件,2003,,,2006,26800,3.5,,,
石嘴山市,正常,2004,,3.6,2006,26800,3.5,,1.029,
石嘴山市,正常,2005,,4.5,2006,26800,3.5,,1.286,
石嘴山市,正常,2006,26800.0,3.5,2006,26800,3.5,1.0,1.0,1.0
石嘴山市,正常,2007,80000.0,4.5,2006,26800,3.5,2.985,1.286,2.136
石嘴山市,正常,2008,27000.0,4.5,2006,26800,3.5,1.007,1.286,1.146
石嘴山市,正常,2009,20000.0,3.8,2006,26800,3.5,0.746,1.086,0.916
石嘴山市,正常,2010,,3.6,2006,26800,3.5,,1.029,
石嘴山市,正常,2011,24000.0,3.6,2006,26800,3.5,0.896,1.029,0.962
石嘴山市,正常,2012,154000.0,4.0,2006,26800,3.5,5.746,1.143,3.444
石嘴山市,正常,2013,18000.0,3.51,2006,26800,3.5,0.672,1.003,0.837
石嘴山市,正常,2014,,3.8,2006,26800,3.5,,1.086,
石嘴山市,正常,2015,19400.0,3.9,2006,26800,3.5,0.724,1.114,0.919
石嘴山市,正常,2016,80000.0,4.5,2006,26800,3.5,2.985,1.286,2.136
石嘴山市,正常,2017,23000.0,3.8,2006,26800,3.5,0.858,1.086,0.972
石嘴山市,正常,2018,13610000.0,5.5,2006,26800,3.5,507.836,1.571,254.704
石嘴山市,正常,2019,14000.0,5.5,2006,26800,3.5,0.522,1.571,1.046
石嘴山市,正常,2020,12000.0,5.5,2006,26800,3.5,0.448,1.571,1.01
石嘴山市,正常,2021,100000.0,5.5,2006,26800,3.5,3.731,1.571,2.651
石嘴山市,正常,2022,11000.0,5.5,2006,26800,3.5,0.41,1.571,0.99
石嘴山市,正常,2023,,5.5,2006,26800,3.5,,1.571,
石嘴山市,正常,2024,8300.0,,2006,26800,3.5,0.31,,
石家庄市,空文件,2003,,,2007,400000,4.5,,,
石家庄市,空文件,2004,,,2007,400000,4.5,,,
石家庄市,空文件,2005,,,2007,400000,4.5,,,
石家庄市,空文件,2006,,,2007,400000,4.5,,,
石家庄市,正常,2007,400000.0,4.5,2007,400000,4.5,1.0,1.0,1.0
石家庄市,正常,2008,80000.0,3.8,2007,400000,4.5,0.2,0.844,0.522
石家庄市,空文件,2009,,,2007,400000,4.5,,,
石家庄市,正常,2010,4310000.0,45.0,2007,400000,4.5,10.775,10.0,10.388
石家庄市,正常,2011,105000.0,3.79,2007,400000,4.5,0.262,0.842,0.552
石家庄市,正常,2012,480000.0,4.0,2007,400000,4.5,1.2,0.889,1.044
石家庄市,正常,2013,107000.0,3.75,2007,400000,4.5,0.268,0.833,0.55
石家庄市,正常,2014,100000.0,4.5,2007,400000,4.5,0.25,1.0,0.625
石家庄市,正常,2015,450000.0,4.5,2007,400000,4.5,1.125,1.0,1.062
石家庄市,正常,2016,414000.0,4.5,2007,400000,4.5,1.035,1.0,1.018
石家庄市,正常,2017,182600.0,4.0,2007,400000,4.5,0.456,0.889,0.672
石家庄市,正常,2018,195000.0,3.3,2007,400000,4.5,0.488,0.733,0.61
石家庄市,正常,2019,134200.0,3.23,2007,400000,4.5,0.336,0.718,0.527
石家庄市,正常,2020,735000.0,,2007,400000,4.5,1.838,,
石家庄市,正常,2021,138900.0,,2007,400000,4.5,0.347,,
石家庄市,正常,2022,131000.0,,2007,400000,4.5,0.328,,
石家庄市,正常,2023,150000.0,,2007,400000,4.5,0.375,,
石家庄市,正常,2024,147000.0,,2007,400000,4.5,0.368,,
福州市,空文件,2003,,,2006,568000,3.4,,,
福州市,空文件,2004,,,2006,568000,3.4,,,
福州市,正常,2005,,3.35,2006,568000,3.4,,0.985,
福州市,正常,2006,568000.0,3.4,2006,568000,3.4,1.0,1.0,1.0
福州市,正常,2007,152000.0,3.5,2006,568000,3.4,0.268,1.029,0.648
福州市,空文件,2008,,,2006,568000,3.4,,,
福州市,正常,2009,152300.0,3.3,2006,568000,3.4,0.268,0.971,0.619
福州市,正常,2010,153200.0,2.6,2006,568000,3.4,0.27,0.765,0.518
福州市,正常,2011,145600.0,2.4,2006,568000,3.4,0.256,0.706,0.481
福州市,正常,2012,145600.0,2.4,2006,568000,3.4,0.256,0.706,0.481
福州市,正常,2013,145000.0,2.5,2006,568000,3.4,0.255,0.735,0.495
福州市,正常,2014,145400.0,2.42,2006,568000,3.4,0.256,0.712,0.484
福州市,正常,2015,149000.0,2.44,2006,568000,3.4,0.262,0.718,0.49
福州市,正常,2016,719900.0,2.43,2006,568000,3.4,1.267,0.715,0.991
福州市,正常,2017,135000.0,2.43,2006,568000,3.4,0.238,0.715,0.476
福州市,正常,2018,132000.0,2.46,2006,568000,3.4,0.232,0.724,0.478
福州市,正常,2019,130000.0,2.7,2006,568000,3.4,0.229,0.794,0.512
福州市,正常,2020,670000.0,2.9,2006,568000,3.4,1.18,0.853,1.016
福州市,正常,2021,678600.0,3.16,2006,568000,3.4,1.195,0.929,1.062
福州市,正常,2022,140000.0,,2006,568000,3.4,0.246,,
福州市,正常,2023,140000.0,,2006,568000,3.4,0.246,,
福州市,正常,2024,135000.0,,2006,568000,3.4,0.238,,
秦皇岛市,空文件,2003,,,2010,224000,4.0,,,
秦皇岛市,空文件,2004,,,2010,224000,4.0,,,
秦皇岛市,空文件,2005,,,2010,224000,4.0,,,
秦皇岛市,空文件,2006,,,2010,224000,4.0,,,
秦皇岛市,空文件,2007,,,2010,224000,4.0,,,
秦皇岛市,空文件,2008,,,2010,224000,4.0,,,
秦皇岛市,空文件,2009,,,2010,224000,4.0,,,
秦皇岛市,正常,2010,224000.0,4.0,2010,224000,4.0,1.0,1.0,1.0
秦皇岛市,正常,2011,48000.0,4.0,2010,224000,4.0,0.214,1.0,0.607
秦皇岛市,正常,2012,223000.0,4.0,2010,224000,4.0,0.996,1.0,0.998
秦皇岛市,正常,2013,46000.0,3.75,2010,224000,4.0,0.205,0.938,0.572
秦皇岛市,正常,2014,49000.0,3.37,2010,224000,4.0,0.219,0.842,0.53
秦皇岛市,正常,2015,48200.0,4.0,2010,224000,4.0,0.215,1.0,0.608
秦皇岛市,正常,2016,56600.0,2.81,2010,224000,4.0,0.253,0.702,0.478
秦皇岛市,正常,2017,58900.0,2.88,2010,224000,4.0,0.263,0.72,0.492
秦皇岛市,正常,2018,59900.0,2.82,2010,224000,4.0,0.267,0.705,0.486
秦皇岛市,正常,2019,63000.0,4.5,2010,224000,4.0,0.281,1.125,0.703
秦皇岛市,正常,2020,278500.0,,2010,224000,4.0,1.243,,
秦皇岛市,正常,2021,65000.0,5.5,2010,224000,4.0,0.29,1.375,0.832
秦皇岛市,正常,2022,58400.0,,2010,224000,4.0,0.261,,
秦皇岛市,正常,2023,57400.0,,2010,224000,4.0,0.256,,
秦皇岛市,正常,2024,49000.0,,2010,224000,4.0,0.219,,
绍兴市,正常,2003,,3.8,2006,226000,4.0,,0.95,
绍兴市,正常,2004,,3.8,2006,226000,4.0,,0.95,
绍兴市,正常,2005,,4.0,2006,226000,4.0,,1.0,
绍兴市,正常,2006,226000.0,4.0,2006,226000,4.0,1.0,1.0,1.0
绍兴市,正常,2007,70500.0,3.25,2006,226000,4.0,0.312,0.812,0.562
绍兴市,正常,2008,73000.0,3.45,2006,226000,4.0,0.323,0.862,0.592
绍兴市,正常,2009,73000.0,3.5,2006,226000,4.0,0.323,0.875,0.599
绍兴市,正常,2010,368000.0,3.5,2006,226000,4.0,1.628,0.875,1.252
绍兴市,正常,2011,410000.0,3.8,2006,226000,4.0,1.814,0.95,1.382
绍兴市,正常,2012,110000.0,3.0,2006,226000,4.0,0.487,0.75,0.618
绍兴市,正常,2013,113000.0,2.9,2006,226000,4.0,0.5,0.725,0.612
绍兴市,正常,2014,110000.0,2.8,2006,226000,4.0,0.487,0.7,0.593
绍兴市,正常,2015,100000.0,3.0,2006,226000,4.0,0.442,0.75,0.596
绍兴市,正常,2016,100000.0,3.0,2006,226000,4.0,0.442,0.75,0.596
绍兴市,正常,2017,125000.0,2.25,2006,226000,4.0,0.553,0.562,0.558
绍兴市,正常,2018,139000.0,3.0,2006,226000,4.0,0.615,0.75,0.682
绍兴市,正常,2019,275000.0,,2006,226000,4.0,1.217,,
绍兴市,正常,2020,220000.0,3.0,2006,226000,4.0,0.973,0.75,0.861
绍兴市,正常,2021,272000.0,5.5,2006,226000,4.0,1.204,1.375,1.289
绍兴市,正常,2022,232000.0,5.0,2006,226000,4.0,1.027,1.25,1.138
绍兴市,正常,2023,96700.0,5.0,2006,226000,4.0,0.428,1.25,0.839
绍兴市,正常,2024,98000.0,5.0,2006,226000,4.0,0.434,1.25,0.842
绥化市,空文件,2003,,,2007,64000,4.1,,,
绥化市,空文件,2004,,,2007,64000,4.1,,,
绥化市,空文件,2005,,,2007,64000,4.1,,,
绥化市,空文件,2006,,,2007,64000,4.1,,,
绥化市,正常,2007,64000.0,4.1,2007,64000,4.1,1.0,1.0,1.0
绥化市,正常,2008,61100.0,4.0,2007,64000,4.1,0.955,0.976,0.966
绥化市,正常,2009,59000.0,4.2,2007,64000,4.1,0.922,1.024,0.973
绥化市,正常,2010,54000.0,4.3,2007,64000,4.1,0.844,1.049,0.946
绥化市,正常,2011,301000.0,4.5,2007,64000,4.1,4.703,1.098,2.9
绥化市,正常,2012,67600.0,,2007,64000,4.1,1.056,,
绥化市,正常,2013,67800.0,,2007,64000,4.1,1.059,,
绥化市,正常,2014,66800.0,3.69,2007,64000,4.1,1.044,0.9,0.972
绥化市,正常,2015,320000.0,,2007,64000,4.1,5.0,,
绥化市,正常,2016,50000.0,4.3,2007,64000,4.1,0.781,1.049,0.915
绥化市,正常,2017,44000.0,,2007,64000,4.1,0.688,,
绥化市,正常,2018,,4.0,2007,64000,4.1,,0.976,
绥化市,正常,2019,35000.0,4.3,2007,64000,4.1,0.547,1.049,0.798
绥化市,正常,2020,39000.0,3.23,2007,64000,4.1,0.609,0.788,0.698
绥化市,正常,2021,240000.0,3.15,2007,64000,4.1,3.75,0.768,2.259
绥化市,正常,2022,47500.0,5.0,2007,64000,4.1,0.742,1.22,0.981
绥化市,正常,2023,33000.0,,2007,64000,4.1,0.516,,
绥化市,正常,2024,41000.0,,2007,64000,4.1,0.641,,
绵阳市,空文件,2003,,,2009,43600,3.76,,,
绵阳市,空文件,2004,,,2009,43600,3.76,,,
绵阳市,空文件,2005,,,2009,43600,3.76,,,
绵阳市,空文件,2006,,,2009,43600,3.76,,,
绵阳市,空文件,2007,,,2009,43600,3.76,,,
绵阳市,空文件,2008,,,2009,43600,3.76,,,
绵阳市,正常,2009,43600.0,3.76,2009,43600,3.76,1.0,1.0,1.0
绵阳市,空文件,2010,,,2009,43600,3.76,,,
绵阳市,正常,2011,47000.0,3.8,2009,43600,3.76,1.078,1.011,1.044
绵阳市,空文件,2012,,,2009,43600,3.76,,,
绵阳市,正常,2013,46000.0,3.9,2009,43600,3.76,1.055,1.037,1.046
绵阳市,空文件,2014,,,2009,43600,3.76,,,
绵阳市,正常,2015,54000.0,3.9,2009,43600,3.76,1.239,1.037,1.138
绵阳市,正常,2016,242000.0,4.0,2009,43600,3.76,5.55,1.064,3.307
绵阳市,正常,2017,57200.0,3.7,2009,43600,3.76,1.312,0.984,1.148
绵阳市,正常,2018,58200.0,2.59,2009,43600,3.76,1.335,0.689,1.012
绵阳市,正常,2019,55500.0,2.3,2009,43600,3.76,1.273,0.612,0.942
绵阳市,正常,2020,53900.0,2.73,2009,43600,3.76,1.236,0.726,0.981
绵阳市,正常,2021,56700.0,2.75,2009,43600,3.76,1.3,0.731,1.016
绵阳市,正常,2022,56400.0,2.54,2009,43600,3.76,1.294,0.676,0.985
绵阳市,正常,2023,53000.0,5.5,2009,43600,3.76,1.216,1.463,1.34
绵阳市,正常,2024,55000.0,5.5,2009,43600,3.76,1.261,1.463,1.362
聊城市,正常,2003,60000.0,3.2,2003,60000,3.2,1.0,1.0,1.0
聊城市,正常,2004,60000.0,4.0,2003,60000,3.2,1.0,1.25,1.125
聊城市,正常,2005,269000.0,4.0,2003,60000,3.2,4.483,1.25,2.866
聊城市,正常,2006,80000.0,3.15,2003,60000,3.2,1.333,0.984,1.158
聊城市,正常,2007,,4.0,2003,60000,3.2,,1.25,
聊城市,正常,2008,70000.0,3.1,2003,60000,3.2,1.167,0.969,1.068
聊城市,正常,2009,91000.0,3.05,2003,60000,3.2,1.517,0.953,1.235
聊城市,正常,2010,455000.0,3.33,2003,60000,3.2,7.583,1.041,4.312
聊城市,正常,2011,358000.0,3.3,2003,60000,3.2,5.967,1.031,3.499
聊城市,正常,2012,70000.0,3.1,2003,60000,3.2,1.167,0.969,1.068
聊城市,正常,2013,62000.0,3.15,2003,60000,3.2,1.033,0.984,1.008
聊城市,正常,2014,64000.0,2.94,2003,60000,3.2,1.067,0.919,0.993
聊城市,正常,2015,356000.0,3.3,2003,60000,3.2,5.933,1.031,3.482
聊城市,正常,2016,53000.0,3.09,2003,60000,3.2,0.883,0.966,0.924
聊城市,正常,2017,45000.0,3.04,2003,60000,3.2,0.75,0.95,0.85
聊城市,正常,2018,72000.0,3.05,2003,60000,3.2,1.2,0.953,1.076
聊城市,正常,2019,67800.0,2.69,2003,60000,3.2,1.13,0.841,0.985
聊城市,正常,2020,300000.0,4.5,2003,60000,3.2,5.0,1.406,3.203
聊城市,正常,2021,45000.0,,2003,60000,3.2,0.75,,
聊城市,正常,2022,43000.0,,2003,60000,3.2,0.717,,
聊城市,正常,2023,46000.0,,2003,60000,3.2,0.767,,
聊城市,正常,2024,49000.0,,2003,60000,3.2,0.817,,
肇庆市,正常,2003,,2.9,2008,42251,2.58,,1.124,
肇庆市,正常,2004,,2.8,2008,42251,2.58,,1.085,
肇庆市,正常,2005,,2.7,2008,42251,2.58,,1.047,
肇庆市,正常,2006,,3.0,2008,42251,2.58,,1.163,
肇庆市,正常,2007,,2.54,2008,42251,2.58,,0.984,
肇庆市,正常,2008,42251.0,2.58,2008,42251,2.58,1.0,1.0,1.0
肇庆市,正常,2009,48648.0,2.39,2008,42251,2.58,1.151,0.926,1.038
肇庆市,正常,2010,214700.0,2.3,2008,42251,2.58,5.082,0.891,2.986
肇庆市,正常,2011,51200.0,3.0,2008,42251,2.58,1.212,1.163,1.188
肇庆市,正常,2012,89117.0,2.6,2008,42251,2.58,2.109,1.008,1.558
肇庆市,正常,2013,47196.0,2.39,2008,42251,2.58,1.117,0.926,1.022
肇庆市,正常,2014,,2.36,2008,42251,2.58,,0.915,
肇庆市,正常,2015,40000.0,2.6,2008,42251,2.58,0.947,1.008,0.978
肇庆市,正常,2016,43500.0,2.37,2008,42251,2.58,1.03,0.919,0.974
肇庆市,正常,2017,42500.0,3.0,2008,42251,2.58,1.006,1.163,1.084
肇庆市,正常,2018,44000.0,3.0,2008,42251,2.58,1.041,1.163,1.102
肇庆市,正常,2019,44700.0,3.0,2008,42251,2.58,1.058,1.163,1.11
肇庆市,正常,2020,42000.0,3.0,2008,42251,2.58,0.994,1.163,1.078
肇庆市,正常,2021,43000.0,4.0,2008,42251,2.58,1.018,1.55,1.284
肇庆市,正常,2022,43000.0,2.56,2008,42251,2.58,1.018,0.992,1.005
肇庆市,正常,2023,43000.0,,2008,42251,2.58,1.018,,
肇庆市,正常,2024,42000.0,,2008,42251,2.58,0.994,,
自贡市,空文件,2003,,,2008,7124,4.3,,,
自贡市,空文件,2004,,,2008,7124,4.3,,,
自贡市,空文件,2005,,,2008,7124,4.3,,,
自贡市,正常,2006,,4.5,2008,7124,4.3,,1.047,
自贡市,正常,2007,,4.4,2008,7124,4.3,,1.023,
自贡市,正常,2008,7124.0,4.3,2008,7124,4.3,1.0,1.0,1.0
自贡市,正常,2009,7100.0,4.15,2008,7124,4.3,0.997,0.965,0.981
自贡市,正常,2010,35000.0,4.1,2008,7124,4.3,4.913,0.953,2.933
自贡市,正常,2011,30000.0,4.5,2008,7124,4.3,4.211,1.047,2.629
自贡市,正常,2012,35600.0,4.2,2008,7124,4.3,4.997,0.977,2.987
自贡市,正常,2013,39000.0,4.2,2008,7124,4.3,5.474,0.977,3.226
自贡市,空文件,2014,,,2008,7124,4.3,,,
自贡市,空文件,2015,,,2008,7124,4.3,,,
自贡市,空文件,2016,,,2008,7124,4.3,,,
自贡市,空文件,2017,,,2008,7124,4.3,,,
自贡市,正常,2018,42000.0,3.6,2008,7124,4.3,5.896,0.837,3.366
自贡市,正常,2019,44000.0,3.4,2008,7124,4.3,6.176,0.791,3.484
自贡市,正常,2020,175000.0,3.7,2008,7124,4.3,24.565,0.86,12.712
自贡市,正常,2021,39600.0,4.4,2008,7124,4.3,5.559,1.023,3.291
自贡市,正常,2022,40000.0,4.4,2008,7124,4.3,5.615,1.023,3.319
自贡市,正常,2023,40000.0,,2008,7124,4.3,5.615,,
自贡市,空文件,2024,,,2008,7124,4.3,,,
舟山市,正常,2003,,4.1,2007,7236,3.69,,1.111,
舟山市,正常,2004,,4.0,2007,7236,3.69,,1.084,
舟山市,正常,2005,,4.0,2007,7236,3.69,,1.084,
舟山市,正常,2006,,4.0,2007,7236,3.69,,1.084,
舟山市,正常,2007,7236.0,3.69,2007,7236,3.69,1.0,1.0,1.0
舟山市,正常,2008,7626.0,3.84,2007,7236,3.69,1.054,1.041,1.047
舟山市,正常,2009,7036.0,3.72,2007,7236,3.69,0.972,1.008,0.99
舟山市,正常,2010,32000.0,4.0,2007,7236,3.69,4.422,1.084,2.753
舟山市,正常,2011,43000.0,2.87,2007,7236,3.69,5.943,0.778,3.36
舟山市,正常,2012,8600.0,2.73,2007,7236,3.69,1.189,0.74,0.964
舟山市,正常,2013,9000.0,2.7,2007,7236,3.69,1.244,0.732,0.988
舟山市,正常,2014,10000.0,4.0,2007,7236,3.69,1.382,1.084,1.233
舟山市,正常,2015,57000.0,,2007,7236,3.69,7.877,,
舟山市,正常,2016,64000.0,3.0,2007,7236,3.69,8.845,0.813,4.829
舟山市,正常,2017,16500.0,2.7,2007,7236,3.69,2.28,0.732,1.506
舟山市,正常,2018,14000.0,3.0,2007,7236,3.69,1.935,0.813,1.374
舟山市,正常,2019,,1.76,2007,7236,3.69,,0.477,
舟山市,正常,2020,123400.0,,2007,7236,3.69,17.054,,
舟山市,正常,2021,45000.0,,2007,7236,3.69,6.219,,
舟山市,正常,2022,45199.0,,2007,7236,3.69,6.246,,
舟山市,正常,2023,45000.0,,2007,7236,3.69,6.219,,
舟山市,正常,2024,46400.0,5.0,2007,7236,3.69,6.412,1.355,3.883
芜湖市,正常,2003,,,2006,53000,3.8,,,
芜湖市,正常,2004,,4.5,2006,53000,3.8,,1.184,
芜湖市,正常,2005,,4.0,2006,53000,3.8,,1.053,
芜湖市,正常,2006,53000.0,3.8,2006,53000,3.8,1.0,1.0,1.0
芜湖市,正常,2007,50000.0,4.0,2006,53000,3.8,0.943,1.053,0.998
芜湖市,正常,2008,,3.95,2006,53000,3.8,,1.039,
芜湖市,正常,2009,,4.0,2006,53000,3.8,,1.053,
芜湖市,正常,2010,60000.0,4.0,2006,53000,3.8,1.132,1.053,1.092
芜湖市,正常,2011,85000.0,3.3,2006,53000,3.8,1.604,0.868,1.236
芜湖市,正常,2012,390000.0,3.5,2006,53000,3.8,7.358,0.921,4.14
芜湖市,正常,2013,80000.0,3.5,2006,53000,3.8,1.509,0.921,1.215
芜湖市,正常,2014,80000.0,3.5,2006,53000,3.8,1.509,0.921,1.215
芜湖市,正常,2015,80000.0,3.3,2006,53000,3.8,1.509,0.868,1.188
芜湖市,正常,2016,72000.0,3.3,2006,53000,3.8,1.358,0.868,1.113
芜湖市,正常,2017,77000.0,3.4,2006,53000,3.8,1.453,0.895,1.174
芜湖市,正常,2018,92000.0,2.8,2006,53000,3.8,1.736,0.737,1.236
芜湖市,正常,2019,96000.0,2.5,2006,53000,3.8,1.811,0.658,1.234
芜湖市,正常,2020,69000.0,2.54,2006,53000,3.8,1.302,0.668,0.985
芜湖市,正常,2021,120000.0,,2006,53000,3.8,2.264,,
芜湖市,正常,2022,120000.0,,2006,53000,3.8,2.264,,
芜湖市,正常,2023,135000.0,,2006,53000,3.8,2.547,,
芜湖市,正常,2024,120000.0,,2006,53000,3.8,2.264,,
苏州市,空文件,2003,,,2009,130000,2.9,,,
苏州市,空文件,2004,,,2009,130000,2.9,,,
苏州市,正常,2005,,4.0,2009,130000,2.9,,1.379,
苏州市,正常,2006,,,2009,130000,2.9,,,
苏州市,正常,2007,,3.0,2009,130000,2.9,,1.034,
苏州市,正常,2008,,3.0,2009,130000,2.9,,1.034,
苏州市,正常,2009,130000.0,2.9,2009,130000,2.9,1.0,1.0,1.0
苏州市,正常,2010,173000.0,2.72,2009,130000,2.9,1.331,0.938,1.134
苏州市,正常,2011,,2.72,2009,130000,2.9,,0.938,
苏州市,正常,2012,168000.0,2.7,2009,130000,2.9,1.292,0.931,1.112
苏州市,正常,2013,175000.0,2.12,2009,130000,2.9,1.346,0.731,1.038
苏州市,正常,2014,172000.0,2.0,2009,130000,2.9,1.323,0.69,1.006
苏州市,正常,2015,170000.0,1.9,2009,130000,2.9,1.308,0.655,0.982
苏州市,正常,2016,171100.0,3.0,2009,130000,2.9,1.316,1.034,1.175
苏州市,正常,2017,172000.0,1.82,2009,130000,2.9,1.323,0.628,0.976
苏州市,正常,2018,176000.0,1.78,2009,130000,2.9,1.354,0.614,0.984
苏州市,正常,2019,173000.0,3.0,2009,130000,2.9,1.331,1.034,1.182
苏州市,正常,2020,200799.0,1.77,2009,130000,2.9,1.545,0.61,1.078
苏州市,正常,2021,942000.0,2.0,2009,130000,2.9,7.246,0.69,3.968
苏州市,正常,2022,216000.0,,2009,130000,2.9,1.662,,
苏州市,正常,2023,232000.0,,2009,130000,2.9,1.785,,
苏州市,正常,2024,417500.0,,2009,130000,2.9,3.212,,
茂名市,空文件,2003,,,2010,50000,3.5,,,
茂名市,空文件,2004,,,2010,50000,3.5,,,
茂名市,正常,2005,,3.5,2010,50000,3.5,,1.0,
茂名市,空文件,2006,,,2010,50000,3.5,,,
茂名市,正常,2007,,3.5,2010,50000,3.5,,1.0,
茂名市,正常,2008,,3.17,2010,50000,3.5,,0.906,
茂名市,正常,2009,,4.0,2010,50000,3.5,,1.143,
茂名市,正常,2010,50000.0,3.5,2010,50000,3.5,1.0,1.0,1.0
茂名市,正常,2011,50000.0,3.0,2010,50000,3.5,1.0,0.857,0.928
茂名市,正常,2012,63099.0,2.75,2010,50000,3.5,1.262,0.786,1.024
茂名市,正常,2013,75000.0,2.36,2010,50000,3.5,1.5,0.674,1.087
茂名市,正常,2014,71286.0,,2010,50000,3.5,1.426,,
茂名市,正常,2015,356000.0,,2010,50000,3.5,7.12,,
茂名市,正常,2016,354000.0,,2010,50000,3.5,7.08,,
茂名市,正常,2017,70000.0,3.5,2010,50000,3.5,1.4,1.0,1.2
茂名市,正常,2018,65000.0,,2010,50000,3.5,1.3,,
茂名市,正常,2019,60100.0,,2010,50000,3.5,1.202,,
茂名市,正常,2020,317100.0,3.5,2010,50000,3.5,6.342,1.0,3.671
茂名市,正常,2021,317200.0,3.5,2010,50000,3.5,6.344,1.0,3.672
茂名市,正常,2022,44000.0,,2010,50000,3.5,0.88,,
茂名市,正常,2023,45900.0,,2010,50000,3.5,0.918,,
茂名市,正常,2024,48000.0,,2010,50000,3.5,0.96,,
荆州市,空文件,2003,,,2004,64625,4.5,,,
荆州市,正常,2004,64625.0,4.5,2004,64625,4.5,1.0,1.0,1.0
荆州市,正常,2005,314000.0,4.5,2004,64625,4.5,4.859,1.0,2.93
荆州市,正常,2006,,,2004,64625,4.5,,,
荆州市,正常,2007,75000.0,4.4,2004,64625,4.5,1.161,0.978,1.07
荆州市,正常,2008,94000.0,4.4,2004,64625,4.5,1.455,0.978,1.216
荆州市,正常,2009,35000.0,4.3,2004,64625,4.5,0.542,0.956,0.749
荆州市,正常,2010,539000.0,4.2,2004,64625,4.5,8.34,0.933,4.636
荆州市,正常,2011,85000.0,4.25,2004,64625,4.5,1.315,0.944,1.13
荆州市,正常,2012,82282.0,,2004,64625,4.5,1.273,,
荆州市,正常,2013,84700.0,4.5,2004,64625,4.5,1.311,1.0,1.156
荆州市,正常,2014,89000.0,4.5,2004,64625,4.5,1.377,1.0,1.188
荆州市,正常,2015,416000.0,4.5,2004,64625,4.5,6.437,1.0,3.718
荆州市,正常,2016,83400.0,4.5,2004,64625,4.5,1.291,1.0,1.146
荆州市,正常,2017,85000.0,4.5,2004,64625,4.5,1.315,1.0,1.158
荆州市,正常,2018,72000.0,4.5,2004,64625,4.5,1.114,1.0,1.057
荆州市,正常,2019,46000.0,5.0,2004,64625,4.5,0.712,1.111,0.912
荆州市,正常,2020,46000.0,5.0,2004,64625,4.5,0.712,1.111,0.912
荆州市,正常,2021,84468.0,5.5,2004,64625,4.5,1.307,1.222,1.264
荆州市,正常,2022,62500.0,5.0,2004,64625,4.5,0.967,1.111,1.039
荆州市,正常,2023,71000.0,5.0,2004,64625,4.5,1.099,1.111,1.105
荆州市,正常,2024,64500.0,5.5,2004,64625,4.5,0.998,1.222,1.11
荆门市,正常,2003,,4.5,2004,25988,4.2,,1.071,
荆门市,正常,2004,25988.0,4.2,2004,25988,4.2,1.0,1.0,1.0
荆门市,正常,2005,28000.0,4.2,2004,25988,4.2,1.077,1.0,1.038
荆门市,正常,2006,140000.0,4.1,2004,25988,4.2,5.387,0.976,3.182
荆门市,正常,2007,35700.0,4.0,2004,25988,4.2,1.374,0.952,1.163
荆门市,正常,2008,35700.0,4.0,2004,25988,4.2,1.374,0.952,1.163
荆门市,正常,2009,41800.0,4.1,2004,25988,4.2,1.608,0.976,1.292
荆门市,正常,2010,181600.0,4.3,2004,25988,4.2,6.988,1.024,4.006
荆门市,正常,2011,46000.0,4.1,2004,25988,4.2,1.77,0.976,1.373
荆门市,正常,2012,48000.0,4.2,2004,25988,4.2,1.847,1.0,1.424
荆门市,正常,2013,51598.0,4.1,2004,25988,4.2,1.985,0.976,1.481
荆门市,正常,2014,50000.0,4.3,2004,25988,4.2,1.924,1.024,1.474
荆门市,正常,2015,52171.0,2.41,2004,25988,4.2,2.008,0.574,1.291
荆门市,正常,2016,264000.0,3.8,2004,25988,4.2,10.159,0.905,5.532
荆门市,正常,2017,46000.0,3.08,2004,25988,4.2,1.77,0.733,1.252
荆门市,正常,2018,50121.0,3.49,2004,25988,4.2,1.929,0.831,1.38
荆门市,正常,2019,48500.0,4.0,2004,25988,4.2,1.866,0.952,1.409
荆门市,正常,2020,38000.0,4.5,2004,25988,4.2,1.462,1.071,1.266
荆门市,正常,2021,38000.0,4.5,2004,25988,4.2,1.462,1.071,1.266
荆门市,正常,2022,48900.0,,2004,25988,4.2,1.882,,
荆门市,正常,2023,55000.0,,2004,25988,4.2,2.116,,
荆门市,正常,2024,55400.0,,2004,25988,4.2,2.132,,
莆田市,正常,2003,,2.5,2004,22000,2.5,,1.0,
莆田市,正常,2004,22000.0,2.5,2004,22000,2.5,1.0,1.0,1.0
莆田市,正常,2005,,2.49,2004,22000,2.5,,0.996,
莆田市,正常,2006,20000.0,3.0,2004,22000,2.5,0.909,1.2,1.054
莆田市,正常,2007,22700.0,2.19,2004,22000,2.5,1.032,0.876,0.954
莆田市,正常,2008,23000.0,2.32,2004,22000,2.5,1.045,0.928,0.986
莆田市,正常,2009,22000.0,2.5,2004,22000,2.5,1.0,1.0,1.0
莆田市,正常,2010,22000.0,2.56,2004,22000,2.5,1.0,1.024,1.012
莆田市,正常,2011,105000.0,3.0,2004,22000,2.5,4.773,1.2,2.986
莆田市,正常,2012,21100.0,2.0,2004,22000,2.5,0.959,0.8,0.88
莆田市,正常,2013,22200.0,2.0,2004,22000,2.5,1.009,0.8,0.904
莆田市,正常,2014,23000.0,3.0,2004,22000,2.5,1.045,1.2,1.122
莆田市,正常,2015,22200.0,2.2,2004,22000,2.5,1.009,0.88,0.944
莆田市,正常,2016,20000.0,2.19,2004,22000,2.5,0.909,0.876,0.893
莆田市,正常,2017,18900.0,2.5,2004,22000,2.5,0.859,1.0,0.93
莆田市,正常,2018,18000.0,2.5,2004,22000,2.5,0.818,1.0,0.909
莆田市,正常,2019,18300.0,1.82,2004,22000,2.5,0.832,0.728,0.78
莆田市,正常,2020,24000.0,2.41,2004,22000,2.5,1.091,0.964,1.027
莆田市,正常,2021,22000.0,2.77,2004,22000,2.5,1.0,1.108,1.054
莆田市,正常,2022,22000.0,2.7,2004,22000,2.5,1.0,1.08,1.04
莆田市,正常,2024,20000.0,2.7,2004,22000,2.5,0.909,1.08,0.994
菏泽市,正常,2003,320000.0,3.8,2003,320000,3.8,1.0,1.0,1.0
菏泽市,正常,2004,80000.0,3.8,2003,320000,3.8,0.25,1.0,0.625
菏泽市,正常,2005,330000.0,4.0,2003,320000,3.8,1.031,1.053,1.042
菏泽市,正常,2006,,3.5,2003,320000,3.8,,0.921,
菏泽市,正常,2007,400000.0,3.8,2003,320000,3.8,1.25,1.0,1.125
菏泽市,正常,2008,110000.0,4.6,2003,320000,3.8,0.344,1.211,0.778
菏泽市,正常,2009,110000.0,3.8,2003,320000,3.8,0.344,1.0,0.672
菏泽市,正常,2010,92000.0,,2003,320000,3.8,0.288,,
菏泽市,正常,2011,368000.0,3.8,2003,320000,3.8,1.15,1.0,1.075
菏泽市,正常,2012,104000.0,3.8,2003,320000,3.8,0.325,1.0,0.662
菏泽市,正常,2013,101000.0,4.0,2003,320000,3.8,0.316,1.053,0.684
菏泽市,正常,2014,95000.0,4.0,2003,320000,3.8,0.297,1.053,0.675
菏泽市,正常,2015,470000.0,3.12,2003,320000,3.8,1.469,0.821,1.145
菏泽市,正常,2016,320000.0,4.0,2003,320000,3.8,1.0,1.053,1.026
菏泽市,正常,2017,72300.0,3.8,2003,320000,3.8,0.226,1.0,0.613
菏泽市,正常,2018,78000.0,3.05,2003,320000,3.8,0.244,0.803,0.524
菏泽市,正常,2019,78000.0,3.5,2003,320000,3.8,0.244,0.921,0.582
菏泽市,正常,2020,320000.0,3.5,2003,320000,3.8,1.0,0.921,0.96
菏泽市,正常,2021,350000.0,5.5,2003,320000,3.8,1.094,1.447,1.271
菏泽市,正常,2022,68000.0,5.5,2003,320000,3.8,0.212,1.447,0.83
菏泽市,正常,2023,70000.0,,2003,320000,3.8,0.219,,
菏泽市,正常,2024,70000.0,,2003,320000,3.8,0.219,,
萍乡市,空文件,2003,,,2013,31000,3.15,,,
萍乡市,空文件,2004,,,2013,31000,3.15,,,
萍乡市,空文件,2005,,,2013,31000,3.15,,,
萍乡市,空文件,2006,,,2013,31000,3.15,,,
萍乡市,空文件,2007,,,2013,31000,3.15,,,
萍乡市,空文件,2008,,,2013,31000,3.15,,,
萍乡市,空文件,2009,,,2013,31000,3.15,,,
萍乡市,空文件,2010,,,2013,31000,3.15,,,
萍乡市,空文件,2011,,,2013,31000,3.15,,,
萍乡市,空文件,2012,,,2013,31000,3.15,,,
萍乡市,正常,2013,31000.0,3.15,2013,31000,3.15,1.0,1.0,1.0
萍乡市,正常,2014,31000.0,4.0,2013,31000,3.15,1.0,1.27,1.135
萍乡市,正常,2015,178600.0,4.0,2013,31000,3.15,5.761,1.27,3.516
萍乡市,正常,2016,,4.5,2013,31000,3.15,,1.429,
萍乡市,正常,2017,33000.0,3.85,2013,31000,3.15,1.065,1.222,1.144
萍乡市,正常,2018,33300.0,3.35,2013,31000,3.15,1.074,1.063,1.068
萍乡市,正常,2019,31000.0,3.35,2013,31000,3.15,1.0,1.063,1.031
萍乡市,正常,2020,,,2013,31000,3.15,,,
萍乡市,空文件,2021,,,2013,31000,3.15,,,
萍乡市,空文件,2022,,,2013,31000,3.15,,,
萍乡市,正常,2023,20000.0,,2013,31000,3.15,0.645,,
营口市,正常,2003,68713.0,5.8,2003,68713,5.8,1.0,1.0,1.0
营口市,正常,2004,79000.0,5.5,2003,68713,5.8,1.15,0.948,1.049
营口市,正常,2005,,5.2,2003,68713,5.8,,0.897,
营口市,正常,2006,65000.0,4.8,2003,68713,5.8,0.946,0.828,0.887
营口市,正常,2007,,3.0,2003,68713,5.8,,0.517,
营口市,正常,2008,,3.0,2003,68713,5.8,,0.517,
营口市,正常,2009,,4.0,2003,68713,5.8,,0.69,
营口市,正常,2010,,3.4,2003,68713,5.8,,0.586,
营口市,正常,2011,,2.8,2003,68713,5.8,,0.483,
营口市,正常,2012,425000.0,2.1,2003,68713,5.8,6.185,0.362,3.274
营口市,正常,2013,,2.2,2003,68713,5.8,,0.379,
营口市,正常,2014,,2.45,2003,68713,5.8,,0.422,
营口市,正常,2015,,2.67,2003,68713,5.8,,0.46,
营口市,正常,2016,18900.0,2.98,2003,68713,5.8,0.275,0.514,0.394
营口市,正常,2017,19800.0,3.01,2003,68713,5.8,0.288,0.519,0.403
营口市,正常,2018,20852.0,2.47,2003,68713,5.8,0.303,0.426,0.364
营口市,正常,2019,18300.0,3.44,2003,68713,5.8,0.266,0.593,0.43
营口市,正常,2020,19600.0,3.84,2003,68713,5.8,0.285,0.662,0.474
营口市,正常,2021,20500.0,3.64,2003,68713,5.8,0.298,0.628,0.463
营口市,正常,2022,20000.0,5.5,2003,68713,5.8,0.291,0.948,0.619
营口市,正常,2023,18000.0,5.5,2003,68713,5.8,0.262,0.948,0.605
营口市,正常,2024,19000.0,,2003,68713,5.8,0.277,,
葫芦岛市,空文件,2003,,,2004,50000,5.0,,,
葫芦岛市,正常,2004,50000.0,5.0,2004,50000,5.0,1.0,1.0,1.0
葫芦岛市,正常,2005,60000.0,4.8,2004,50000,5.0,1.2,0.96,1.08
葫芦岛市,正常,2006,,4.8,2004,50000,5.0,,0.96,
葫芦岛市,正常,2007,,4.7,2004,50000,5.0,,0.94,
葫芦岛市,正常,2008,,4.4,2004,50000,5.0,,0.88,
葫芦岛市,正常,2009,,4.4,2004,50000,5.0,,0.88,
葫芦岛市,正常,2010,,3.5,2004,50000,5.0,,0.7,
葫芦岛市,正常,2011,,3.7,2004,50000,5.0,,0.74,
葫芦岛市,正常,2012,,3.2,2004,50000,5.0,,0.64,
葫芦岛市,正常,2013,150000.0,3.8,2004,50000,5.0,3.0,0.76,1.88
葫芦岛市,正常,2014,,3.24,2004,50000,5.0,,0.648,
葫芦岛市,正常,2015,,4.0,2004,50000,5.0,,0.8,
葫芦岛市,正常,2016,,5.0,2004,50000,5.0,,1.0,
葫芦岛市,正常,2017,,5.0,2004,50000,5.0,,1.0,
葫芦岛市,正常,2018,15000.0,4.8,2004,50000,5.0,0.3,0.96,0.63
葫芦岛市,正常,2019,15000.0,4.9,2004,50000,5.0,0.3,0.98,0.64
葫芦岛市,正常,2020,15000.0,4.95,2004,50000,5.0,0.3,0.99,0.645
葫芦岛市,正常,2021,16000.0,5.2,2004,50000,5.0,0.32,1.04,0.68
葫芦岛市,正常,2022,16299.0,4.5,2004,50000,5.0,0.326,0.9,0.613
葫芦岛市,正常,2023,16400.0,,2004,50000,5.0,0.328,,
葫芦岛市,正常,2024,15500.0,,2004,50000,5.0,0.31,,
蚌埠市,空文件,2003,,,2009,32800,4.5,,,
蚌埠市,空文件,2004,,,2009,32800,4.5,,,
蚌埠市,空文件,2005,,,2009,32800,4.5,,,
蚌埠市,正常,2006,,4.5,2009,32800,4.5,,1.0,
蚌埠市,正常,2007,168000.0,,2009,32800,4.5,5.122,,
蚌埠市,正常,2008,36000.0,,2009,32800,4.5,1.098,,
蚌埠市,正常,2009,32800.0,4.5,2009,32800,4.5,1.0,1.0,1.0
蚌埠市,正常,2010,45000.0,,2009,32800,4.5,1.372,,
蚌埠市,正常,2011,40000.0,4.5,2009,32800,4.5,1.22,1.0,1.11
蚌埠市,正常,2012,62000.0,3.2,2009,32800,4.5,1.89,0.711,1.3
蚌埠市,正常,2013,66000.0,,2009,32800,4.5,2.012,,
蚌埠市,正常,2014,81000.0,,2009,32800,4.5,2.47,,
蚌埠市,正常,2015,82000.0,,2009,32800,4.5,2.5,,
蚌埠市,正常,2016,83200.0,,2009,32800,4.5,2.537,,
蚌埠市,正常,2017,83400.0,5.0,2009,32800,4.5,2.543,1.111,1.827
蚌埠市,正常,2018,80000.0,5.0,2009,32800,4.5,2.439,1.111,1.775
蚌埠市,正常,2019,65000.0,,2009,32800,4.5,1.982,,
蚌埠市,正常,2020,36000.0,2.6,2009,32800,4.5,1.098,0.578,0.838
蚌埠市,正常,2021,39100.0,,2009,32800,4.5,1.192,,
蚌埠市,正常,2022,36000.0,,2009,32800,4.5,1.098,,
蚌埠市,正常,2023,37700.0,,2009,32800,4.5,1.149,,
蚌埠市,正常,2024,35200.0,,2009,32800,4.5,1.073,,
衡水市,正常,2003,,,2009,2000,4.0,,,
衡水市,空文件,2004,,,2009,2000,4.0,,,
衡水市,正常,2005,,4.0,2009,2000,4.0,,1.0,
衡水市,正常,2006,,3.0,2009,2000,4.0,,0.75,
衡水市,空文件,2007,,,2009,2000,4.0,,,
衡水市,正常,2008,,,2009,2000,4.0,,,
衡水市,正常,2009,2000.0,4.0,2009,2000,4.0,1.0,1.0,1.0
衡水市,空文件,2010,,,2009,2000,4.0,,,
衡水市,空文件,2011,,,2009,2000,4.0,,,
衡水市,正常,2012,5000.0,3.5,2009,2000,4.0,2.5,0.875,1.688
衡水市,正常,2013,39000.0,4.5,2009,2000,4.0,19.5,1.125,10.312
衡水市,正常,2014,42000.0,4.5,2009,2000,4.0,21.0,1.125,11.062
衡水市,正常,2015,198000.0,4.5,2009,2000,4.0,99.0,1.125,50.062
衡水市,正常,2016,171000.0,4.5,2009,2000,4.0,85.5,1.125,43.312
衡水市,正常,2017,42000.0,4.5,2009,2000,4.0,21.0,1.125,11.062
衡水市,正常,2018,45800.0,3.37,2009,2000,4.0,22.9,0.842,11.871
衡水市,正常,2019,45000.0,,2009,2000,4.0,22.5,,
衡水市,正常,2020,46000.0,,2009,2000,4.0,23.0,,
衡水市,正常,2021,44000.0,5.5,2009,2000,4.0,22.0,1.375,11.688
衡水市,正常,2022,43000.0,5.5,2009,2000,4.0,21.5,1.375,11.438
衡水市,正常,2023,43000.0,5.5,2009,2000,4.0,21.5,1.375,11.438
衡水市,正常,2024,41000.0,5.5,2009,2000,4.0,20.5,1.375,10.938
衡阳市,空文件,2003,,,2006,58200,4.3,,,
衡阳市,空文件,2004,,,2006,58200,4.3,,,
衡阳市,空文件,2005,,,2006,58200,4.3,,,
衡阳市,正常,2006,58200.0,4.3,2006,58200,4.3,1.0,1.0,1.0
衡阳市,正常,2007,280000.0,4.3,2006,58200,4.3,4.811,1.0,2.906
衡阳市,正常,2008,46000.0,5.0,2006,58200,4.3,0.79,1.163,0.976
衡阳市,正常,2009,56000.0,4.5,2006,58200,4.3,0.962,1.047,1.004
衡阳市,正常,2010,60000.0,4.5,2006,58200,4.3,1.031,1.047,1.039
衡阳市,正常,2011,65000.0,4.5,2006,58200,4.3,1.117,1.047,1.082
衡阳市,正常,2012,298000.0,4.5,2006,58200,4.3,5.12,1.047,3.084
衡阳市,正常,2013,78400.0,4.5,2006,58200,4.3,1.347,1.047,1.197
衡阳市,正常,2014,76000.0,4.5,2006,58200,4.3,1.306,1.047,1.176
衡阳市,正常,2015,70800.0,6.0,2006,58200,4.3,1.216,1.395,1.305
衡阳市,正常,2016,290000.0,4.5,2006,58200,4.3,4.983,1.047,3.015
衡阳市,正常,2017,59400.0,4.1,2006,58200,4.3,1.021,0.953,0.987
衡阳市,正常,2018,67500.0,3.5,2006,58200,4.3,1.16,0.814,0.987
衡阳市,正常,2019,68000.0,3.63,2006,58200,4.3,1.168,0.844,1.006
衡阳市,正常,2020,,,2006,58200,4.3,,,
衡阳市,正常,2021,320400.0,5.5,2006,58200,4.3,5.505,1.279,3.392
衡阳市,正常,2022,61800.0,5.5,2006,58200,4.3,1.062,1.279,1.17
衡阳市,正常,2023,63800.0,5.5,2006,58200,4.3,1.096,1.279,1.188
衡阳市,正常,2024,73800.0,,2006,58200,4.3,1.268,,
衢州市,空文件,2003,,,2017,40000,5.0,,,
衢州市,空文件,2004,,,2017,40000,5.0,,,
衢州市,空文件,2005,,,2017,40000,5.0,,,
衢州市,空文件,2006,,,2017,40000,5.0,,,
衢州市,空文件,2007,,,2017,40000,5.0,,,
衢州市,空文件,2008,,,2017,40000,5.0,,,
衢州市,空文件,2009,,,2017,40000,5.0,,,
衢州市,空文件,2010,,,2017,40000,5.0,,,
衢州市,空文件,2011,,,2017,40000,5.0,,,
衢州市,正常,2012,,4.0,2017,40000,5.0,,0.8,
衢州市,空文件,2013,,,2017,40000,5.0,,,
衢州市,空文件,2014,,,2017,40000,5.0,,,
衢州市,空文件,2015,,,2017,40000,5.0,,,
衢州市,空文件,2016,,,2017,40000,5.0,,,
衢州市,正常,2017,40000.0,5.0,2017,40000,5.0,1.0,1.0,1.0
衢州市,正常,2018,55000.0,3.5,2017,40000,5.0,1.375,0.7,1.038
衢州市,正常,2019,79000.0,3.5,2017,40000,5.0,1.975,0.7,1.338
衢州市,正常,2020,280000.0,1.78,2017,40000,5.0,7.0,0.356,3.678
衢州市,正常,2021,68000.0,5.5,2017,40000,5.0,1.7,1.1,1.4
衢州市,正常,2022,30800.0,5.0,2017,40000,5.0,0.77,1.0,0.885
衢州市,正常,2023,30800.0,5.0,2017,40000,5.0,0.77,1.0,0.885
衢州市,正常,2024,26000.0,5.0,2017,40000,5.0,0.65,1.0,0.825
襄阳市,空文件,2003,,,2006,83000,4.14,,,
襄阳市,空文件,2004,,,2006,83000,4.14,,,
襄阳市,正常,2005,400000.0,,2006,83000,4.14,4.819,,
襄阳市,正常,2006,83000.0,4.14,2006,83000,4.14,1.0,1.0,1.0
襄阳市,正常,2007,95000.0,4.15,2006,83000,4.14,1.145,1.002,1.074
襄阳市,正常,2008,93000.0,4.17,2006,83000,4.14,1.12,1.007,1.064
襄阳市,正常,2009,97700.0,4.18,2006,83000,4.14,1.177,1.01,1.094
襄阳市,正常,2010,,4.16,2006,83000,4.14,,1.005,
襄阳市,正常,2011,100000.0,4.2,2006,83000,4.14,1.205,1.014,1.11
襄阳市,正常,2012,113000.0,3.78,2006,83000,4.14,1.361,0.913,1.137
襄阳市,正常,2013,104500.0,,2006,83000,4.14,1.259,,
襄阳市,正常,2014,113000.0,,2006,83000,4.14,1.361,,
襄阳市,正常,2015,520000.0,,2006,83000,4.14,6.265,,
襄阳市,正常,2016,91000.0,,2006,83000,4.14,1.096,,
襄阳市,正常,2017,112000.0,,2006,83000,4.14,1.349,,
襄阳市,正常,2018,104000.0,4.5,2006,83000,4.14,1.253,1.087,1.17
襄阳市,正常,2019,108400.0,4.5,2006,83000,4.14,1.306,1.087,1.196
襄阳市,正常,2020,70600.0,6.0,2006,83000,4.14,0.851,1.449,1.15
襄阳市,正常,2021,365000.0,,2006,83000,4.14,4.398,,
襄阳市,正常,2022,100000.0,,2006,83000,4.14,1.205,,
襄阳市,正常,2023,80000.0,,2006,83000,4.14,0.964,,
襄阳市,正常,2024,100000.0,,2006,83000,4.14,1.205,,
西宁市,空文件,2003,,,2007,23000,4.5,,,
西宁市,空文件,2004,,,2007,23000,4.5,,,
西宁市,空文件,2005,,,2007,23000,4.5,,,
西宁市,空文件,2006,,,2007,23000,4.5,,,
西宁市,正常,2007,23000.0,4.5,2007,23000,4.5,1.0,1.0,1.0
西宁市,正常,2008,24400.0,4.5,2007,23000,4.5,1.061,1.0,1.03
西宁市,正常,2009,24700.0,4.5,2007,23000,4.5,1.074,1.0,1.037
西宁市,空文件,2010,,,2007,23000,4.5,,,
西宁市,正常,2011,27000.0,4.2,2007,23000,4.5,1.174,0.933,1.054
西宁市,正常,2012,28000.0,3.47,2007,23000,4.5,1.217,0.771,0.994
西宁市,正常,2013,31486.0,3.04,2007,23000,4.5,1.369,0.676,1.022
西宁市,正常,2014,31700.0,3.0,2007,23000,4.5,1.378,0.667,1.022
西宁市,正常,2015,150400.0,2.5,2007,23000,4.5,6.539,0.556,3.548
西宁市,正常,2016,32000.0,2.48,2007,23000,4.5,1.391,0.551,0.971
西宁市,正常,2017,31800.0,2.5,2007,23000,4.5,1.383,0.556,0.97
西宁市,正常,2018,32000.0,2.45,2007,23000,4.5,1.391,0.544,0.968
西宁市,正常,2019,32000.0,2.16,2007,23000,4.5,1.391,0.48,0.936
西宁市,正常,2020,32000.0,1.97,2007,23000,4.5,1.391,0.438,0.914
西宁市,正常,2021,33000.0,2.5,2007,23000,4.5,1.435,0.556,0.996
西宁市,正常,2022,33000.0,2.5,2007,23000,4.5,1.435,0.556,0.996
西宁市,正常,2023,33000.0,,2007,23000,4.5,1.435,,
西宁市,正常,2024,34000.0,5.2,2007,23000,4.5,1.478,1.156,1.317
西安市,正常,2003,72000.0,4.5,2003,72000,4.5,1.0,1.0,1.0
西安市,正常,2004,74800.0,4.3,2003,72000,4.5,1.039,0.956,0.997
西安市,正常,2005,300000.0,4.5,2003,72000,4.5,4.167,1.0,2.584
西安市,正常,2006,370600.0,4.5,2003,72000,4.5,5.147,1.0,3.074
西安市,正常,2007,143500.0,4.3,2003,72000,4.5,1.993,0.956,1.474
西安市,正常,2008,133600.0,4.5,2003,72000,4.5,1.856,1.0,1.428
西安市,正常,2009,105900.0,4.3,2003,72000,4.5,1.471,0.956,1.214
西安市,正常,2010,561800.0,4.5,2003,72000,4.5,7.803,1.0,4.402
西安市,正常,2011,110000.0,4.5,2003,72000,4.5,1.528,1.0,1.264
西安市,正常,2012,124000.0,3.49,2003,72000,4.5,1.722,0.776,1.249
西安市,正常,2013,125800.0,3.4,2003,72000,4.5,1.747,0.756,1.252
西安市,正常,2014,132000.0,3.4,2003,72000,4.5,1.833,0.756,1.294
西安市,正常,2015,629500.0,4.5,2003,72000,4.5,8.743,1.0,4.872
西安市,正常,2016,629500.0,4.5,2003,72000,4.5,8.743,1.0,4.872
西安市,正常,2017,154600.0,3.3,2003,72000,4.5,2.147,0.733,1.44
西安市,正常,2018,143900.0,3.26,2003,72000,4.5,1.999,0.724,1.362
西安市,正常,2019,161200.0,3.27,2003,72000,4.5,2.239,0.727,1.483
西安市,正常,2020,153100.0,3.64,2003,72000,4.5,2.126,0.809,1.468
西安市,正常,2021,159800.0,5.5,2003,72000,4.5,2.219,1.222,1.72
西安市,正常,2022,165200.0,5.5,2003,72000,4.5,2.294,1.222,1.758
西安市,正常,2023,177200.0,,2003,72000,4.5,2.461,,
西安市,正常,2024,34000.0,5.2,2003,72000,4.5,0.472,1.156,0.814
许昌市,正常,2003,,2.5,2005,59000,3.0,,0.833,
许昌市,正常,2004,,2.98,2005,59000,3.0,,0.993,
许昌市,正常,2005,59000.0,3.0,2005,59000,3.0,1.0,1.0,1.0
许昌市,正常,2006,200000.0,4.0,2005,59000,3.0,3.39,1.333,2.362
许昌市,正常,2007,62283.0,3.33,2005,59000,3.0,1.056,1.11,1.083
许昌市,正常,2008,82000.0,4.0,2005,59000,3.0,1.39,1.333,1.362
许昌市,正常,2009,119000.0,3.2,2005,59000,3.0,2.017,1.067,1.542
许昌市,正常,2010,392000.0,,2005,59000,3.0,6.644,,
许昌市,正常,2011,419000.0,,2005,59000,3.0,7.102,,
许昌市,正常,2012,91000.0,,2005,59000,3.0,1.542,,
许昌市,正常,2013,92000.0,,2005,59000,3.0,1.559,,
许昌市,正常,2014,94000.0,,2005,59000,3.0,1.593,,
许昌市,正常,2015,465000.0,,2005,59000,3.0,7.881,,
许昌市,正常,2016,463000.0,,2005,59000,3.0,7.847,,
许昌市,正常,2017,76000.0,,2005,59000,3.0,1.288,,
许昌市,正常,2018,73000.0,2.99,2005,59000,3.0,1.237,0.997,1.117
许昌市,正常,2019,67000.0,3.0,2005,59000,3.0,1.136,1.0,1.068
许昌市,正常,2020,54900.0,5.5,2005,59000,3.0,0.931,1.833,1.382
许昌市,正常,2021,50000.0,5.5,2005,59000,3.0,0.847,1.833,1.34
许昌市,正常,2022,371000.0,5.5,2005,59000,3.0,6.288,1.833,4.06
许昌市,正常,2023,54300.0,5.5,2005,59000,3.0,0.92,1.833,1.376
许昌市,正常,2024,53000.0,5.5,2005,59000,3.0,0.898,1.833,1.366
贵港市,正常,2003,15128.0,3.7,2003,15128,3.7,1.0,1.0,1.0
贵港市,正常,2004,10712.0,3.9,2003,15128,3.7,0.708,1.054,0.881
贵港市,正常,2005,56100.0,4.5,2003,15128,3.7,3.708,1.216,2.462
贵港市,正常,2006,13680.0,4.0,2003,15128,3.7,0.904,1.081,0.992
贵港市,正常,2007,13700.0,3.6,2003,15128,3.7,0.906,0.973,0.94
贵港市,正常,2008,14701.0,3.4,2003,15128,3.7,0.972,0.919,0.946
贵港市,正常,2009,17300.0,3.6,2003,15128,3.7,1.144,0.973,1.058
贵港市,正常,2010,76000.0,4.0,2003,15128,3.7,5.024,1.081,3.052
贵港市,正常,2011,17800.0,3.72,2003,15128,3.7,1.177,1.005,1.091
贵港市,空文件,2012,,,2003,15128,3.7,,,
贵港市,正常,2013,,1.9,2003,15128,3.7,,0.514,
贵港市,正常,2014,15500.0,2.0,2003,15128,3.7,1.025,0.541,0.783
贵港市,正常,2015,86000.0,4.3,2003,15128,3.7,5.685,1.162,3.423
贵港市,正常,2016,14000.0,1.1,2003,15128,3.7,0.925,0.297,0.611
贵港市,正常,2017,18000.0,1.11,2003,15128,3.7,1.19,0.3,0.745
贵港市,正常,2018,19000.0,1.35,2003,15128,3.7,1.256,0.365,0.81
贵港市,正常,2019,22000.0,2.14,2003,15128,3.7,1.454,0.578,1.016
贵港市,正常,2020,16000.0,1.3,2003,15128,3.7,1.058,0.351,0.704
贵港市,正常,2021,22000.0,1.8,2003,15128,3.7,1.454,0.486,0.97
贵港市,正常,2022,23000.0,5.5,2003,15128,3.7,1.52,1.486,1.503
贵港市,正常,2023,25000.0,5.5,2003,15128,3.7,1.653,1.486,1.57
贵港市,正常,2024,24000.0,5.5,2003,15128,3.7,1.586,1.486,1.536
贵阳市,正常,2003,,3.9,2009,45000,3.5,,1.114,
贵阳市,正常,2004,,4.1,2009,45000,3.5,,1.171,
贵阳市,正常,2005,,4.2,2009,45000,3.5,,1.2,
贵阳市,正常,2006,,4.1,2009,45000,3.5,,1.171,
贵阳市,正常,2007,,3.76,2009,45000,3.5,,1.074,
贵阳市,正常,2008,,3.6,2009,45000,3.5,,1.029,
贵阳市,正常,2009,45000.0,3.5,2009,45000,3.5,1.0,1.0,1.0
贵阳市,正常,2010,260200.0,4.0,2009,45000,3.5,5.782,1.143,3.462
贵阳市,正常,2011,301700.0,3.29,2009,45000,3.5,6.704,0.94,3.822
贵阳市,正常,2012,172000.0,3.0,2009,45000,3.5,3.822,0.857,2.34
贵阳市,正常,2013,203000.0,4.0,2009,45000,3.5,4.511,1.143,2.827
贵阳市,正常,2014,211200.0,4.0,2009,45000,3.5,4.693,1.143,2.918
贵阳市,正常,2015,892099.0,4.5,2009,45000,3.5,19.824,1.286,10.555
贵阳市,正常,2016,1030000.0,,2009,45000,3.5,22.889,,
贵阳市,正常,2017,231900.0,4.2,2009,45000,3.5,5.153,1.2,3.176
贵阳市,正常,2018,233100.0,3.1,2009,45000,3.5,5.18,0.886,3.033
贵阳市,正常,2019,185000.0,2.96,2009,45000,3.5,4.111,0.846,2.478
贵阳市,正常,2020,1016000.0,4.04,2009,45000,3.5,22.578,1.154,11.866
贵阳市,正常,2021,942000.0,,2009,45000,3.5,20.933,,
贵阳市,正常,2022,152000.0,,2009,45000,3.5,3.378,,
贵阳市,正常,2023,154000.0,,2009,45000,3.5,3.422,,
贵阳市,正常,2024,159100.0,,2009,45000,3.5,3.536,,
贺州市,正常,2003,6000.0,4.5,2003,6000,4.5,1.0,1.0,1.0
贺州市,正常,2004,11000.0,3.75,2003,6000,4.5,1.833,0.833,1.333
贺州市,正常,2005,56400.0,3.8,2003,6000,4.5,9.4,0.844,5.122
贺州市,正常,2006,12169.0,3.49,2003,6000,4.5,2.028,0.776,1.402
贺州市,正常,2007,12800.0,3.56,2003,6000,4.5,2.133,0.791,1.462
贺州市,正常,2008,11374.0,4.0,2003,6000,4.5,1.896,0.889,1.392
贺州市,正常,2009,13619.0,3.57,2003,6000,4.5,2.27,0.793,1.532
贺州市,正常,2010,73000.0,4.5,2003,6000,4.5,12.167,1.0,6.584
贺州市,正常,2011,15900.0,3.56,2003,6000,4.5,2.65,0.791,1.72
贺州市,正常,2012,15700.0,3.28,2003,6000,4.5,2.617,0.729,1.673
贺州市,正常,2013,16897.0,3.56,2003,6000,4.5,2.816,0.791,1.803
贺州市,正常,2014,12000.0,2.91,2003,6000,4.5,2.0,0.647,1.324
贺州市,正常,2015,15000.0,2.48,2003,6000,4.5,2.5,0.551,1.526
贺州市,正常,2016,,4.2,2003,6000,4.5,,0.933,
贺州市,正常,2017,12600.0,4.2,2003,6000,4.5,2.1,0.933,1.517
贺州市,正常,2018,11100.0,2.39,2003,6000,4.5,1.85,0.531,1.19
贺州市,正常,2019,11900.0,2.42,2003,6000,4.5,1.983,0.538,1.26
贺州市,正常,2020,56000.0,2.87,2003,6000,4.5,9.333,0.638,4.986
贺州市,正常,2021,11356.0,5.0,2003,6000,4.5,1.893,1.111,1.502
贺州市,正常,2022,13000.0,6.0,2003,6000,4.5,2.167,1.333,1.75
贺州市,正常,2023,11399.0,5.5,2003,6000,4.5,1.9,1.222,1.561
贺州市,正常,2024,10000.0,5.5,2003,6000,4.5,1.667,1.222,1.445
资阳市,正常,2003,,,2005,40000,4.0,,,
资阳市,正常,2004,,5.0,2005,40000,4.0,,1.25,
资阳市,正常,2005,40000.0,4.0,2005,40000,4.0,1.0,1.0,1.0
资阳市,正常,2006,14000.0,4.2,2005,40000,4.0,0.35,1.05,0.7
资阳市,正常,2007,15500.0,4.1,2005,40000,4.0,0.388,1.025,0.706
资阳市,正常,2008,18000.0,4.0,2005,40000,4.0,0.45,1.0,0.725
资阳市,正常,2009,,4.0,2005,40000,4.0,,1.0,
资阳市,正常,2010,21000.0,4.0,2005,40000,4.0,0.525,1.0,0.762
资阳市,正常,2011,92500.0,4.0,2005,40000,4.0,2.312,1.0,1.656
资阳市,正常,2012,25106.0,3.7,2005,40000,4.0,0.628,0.925,0.776
资阳市,空文件,2013,,,2005,40000,4.0,,,
资阳市,空文件,2014,,,2005,40000,4.0,,,
资阳市,正常,2015,127500.0,3.97,2005,40000,4.0,3.188,0.992,2.09
资阳市,正常,2016,73000.0,,2005,40000,4.0,1.825,,
资阳市,正常,2017,18000.0,,2005,40000,4.0,0.45,,
资阳市,正常,2018,20000.0,3.94,2005,40000,4.0,0.5,0.985,0.742
资阳市,正常,2019,18000.0,,2005,40000,4.0,0.45,,
资阳市,正常,2020,16000.0,4.1,2005,40000,4.0,0.4,1.025,0.712
资阳市,正常,2021,15000.0,3.6,2005,40000,4.0,0.375,0.9,0.638
资阳市,正常,2022,17600.0,3.55,2005,40000,4.0,0.44,0.888,0.664
资阳市,正常,2023,20500.0,,2005,40000,4.0,0.512,,
资阳市,正常,2024,19000.0,,2005,40000,4.0,0.475,,
赣州市,正常,2003,138000.0,3.7,2003,138000,3.7,1.0,1.0,1.0
赣州市,正常,2004,52600.0,3.4,2003,138000,3.7,0.381,0.919,0.65
赣州市,空文件,2005,,,2003,138000,3.7,,,
赣州市,正常,2006,74000.0,3.4,2003,138000,3.7,0.536,0.919,0.728
赣州市,正常,2007,88000.0,4.0,2003,138000,3.7,0.638,1.081,0.859
赣州市,正常,2008,128500.0,4.0,2003,138000,3.7,0.931,1.081,1.006
赣州市,正常,2009,136000.0,4.0,2003,138000,3.7,0.986,1.081,1.034
赣州市,正常,2010,,,2003,138000,3.7,,,
赣州市,正常,2011,116700.0,,2003,138000,3.7,0.846,,
赣州市,正常,2012,108500.0,,2003,138000,3.7,0.786,,
赣州市,正常,2013,91400.0,4.5,2003,138000,3.7,0.662,1.216,0.939
赣州市,正常,2014,92000.0,4.5,2003,138000,3.7,0.667,1.216,0.942
赣州市,正常,2015,73200.0,4.5,2003,138000,3.7,0.53,1.216,0.873
赣州市,正常,2016,500000.0,3.3,2003,138000,3.7,3.623,0.892,2.258
赣州市,正常,2017,,4.5,2003,138000,3.7,,1.216,
赣州市,正常,2018,,4.5,2003,138000,3.7,,1.216,
赣州市,正常,2019,63000.0,4.5,2003,138000,3.7,0.457,1.216,0.836
赣州市,正常,2020,396000.0,5.5,2003,138000,3.7,2.87,1.486,2.178
赣州市,正常,2021,82700.0,5.5,2003,138000,3.7,0.599,1.486,1.042
赣州市,正常,2022,60000.0,5.5,2003,138000,3.7,0.435,1.486,0.96
赣州市,正常,2023,60000.0,,2003,138000,3.7,0.435,,
赣州市,正常,2024,60000.0,,2003,138000,3.7,0.435,,
赤峰市,空文件,2003,,,2007,31000,4.2,,,
赤峰市,空文件,2004,,,2007,31000,4.2,,,
赤峰市,空文件,2005,,,2007,31000,4.2,,,
赤峰市,空文件,2006,,,2007,31000,4.2,,,
赤峰市,正常,2007,31000.0,4.2,2007,31000,4.2,1.0,1.0,1.0
赤峰市,空文件,2008,,,2007,31000,4.2,,,
赤峰市,正常,2009,,4.2,2007,31000,4.2,,1.0,
赤峰市,正常,2010,133000.0,4.2,2007,31000,4.2,4.29,1.0,2.645
赤峰市,正常,2011,23600.0,,2007,31000,4.2,0.761,,
赤峰市,正常,2012,125000.0,4.0,2007,31000,4.2,4.032,0.952,2.492
赤峰市,正常,2013,31000.0,3.9,2007,31000,4.2,1.0,0.929,0.964
赤峰市,正常,2014,32000.0,4.0,2007,31000,4.2,1.032,0.952,0.992
赤峰市,正常,2015,31500.0,4.0,2007,31000,4.2,1.016,0.952,0.984
赤峰市,正常,2016,32000.0,4.0,2007,31000,4.2,1.032,0.952,0.992
赤峰市,正常,2017,154000.0,4.0,2007,31000,4.2,4.968,0.952,2.96
赤峰市,正常,2018,28000.0,4.0,2007,31000,4.2,0.903,0.952,0.928
赤峰市,正常,2019,26000.0,4.07,2007,31000,4.2,0.839,0.969,0.904
赤峰市,正常,2020,24000.0,6.0,2007,31000,4.2,0.774,1.429,1.102
赤峰市,正常,2021,97000.0,4.5,2007,31000,4.2,3.129,1.071,2.1
赤峰市,正常,2022,18000.0,,2007,31000,4.2,0.581,,
赤峰市,正常,2023,20000.0,,2007,31000,4.2,0.645,,
赤峰市,正常,2024,18000.0,,2007,31000,4.2,0.581,,
辽源市,空文件,2003,,,2011,32000,3.6,,,
辽源市,空文件,2004,,,2011,32000,3.6,,,
辽源市,空文件,2005,,,2011,32000,3.6,,,
辽源市,空文件,2006,,,2011,32000,3.6,,,
辽源市,正常,2007,,,2011,32000,3.6,,,
辽源市,正常,2008,,3.56,2011,32000,3.6,,0.989,
辽源市,正常,2009,,,2011,32000,3.6,,,
辽源市,空文件,2010,,,2011,32000,3.6,,,
辽源市,正常,2011,32000.0,3.6,2011,32000,3.6,1.0,1.0,1.0
辽源市,正常,2012,,3.9,2011,32000,3.6,,1.083,
辽源市,正常,2013,40000.0,3.56,2011,32000,3.6,1.25,0.989,1.12
辽源市,正常,2014,40000.0,3.9,2011,32000,3.6,1.25,1.083,1.166
辽源市,正常,2015,40000.0,3.9,2011,32000,3.6,1.25,1.083,1.166
辽源市,正常,2016,161000.0,3.4,2011,32000,3.6,5.031,0.944,2.988
辽源市,正常,2017,47000.0,3.0,2011,32000,3.6,1.469,0.833,1.151
辽源市,正常,2018,35000.0,3.02,2011,32000,3.6,1.094,0.839,0.966
辽源市,正常,2019,18000.0,3.3,2011,32000,3.6,0.562,0.917,0.74
辽源市,正常,2020,14900.0,4.5,2011,32000,3.6,0.466,1.25,0.858
辽源市,正常,2021,11800.0,3.54,2011,32000,3.6,0.369,0.983,0.676
辽源市,正常,2022,40000.0,,2011,32000,3.6,1.25,,
辽源市,正常,2023,10500.0,5.5,2011,32000,3.6,0.328,1.528,0.928
辽源市,正常,2024,8344.0,,2011,32000,3.6,0.261,,
辽阳市,空文件,2003,,,2004,45000,5.0,,,
辽阳市,正常,2004,45000.0,5.0,2004,45000,5.0,1.0,1.0,1.0
辽阳市,正常,2005,,5.0,2004,45000,5.0,,1.0,
辽阳市,正常,2006,,4.86,2004,45000,5.0,,0.972,
辽阳市,正常,2007,,4.4,2004,45000,5.0,,0.88,
辽阳市,正常,2008,,,2004,45000,5.0,,,
辽阳市,正常,2009,,3.0,2004,45000,5.0,,0.6,
辽阳市,正常,2010,,3.0,2004,45000,5.0,,0.6,
辽阳市,正常,2011,,2.6,2004,45000,5.0,,0.52,
辽阳市,正常,2012,,2.6,2004,45000,5.0,,0.52,
辽阳市,正常,2013,,2.5,2004,45000,5.0,,0.5,
辽阳市,正常,2014,,2.5,2004,45000,5.0,,0.5,
辽阳市,正常,2015,,3.0,2004,45000,5.0,,0.6,
辽阳市,正常,2016,16000.0,3.0,2004,45000,5.0,0.356,0.6,0.478
辽阳市,正常,2017,,3.5,2004,45000,5.0,,0.7,
辽阳市,正常,2018,17000.0,3.5,2004,45000,5.0,0.378,0.7,0.539
辽阳市,正常,2019,15800.0,3.5,2004,45000,5.0,0.351,0.7,0.526
辽阳市,正常,2020,78000.0,3.69,2004,45000,5.0,1.733,0.738,1.236
辽阳市,正常,2021,55700.0,4.1,2004,45000,5.0,1.238,0.82,1.029
辽阳市,正常,2022,10000.0,,2004,45000,5.0,0.222,,
辽阳市,正常,2023,10000.0,,2004,45000,5.0,0.222,,
辽阳市,正常,2024,11000.0,,2004,45000,5.0,0.244,,
达州市,正常,2003,23000.0,4.2,2003,23000,4.2,1.0,1.0,1.0
达州市,正常,2004,24600.0,4.2,2003,23000,4.2,1.07,1.0,1.035
达州市,正常,2005,23500.0,4.8,2003,23000,4.2,1.022,1.143,1.082
达州市,正常,2006,27914.0,4.1,2003,23000,4.2,1.214,0.976,1.095
达州市,正常,2007,28500.0,4.1,2003,23000,4.2,1.239,0.976,1.108
达州市,正常,2008,28900.0,4.8,2003,23000,4.2,1.257,1.143,1.2
达州市,正常,2009,31000.0,4.2,2003,23000,4.2,1.348,1.0,1.174
达州市,正常,2010,31000.0,4.0,2003,23000,4.2,1.348,0.952,1.15
达州市,正常,2011,31000.0,3.95,2003,23000,4.2,1.348,0.94,1.144
达州市,正常,2012,35000.0,4.0,2003,23000,4.2,1.522,0.952,1.237
达州市,正常,2013,37000.0,4.1,2003,23000,4.2,1.609,0.976,1.292
达州市,正常,2014,37000.0,4.0,2003,23000,4.2,1.609,0.952,1.28
达州市,正常,2015,42000.0,4.0,2003,23000,4.2,1.826,0.952,1.389
达州市,正常,2016,43000.0,4.2,2003,23000,4.2,1.87,1.0,1.435
达州市,正常,2017,41000.0,4.1,2003,23000,4.2,1.783,0.976,1.38
达州市,正常,2018,43000.0,4.2,2003,23000,4.2,1.87,1.0,1.435
达州市,正常,2019,6360.0,3.9,2003,23000,4.2,0.277,0.929,0.603
达州市,正常,2020,6200.0,,2003,23000,4.2,0.27,,
达州市,正常,2021,45000.0,5.5,2003,23000,4.2,1.957,1.31,1.634
达州市,正常,2022,42000.0,5.4,2003,23000,4.2,1.826,1.286,1.556
达州市,正常,2023,44000.0,5.5,2003,23000,4.2,1.913,1.31,1.612
达州市,正常,2024,45199.0,5.5,2003,23000,4.2,1.965,1.31,1.638
运城市,正常,2003,,4.0,2009,51000,4.0,,1.0,
运城市,正常,2004,,1.6,2009,51000,4.0,,0.4,
运城市,正常,2005,,3.0,2009,51000,4.0,,0.75,
运城市,正常,2006,,1.8,2009,51000,4.0,,0.45,
运城市,正常,2007,,2.1,2009,51000,4.0,,0.525,
运城市,正常,2008,,4.0,2009,51000,4.0,,1.0,
运城市,正常,2009,51000.0,4.0,2009,51000,4.0,1.0,1.0,1.0
运城市,正常,2010,,2.03,2009,51000,4.0,,0.507,
运城市,正常,2011,56100.0,2.02,2009,51000,4.0,1.1,0.505,0.802
运城市,正常,2012,68000.0,2.02,2009,51000,4.0,1.333,0.505,0.919
运城市,正常,2013,59000.0,1.54,2009,51000,4.0,1.157,0.385,0.771
运城市,正常,2014,58000.0,2.57,2009,51000,4.0,1.137,0.642,0.89
运城市,正常,2015,297000.0,4.0,2009,51000,4.0,5.824,1.0,3.412
运城市,正常,2016,50400.0,2.84,2009,51000,4.0,0.988,0.71,0.849
运城市,正常,2017,59500.0,2.26,2009,51000,4.0,1.167,0.565,0.866
运城市,正常,2018,62000.0,2.31,2009,51000,4.0,1.216,0.578,0.897
运城市,正常,2019,67000.0,1.21,2009,51000,4.0,1.314,0.302,0.808
运城市,正常,2020,52000.0,4.5,2009,51000,4.0,1.02,1.125,1.072
运城市,正常,2021,59000.0,,2009,51000,4.0,1.157,,
运城市,正常,2022,51000.0,,2009,51000,4.0,1.0,,
运城市,正常,2023,57000.0,,2009,51000,4.0,1.118,,
运城市,正常,2024,57000.0,,2009,51000,4.0,1.118,,
连云港市,正常,2003,,4.7,2004,24800,4.3,,1.093,
连云港市,正常,2004,24800.0,4.3,2004,24800,4.3,1.0,1.0,1.0
连云港市,正常,2005,,4.5,2004,24800,4.3,,1.047,
连云港市,正常,2006,62100.0,3.62,2004,24800,4.3,2.504,0.842,1.673
连云港市,正常,2007,,3.4,2004,24800,4.3,,0.791,
连云港市,正常,2008,59000.0,3.0,2004,24800,4.3,2.379,0.698,1.538
连云港市,正常,2009,67000.0,3.1,2004,24800,4.3,2.702,0.721,1.712
连云港市,正常,2010,339000.0,3.0,2004,24800,4.3,13.669,0.698,7.184
连云港市,正常,2011,75000.0,3.0,2004,24800,4.3,3.024,0.698,1.861
连云港市,正常,2012,81000.0,3.6,2004,24800,4.3,3.266,0.837,2.052
连云港市,正常,2013,81000.0,,2004,24800,4.3,3.266,,
连云港市,正常,2014,76000.0,2.4,2004,24800,4.3,3.065,0.558,1.812
连云港市,正常,2015,413000.0,2.1,2004,24800,4.3,16.653,0.488,8.57
连云港市,正常,2016,387000.0,3.0,2004,24800,4.3,15.605,0.698,8.152
连云港市,正常,2017,63000.0,,2004,24800,4.3,2.54,,
连云港市,正常,2018,63000.0,,2004,24800,4.3,2.54,,
连云港市,正常,2019,62000.0,,2004,24800,4.3,2.5,,
连云港市,正常,2020,81000.0,,2004,24800,4.3,3.266,,
连云港市,正常,2021,325000.0,,2004,24800,4.3,13.105,,
连云港市,正常,2022,57000.0,,2004,24800,4.3,2.298,,
连云港市,正常,2023,58000.0,,2004,24800,4.3,2.339,,
连云港市,正常,2024,35000.0,,2004,24800,4.3,1.411,,
通化市,正常,2003,58000.0,4.5,2003,58000,4.5,1.0,1.0,1.0
通化市,正常,2004,114000.0,3.9,2003,58000,4.5,1.966,0.867,1.416
通化市,正常,2005,120000.0,5.0,2003,58000,4.5,2.069,1.111,1.59
通化市,正常,2006,54000.0,4.6,2003,58000,4.5,0.931,1.022,0.976
通化市,正常,2007,164000.0,4.5,2003,58000,4.5,2.828,1.0,1.914
通化市,正常,2008,56000.0,4.5,2003,58000,4.5,0.966,1.0,0.983
通化市,正常,2009,47000.0,4.2,2003,58000,4.5,0.81,0.933,0.872
通化市,正常,2010,294000.0,,2003,58000,4.5,5.069,,
通化市,正常,2011,58000.0,4.6,2003,58000,4.5,1.0,1.022,1.011
通化市,正常,2012,284000.0,,2003,58000,4.5,4.897,,
通化市,正常,2013,58000.0,4.5,2003,58000,4.5,1.0,1.0,1.0
通化市,正常,2014,41000.0,4.5,2003,58000,4.5,0.707,1.0,0.853
通化市,正常,2015,41000.0,4.5,2003,58000,4.5,0.707,1.0,0.853
通化市,正常,2016,41000.0,4.5,2003,58000,4.5,0.707,1.0,0.853
通化市,正常,2017,40000.0,3.95,2003,58000,4.5,0.69,0.878,0.784
通化市,正常,2018,35000.0,4.0,2003,58000,4.5,0.603,0.889,0.746
通化市,正常,2019,26000.0,3.5,2003,58000,4.5,0.448,0.778,0.613
通化市,正常,2020,18000.0,,2003,58000,4.5,0.31,,
通化市,正常,2021,129000.0,,2003,58000,4.5,2.224,,
通化市,正常,2022,10000.0,,2003,58000,4.5,0.172,,
通化市,正常,2023,,,2003,58000,4.5,,,
通化市,正常,2024,8500.0,,2003,58000,4.5,0.147,,
通辽市,正常,2003,,3.9,2008,12000,3.8,,1.026,
通辽市,正常,2004,,4.5,2008,12000,3.8,,1.184,
通辽市,正常,2005,,4.4,2008,12000,3.8,,1.158,
通辽市,正常,2006,,4.0,2008,12000,3.8,,1.053,
通辽市,正常,2007,,4.5,2008,12000,3.8,,1.184,
通辽市,正常,2008,12000.0,3.8,2008,12000,3.8,1.0,1.0,1.0
通辽市,正常,2009,15200.0,3.97,2008,12000,3.8,1.267,1.045,1.156
通辽市,正常,2010,80000.0,4.0,2008,12000,3.8,6.667,1.053,3.86
通辽市,正常,2011,20000.0,3.8,2008,12000,3.8,1.667,1.0,1.334
通辽市,正常,2012,87000.0,4.0,2008,12000,3.8,7.25,1.053,4.152
通辽市,正常,2013,18000.0,,2008,12000,3.8,1.5,,
通辽市,正常,2014,18000.0,,2008,12000,3.8,1.5,,
通辽市,正常,2015,86000.0,,2008,12000,3.8,7.167,,
通辽市,正常,2016,18000.0,3.7,2008,12000,3.8,1.5,0.974,1.237
通辽市,正常,2017,104000.0,3.9,2008,12000,3.8,8.667,1.026,4.846
通辽市,正常,2018,17300.0,3.58,2008,12000,3.8,1.442,0.942,1.192
通辽市,正常,2019,17100.0,3.67,2008,12000,3.8,1.425,0.966,1.196
通辽市,正常,2020,15200.0,3.95,2008,12000,3.8,1.267,1.039,1.153
通辽市,正常,2021,61000.0,5.0,2008,12000,3.8,5.083,1.316,3.2
通辽市,正常,2022,12000.0,5.0,2008,12000,3.8,1.0,1.316,1.158
通辽市,正常,2023,13500.0,5.0,2008,12000,3.8,1.125,1.316,1.22
通辽市,正常,2024,15800.0,,2008,12000,3.8,1.317,,
遂宁市,空文件,2003,,,2007,28000,4.63,,,
遂宁市,空文件,2004,,,2007,28000,4.63,,,
遂宁市,正常,2005,,4.7,2007,28000,4.63,,1.015,
遂宁市,正常,2006,28500.0,,2007,28000,4.63,1.018,,
遂宁市,正常,2007,28000.0,4.63,2007,28000,4.63,1.0,1.0,1.0
遂宁市,正常,2008,29000.0,4.85,2007,28000,4.63,1.036,1.048,1.042
遂宁市,正常,2009,30800.0,4.5,2007,28000,4.63,1.1,0.972,1.036
遂宁市,正常,2010,185000.0,5.0,2007,28000,4.63,6.607,1.08,3.844
遂宁市,正常,2011,33000.0,4.49,2007,28000,4.63,1.179,0.97,1.074
遂宁市,正常,2012,34700.0,4.2,2007,28000,4.63,1.239,0.907,1.073
遂宁市,正常,2013,,4.17,2007,28000,4.63,,0.901,
遂宁市,正常,2014,36797.0,4.15,2007,28000,4.63,1.314,0.896,1.105
遂宁市,正常,2015,,4.2,2007,28000,4.63,,0.907,
遂宁市,正常,2016,33000.0,4.14,2007,28000,4.63,1.179,0.894,1.036
遂宁市,正常,2017,39000.0,4.02,2007,28000,4.63,1.393,0.868,1.13
遂宁市,正常,2018,42000.0,3.76,2007,28000,4.63,1.5,0.812,1.156
遂宁市,正常,2019,41573.0,3.62,2007,28000,4.63,1.485,0.782,1.134
遂宁市,正常,2020,37100.0,3.62,2007,28000,4.63,1.325,0.782,1.054
遂宁市,正常,2021,,3.6,2007,28000,4.63,,0.778,
遂宁市,正常,2022,,3.13,2007,28000,4.63,,0.676,
遂宁市,正常,2023,31000.0,,2007,28000,4.63,1.107,,
遂宁市,正常,2024,39000.0,,2007,28000,4.63,1.393,,
遵义市,空文件,2003,,,2005,150000,4.12,,,
遵义市,空文件,2004,,,2005,150000,4.12,,,
遵义市,正常,2005,150000.0,4.12,2005,150000,4.12,1.0,1.0,1.0
遵义市,正常,2006,,4.5,2005,150000,4.12,,1.092,
遵义市,正常,2007,38000.0,4.5,2005,150000,4.12,0.253,1.092,0.673
遵义市,空文件,2008,,,2005,150000,4.12,,,
遵义市,空文件,2009,,,2005,150000,4.12,,,
遵义市,空文件,2010,,,2005,150000,4.12,,,
遵义市,正常,2011,250000.0,3.56,2005,150000,4.12,1.667,0.864,1.266
遵义市,正常,2012,82000.0,4.2,2005,150000,4.12,0.547,1.019,0.783
遵义市,正常,2013,92000.0,2.96,2005,150000,4.12,0.613,0.718,0.666
遵义市,正常,2014,114000.0,2.8,2005,150000,4.12,0.76,0.68,0.72
遵义市,正常,2015,450000.0,4.2,2005,150000,4.12,3.0,1.019,2.01
遵义市,正常,2016,544000.0,4.2,2005,150000,4.12,3.627,1.019,2.323
遵义市,正常,2017,144000.0,4.2,2005,150000,4.12,0.96,1.019,0.989
遵义市,正常,2018,136000.0,4.2,2005,150000,4.12,0.907,1.019,0.963
遵义市,正常,2019,126000.0,2.99,2005,150000,4.12,0.84,0.726,0.783
遵义市,正常,2020,660000.0,5.0,2005,150000,4.12,4.4,1.214,2.807
遵义市,正常,2021,104600.0,,2005,150000,4.12,0.697,,
遵义市,正常,2022,102400.0,,2005,150000,4.12,0.683,,
遵义市,正常,2023,107300.0,,2005,150000,4.12,0.715,,
遵义市,正常,2024,105300.0,,2005,150000,4.12,0.702,,
邢台市,正常,2003,31000.0,4.0,2003,31000,4.0,1.0,1.0,1.0
邢台市,正常,2004,,3.9,2003,31000,4.0,,0.975,
邢台市,正常,2005,200000.0,5.0,2003,31000,4.0,6.452,1.25,3.851
邢台市,正常,2006,38000.0,4.5,2003,31000,4.0,1.226,1.125,1.176
邢台市,正常,2007,40000.0,4.0,2003,31000,4.0,1.29,1.0,1.145
邢台市,正常,2008,44000.0,4.0,2003,31000,4.0,1.419,1.0,1.21
邢台市,正常,2009,40000.0,4.5,2003,31000,4.0,1.29,1.125,1.208
邢台市,正常,2010,2230000.0,4.6,2003,31000,4.0,71.935,1.15,36.543
邢台市,正常,2011,57800.0,3.9,2003,31000,4.0,1.865,0.975,1.42
邢台市,正常,2012,257000.0,,2003,31000,4.0,8.29,,
邢台市,空文件,2013,,,2003,31000,4.0,,,
邢台市,正常,2014,65500.0,4.5,2003,31000,4.0,2.113,1.125,1.619
邢台市,正常,2015,318000.0,4.5,2003,31000,4.0,10.258,1.125,5.692
邢台市,正常,2016,272000.0,4.5,2003,31000,4.0,8.774,1.125,4.95
邢台市,正常,2017,77800.0,3.45,2003,31000,4.0,2.51,0.862,1.686
邢台市,正常,2018,75400.0,3.46,2003,31000,4.0,2.432,0.865,1.648
邢台市,正常,2019,72200.0,3.14,2003,31000,4.0,2.329,0.785,1.557
邢台市,正常,2020,338000.0,5.5,2003,31000,4.0,10.903,1.375,6.139
邢台市,正常,2021,81500.0,4.5,2003,31000,4.0,2.629,1.125,1.877
邢台市,正常,2022,80000.0,3.14,2003,31000,4.0,2.581,0.785,1.683
邢台市,正常,2023,70000.0,5.5,2003,31000,4.0,2.258,1.375,1.816
邢台市,正常,2024,70400.0,,2003,31000,4.0,2.271,,
邯郸市,正常,2003,62000.0,4.3,2003,62000,4.3,1.0,1.0,1.0
邯郸市,正常,2004,45000.0,4.0,2003,62000,4.3,0.726,0.93,0.828
邯郸市,正常,2005,216000.0,5.0,2003,62000,4.3,3.484,1.163,2.324
邯郸市,正常,2006,60000.0,4.1,2003,62000,4.3,0.968,0.953,0.96
邯郸市,正常,2007,200000.0,4.6,2003,62000,4.3,3.226,1.07,2.148
邯郸市,正常,2008,57000.0,4.2,2003,62000,4.3,0.919,0.977,0.948
邯郸市,正常,2009,,4.2,2003,62000,4.3,,0.977,
邯郸市,正常,2010,361000.0,,2003,62000,4.3,5.823,,
邯郸市,正常,2011,110000.0,4.0,2003,62000,4.3,1.774,0.93,1.352
邯郸市,正常,2012,500000.0,4.0,2003,62000,4.3,8.065,0.93,4.498
邯郸市,正常,2013,108000.0,4.0,2003,62000,4.3,1.742,0.93,1.336
邯郸市,正常,2014,103000.0,4.0,2003,62000,4.3,1.661,0.93,1.296
邯郸市,正常,2015,597000.0,4.5,2003,62000,4.3,9.629,1.047,5.338
邯郸市,正常,2016,509000.0,4.5,2003,62000,4.3,8.21,1.047,4.629
邯郸市,正常,2017,169000.0,4.0,2003,62000,4.3,2.726,0.93,1.828
邯郸市,正常,2018,136000.0,4.5,2003,62000,4.3,2.194,1.047,1.62
邯郸市,正常,2019,145000.0,4.5,2003,62000,4.3,2.339,1.047,1.693
邯郸市,正常,2020,535000.0,,2003,62000,4.3,8.629,,
邯郸市,正常,2021,128000.0,5.5,2003,62000,4.3,2.065,1.279,1.672
邯郸市,正常,2022,117700.0,5.5,2003,62000,4.3,1.898,1.279,1.588
邯郸市,正常,2023,116000.0,5.5,2003,62000,4.3,1.871,1.279,1.575
邯郸市,正常,2024,118000.0,5.5,2003,62000,4.3,1.903,1.279,1.591
邵阳市,空文件,2003,,,2006,4085,5.0,,,
邵阳市,空文件,2004,,,2006,4085,5.0,,,
邵阳市,空文件,2005,,,2006,4085,5.0,,,
邵阳市,正常,2006,4085.0,5.0,2006,4085,5.0,1.0,1.0,1.0
邵阳市,正常,2007,,,2006,4085,5.0,,,
邵阳市,正常,2008,5876.0,,2006,4085,5.0,1.438,,
邵阳市,正常,2009,45000.0,4.5,2006,4085,5.0,11.016,0.9,5.958
邵阳市,空文件,2010,,,2006,4085,5.0,,,
邵阳市,正常,2011,45000.0,4.5,2006,4085,5.0,11.016,0.9,5.958
邵阳市,正常,2012,200000.0,4.5,2006,4085,5.0,48.96,0.9,24.93
邵阳市,正常,2013,51000.0,,2006,4085,5.0,12.485,,
邵阳市,正常,2014,45000.0,,2006,4085,5.0,11.016,,
邵阳市,正常,2015,49000.0,4.2,2006,4085,5.0,11.995,0.84,6.417
邵阳市,正常,2016,199500.0,4.07,2006,4085,5.0,48.837,0.814,24.826
邵阳市,正常,2017,51000.0,4.5,2006,4085,5.0,12.485,0.9,6.692
邵阳市,正常,2018,51000.0,4.5,2006,4085,5.0,12.485,0.9,6.692
邵阳市,正常,2019,4106.0,4.0,2006,4085,5.0,1.005,0.8,0.902
邵阳市,正常,2020,23200.0,5.7,2006,4085,5.0,5.679,1.14,3.41
邵阳市,正常,2021,255000.0,5.5,2006,4085,5.0,62.424,1.1,31.762
邵阳市,正常,2022,48000.0,5.5,2006,4085,5.0,11.75,1.1,6.425
邵阳市,正常,2023,,5.5,2006,4085,5.0,,1.1,
邵阳市,正常,2024,45000.0,5.5,2006,4085,5.0,11.016,1.1,6.058
郑州市,正常,2003,,3.5,2005,120000,4.0,,0.875,
郑州市,正常,2004,,4.0,2005,120000,4.0,,1.0,
郑州市,正常,2005,120000.0,4.0,2005,120000,4.0,1.0,1.0,1.0
郑州市,正常,2006,,4.0,2005,120000,4.0,,1.0,
郑州市,正常,2007,120000.0,4.0,2005,120000,4.0,1.0,1.0,1.0
郑州市,正常,2008,120000.0,4.5,2005,120000,4.0,1.0,1.125,1.062
郑州市,正常,2009,130000.0,4.0,2005,120000,4.0,1.083,1.0,1.042
郑州市,正常,2010,134000.0,3.0,2005,120000,4.0,1.117,0.75,0.934
郑州市,正常,2011,,,2005,120000,4.0,,,
郑州市,正常,2012,,,2005,120000,4.0,,,
郑州市,正常,2013,692000.0,4.0,2005,120000,4.0,5.767,1.0,3.384
郑州市,正常,2014,153000.0,,2005,120000,4.0,1.275,,
郑州市,正常,2015,150000.0,,2005,120000,4.0,1.25,,
郑州市,正常,2016,149000.0,4.0,2005,120000,4.0,1.242,1.0,1.121
郑州市,正常,2017,678000.0,,2005,120000,4.0,5.65,,
郑州市,正常,2018,124000.0,5.5,2005,120000,4.0,1.033,1.375,1.204
郑州市,正常,2019,115000.0,1.8,2005,120000,4.0,0.958,0.45,0.704
郑州市,正常,2020,140000.0,4.0,2005,120000,4.0,1.167,1.0,1.084
郑州市,正常,2021,136300.0,5.5,2005,120000,4.0,1.136,1.375,1.256
郑州市,正常,2022,133000.0,2.58,2005,120000,4.0,1.108,0.645,0.876
郑州市,正常,2023,1193000.0,5.5,2005,120000,4.0,9.942,1.375,5.658
郑州市,正常,2024,139300.0,,2005,120000,4.0,1.161,,
郴州市,空文件,2003,,,2007,55000,4.5,,,
郴州市,空文件,2004,,,2007,55000,4.5,,,
郴州市,空文件,2005,,,2007,55000,4.5,,,
郴州市,正常,2006,138400.0,,2007,55000,4.5,2.516,,
郴州市,正常,2007,55000.0,4.5,2007,55000,4.5,1.0,1.0,1.0
郴州市,正常,2008,53000.0,3.8,2007,55000,4.5,0.964,0.844,0.904
郴州市,正常,2009,56000.0,3.92,2007,55000,4.5,1.018,0.871,0.944
郴州市,正常,2010,270000.0,3.92,2007,55000,4.5,4.909,0.871,2.89
郴州市,正常,2011,52000.0,3.91,2007,55000,4.5,0.945,0.869,0.907
郴州市,正常,2012,63000.0,3.96,2007,55000,4.5,1.145,0.88,1.012
郴州市,正常,2013,67000.0,3.96,2007,55000,4.5,1.218,0.88,1.049
郴州市,正常,2014,68000.0,4.6,2007,55000,4.5,1.236,1.022,1.129
郴州市,正常,2015,67400.0,4.6,2007,55000,4.5,1.225,1.022,1.124
郴州市,正常,2016,342000.0,3.54,2007,55000,4.5,6.218,0.787,3.502
郴州市,正常,2017,75000.0,3.48,2007,55000,4.5,1.364,0.773,1.068
郴州市,正常,2018,13610000.0,5.5,2007,55000,4.5,247.455,1.222,124.339
郴州市,正常,2019,77800.0,2.31,2007,55000,4.5,1.415,0.513,0.964
郴州市,正常,2020,57800.0,5.5,2007,55000,4.5,1.051,1.222,1.136
郴州市,正常,2021,55000.0,4.6,2007,55000,4.5,1.0,1.022,1.011
郴州市,正常,2022,56400.0,5.5,2007,55000,4.5,1.025,1.222,1.124
郴州市,正常,2023,60300.0,5.5,2007,55000,4.5,1.096,1.222,1.159
郴州市,正常,2024,61300.0,,2007,55000,4.5,1.115,,
鄂尔多斯市,正常,2003,,,2007,17812,3.7,,,
鄂尔多斯市,正常,2004,,4.0,2007,17812,3.7,,1.081,
鄂尔多斯市,正常,2005,,4.0,2007,17812,3.7,,1.081,
鄂尔多斯市,正常,2006,,4.0,2007,17812,3.7,,1.081,
鄂尔多斯市,正常,2007,17812.0,3.7,2007,17812,3.7,1.0,1.0,1.0
鄂尔多斯市,正常,2008,23000.0,3.8,2007,17812,3.7,1.291,1.027,1.159
鄂尔多斯市,正常,2009,30000.0,3.5,2007,17812,3.7,1.684,0.946,1.315
鄂尔多斯市,正常,2010,116000.0,4.0,2007,17812,3.7,6.512,1.081,3.796
鄂尔多斯市,正常,2011,34800.0,2.21,2007,17812,3.7,1.954,0.597,1.276
鄂尔多斯市,正常,2012,157000.0,,2007,17812,3.7,8.814,,
鄂尔多斯市,正常,2013,33000.0,2.7,2007,17812,3.7,1.853,0.73,1.292
鄂尔多斯市,正常,2014,34000.0,2.61,2007,17812,3.7,1.909,0.705,1.307
鄂尔多斯市,正常,2015,32000.0,3.0,2007,17812,3.7,1.797,0.811,1.304
鄂尔多斯市,正常,2016,28600.0,2.88,2007,17812,3.7,1.606,0.778,1.192
鄂尔多斯市,正常,2017,157000.0,3.1,2007,17812,3.7,8.814,0.838,4.826
鄂尔多斯市,正常,2018,4205.0,3.1,2007,17812,3.7,0.236,0.838,0.537
鄂尔多斯市,正常,2019,,2.85,2007,17812,3.7,,0.77,
鄂尔多斯市,正常,2020,136000.0,3.02,2007,17812,3.7,7.635,0.816,4.226
鄂尔多斯市,正常,2021,20000.0,5.0,2007,17812,3.7,1.123,1.351,1.237
鄂尔多斯市,正常,2022,17000.0,,2007,17812,3.7,0.954,,
鄂尔多斯市,正常,2023,1282.0,,2007,17812,3.7,0.072,,
鄂尔多斯市,正常,2024,21000.0,,2007,17812,3.7,1.179,,
鄂州市,正常,2003,,4.2,2004,21000,4.5,,0.933,
鄂州市,正常,2004,21000.0,4.5,2004,21000,4.5,1.0,1.0,1.0
鄂州市,正常,2005,20000.0,4.12,2004,21000,4.5,0.952,0.916,0.934
鄂州市,正常,2006,20000.0,4.5,2004,21000,4.5,0.952,1.0,0.976
鄂州市,正常,2007,,4.3,2004,21000,4.5,,0.956,
鄂州市,正常,2008,19380.0,4.5,2004,21000,4.5,0.923,1.0,0.962
鄂州市,正常,2009,21000.0,4.5,2004,21000,4.5,1.0,1.0,1.0
鄂州市,正常,2010,21000.0,4.1,2004,21000,4.5,1.0,0.911,0.956
鄂州市,正常,2011,80000.0,4.5,2004,21000,4.5,3.81,1.0,2.405
鄂州市,正常,2012,23500.0,4.5,2004,21000,4.5,1.119,1.0,1.06
鄂州市,正常,2013,20000.0,4.5,2004,21000,4.5,0.952,1.0,0.976
鄂州市,正常,2014,26000.0,3.8,2004,21000,4.5,1.238,0.844,1.041
鄂州市,正常,2015,22000.0,,2004,21000,4.5,1.048,,
鄂州市,正常,2016,118000.0,4.0,2004,21000,4.5,5.619,0.889,3.254
鄂州市,正常,2017,26800.0,2.03,2004,21000,4.5,1.276,0.451,0.864
鄂州市,正常,2018,20565.0,2.3,2004,21000,4.5,0.979,0.511,0.745
鄂州市,正常,2019,23000.0,2.28,2004,21000,4.5,1.095,0.507,0.801
鄂州市,正常,2020,109000.0,3.0,2004,21000,4.5,5.19,0.667,2.928
鄂州市,正常,2021,14800.0,3.0,2004,21000,4.5,0.705,0.667,0.686
鄂州市,正常,2022,18100.0,2.75,2004,21000,4.5,0.862,0.611,0.736
鄂州市,正常,2023,18800.0,,2004,21000,4.5,0.895,,
鄂州市,正常,2024,17600.0,,2004,21000,4.5,0.838,,
酒泉市,空文件,2003,,,2006,6000,4.0,,,
酒泉市,空文件,2004,,,2006,6000,4.0,,,
酒泉市,正常,2005,,4.0,2006,6000,4.0,,1.0,
酒泉市,正常,2006,6000.0,4.0,2006,6000,4.0,1.0,1.0,1.0
酒泉市,正常,2007,10200.0,3.18,2006,6000,4.0,1.7,0.795,1.248
酒泉市,正常,2008,10800.0,3.65,2006,6000,4.0,1.8,0.912,1.356
酒泉市,正常,2009,11200.0,3.35,2006,6000,4.0,1.867,0.838,1.352
酒泉市,正常,2010,14000.0,3.13,2006,6000,4.0,2.333,0.782,1.558
酒泉市,正常,2011,14000.0,3.19,2006,6000,4.0,2.333,0.798,1.566
酒泉市,正常,2012,18000.0,2.98,2006,6000,4.0,3.0,0.745,1.872
酒泉市,正常,2013,34000.0,3.0,2006,6000,4.0,5.667,0.75,3.208
酒泉市,正常,2014,28000.0,3.01,2006,6000,4.0,4.667,0.752,2.71
酒泉市,正常,2015,,2.5,2006,6000,4.0,,0.625,
酒泉市,正常,2016,35000.0,3.5,2006,6000,4.0,5.833,0.875,3.354
酒泉市,正常,2017,,2.7,2006,6000,4.0,,0.675,
酒泉市,正常,2018,22000.0,,2006,6000,4.0,3.667,,
酒泉市,正常,2019,17000.0,5.5,2006,6000,4.0,2.833,1.375,2.104
酒泉市,正常,2020,,4.0,2006,6000,4.0,,1.0,
酒泉市,正常,2021,12690000.0,,2006,6000,4.0,2115.0,,
酒泉市,正常,2022,1833000.0,5.5,2006,6000,4.0,305.5,1.375,153.438
酒泉市,正常,2023,14900.0,,2006,6000,4.0,2.483,,
酒泉市,正常,2024,14000.0,,2006,6000,4.0,2.333,,
金华市,正常,2003,,3.2,2006,64000,3.1,,1.032,
金华市,正常,2004,,3.2,2006,64000,3.1,,1.032,
金华市,正常,2005,,4.5,2006,64000,3.1,,1.452,
金华市,正常,2006,64000.0,3.1,2006,64000,3.1,1.0,1.0,1.0
金华市,正常,2007,68000.0,2.9,2006,64000,3.1,1.062,0.935,0.998
金华市,正常,2008,61700.0,2.95,2006,64000,3.1,0.964,0.952,0.958
金华市,正常,2009,67000.0,2.98,2006,64000,3.1,1.047,0.961,1.004
金华市,正常,2010,68000.0,3.02,2006,64000,3.1,1.062,0.974,1.018
金华市,正常,2011,68700.0,2.81,2006,64000,3.1,1.073,0.906,0.99
金华市,正常,2012,71000.0,2.77,2006,64000,3.1,1.109,0.894,1.002
金华市,正常,2013,71000.0,,2006,64000,3.1,1.109,,
金华市,正常,2014,76000.0,2.8,2006,64000,3.1,1.188,0.903,1.046
金华市,正常,2015,350000.0,2.9,2006,64000,3.1,5.469,0.935,3.202
金华市,正常,2016,370000.0,2.9,2006,64000,3.1,5.781,0.935,3.358
金华市,正常,2017,104000.0,3.5,2006,64000,3.1,1.625,1.129,1.377
金华市,正常,2018,110000.0,3.5,2006,64000,3.1,1.719,1.129,1.424
金华市,正常,2019,172000.0,1.77,2006,64000,3.1,2.688,0.571,1.63
金华市,正常,2020,266000.0,1.63,2006,64000,3.1,4.156,0.526,2.341
金华市,正常,2021,256000.0,,2006,64000,3.1,4.0,,
金华市,正常,2022,128000.0,,2006,64000,3.1,2.0,,
金华市,正常,2023,111000.0,5.0,2006,64000,3.1,1.734,1.613,1.674
金华市,正常,2024,117000.0,4.3,2006,64000,3.1,1.828,1.387,1.608
金昌市,正常,2003,,4.0,2005,2404,4.12,,0.971,
金昌市,正常,2004,,4.3,2005,2404,4.12,,1.044,
金昌市,正常,2005,2404.0,4.12,2005,2404,4.12,1.0,1.0,1.0
金昌市,正常,2006,37112.0,4.5,2005,2404,4.12,15.438,1.092,8.265
金昌市,正常,2007,,369.0,2005,2404,4.12,,89.563,
金昌市,正常,2008,8116.0,3.6,2005,2404,4.12,3.376,0.874,2.125
金昌市,正常,2009,9026.0,3.6,2005,2404,4.12,3.755,0.874,2.314
金昌市,正常,2010,8409.0,4.0,2005,2404,4.12,3.498,0.971,2.234
金昌市,正常,2011,8409.0,4.0,2005,2404,4.12,3.498,0.971,2.234
金昌市,空文件,2012,,,2005,2404,4.12,,,
金昌市,正常,2013,12000.0,4.0,2005,2404,4.12,4.992,0.971,2.982
金昌市,正常,2014,10000.0,2.92,2005,2404,4.12,4.16,0.709,2.434
金昌市,正常,2015,50000.0,2.95,2005,2404,4.12,20.799,0.716,10.758
金昌市,空文件,2016,,,2005,2404,4.12,,,
金昌市,空文件,2017,,,2005,2404,4.12,,,
金昌市,正常,2018,15122.0,2.87,2005,2404,4.12,6.29,0.697,3.494
金昌市,正常,2019,14389.0,2.64,2005,2404,4.12,5.985,0.641,3.313
金昌市,正常,2020,13056.0,3.2,2005,2404,4.12,5.431,0.777,3.104
金昌市,正常,2021,10063.0,4.0,2005,2404,4.12,4.186,0.971,2.578
金昌市,正常,2022,9584.0,5.5,2005,2404,4.12,3.987,1.335,2.661
金昌市,正常,2023,10611.0,,2005,2404,4.12,4.414,,
金昌市,正常,2024,9024.0,,2005,2404,4.12,3.754,,
钦州市,空文件,2003,,,2004,11505,4.0,,,
钦州市,正常,2004,11505.0,4.0,2004,11505,4.0,1.0,1.0,1.0
钦州市,正常,2005,47000.0,4.5,2004,11505,4.0,4.085,1.125,2.605
钦州市,正常,2006,16800.0,3.98,2004,11505,4.0,1.46,0.995,1.228
钦州市,正常,2007,16000.0,4.2,2004,11505,4.0,1.391,1.05,1.22
钦州市,正常,2008,16000.0,3.8,2004,11505,4.0,1.391,0.95,1.17
钦州市,正常,2009,16500.0,3.5,2004,11505,4.0,1.434,0.875,1.154
钦州市,正常,2010,84000.0,4.5,2004,11505,4.0,7.301,1.125,4.213
钦州市,正常,2011,25700.0,2.99,2004,11505,4.0,2.234,0.748,1.491
钦州市,正常,2012,25000.0,3.5,2004,11505,4.0,2.173,0.875,1.524
钦州市,正常,2013,25000.0,4.2,2004,11505,4.0,2.173,1.05,1.612
钦州市,正常,2014,,3.43,2004,11505,4.0,,0.858,
钦州市,正常,2015,120000.0,2.68,2004,11505,4.0,10.43,0.67,5.55
钦州市,正常,2016,,3.14,2004,11505,4.0,,0.785,
钦州市,正常,2017,,,2004,11505,4.0,,,
钦州市,正常,2018,15000.0,2.15,2004,11505,4.0,1.304,0.538,0.921
钦州市,正常,2019,20000.0,2.61,2004,11505,4.0,1.738,0.652,1.195
钦州市,正常,2020,16000.0,2.16,2004,11505,4.0,1.391,0.54,0.966
钦州市,正常,2021,16900.0,2.72,2004,11505,4.0,1.469,0.68,1.074
钦州市,正常,2022,17100.0,2.7,2004,11505,4.0,1.486,0.675,1.08
钦州市,正常,2023,17900.0,2.56,2004,11505,4.0,1.556,0.64,1.098
钦州市,正常,2024,19000.0,5.5,2004,11505,4.0,1.651,1.375,1.513
铁岭市,正常,2003,,,2015,50000,3.8,,,
铁岭市,正常,2004,,5.9,2015,50000,3.8,,1.553,
铁岭市,正常,2005,,5.0,2015,50000,3.8,,1.316,
铁岭市,正常,2006,,5.0,2015,50000,3.8,,1.316,
铁岭市,正常,2007,,5.0,2015,50000,3.8,,1.316,
铁岭市,正常,2008,,3.8,2015,50000,3.8,,1.0,
铁岭市,正常,2009,,3.8,2015,50000,3.8,,1.0,
铁岭市,正常,2010,,3.8,2015,50000,3.8,,1.0,
铁岭市,正常,2011,,3.6,2015,50000,3.8,,0.947,
铁岭市,正常,2012,,,2015,50000,3.8,,,
铁岭市,正常,2013,,2.8,2015,50000,3.8,,0.737,
铁岭市,正常,2014,,3.2,2015,50000,3.8,,0.842,
铁岭市,正常,2015,50000.0,3.8,2015,50000,3.8,1.0,1.0,1.0
铁岭市,正常,2016,16000.0,,2015,50000,3.8,0.32,,
铁岭市,正常,2017,14000.0,,2015,50000,3.8,0.28,,
铁岭市,正常,2018,15000.0,4.5,2015,50000,3.8,0.3,1.184,0.742
铁岭市,正常,2019,13200.0,,2015,50000,3.8,0.264,,
铁岭市,正常,2020,12565.0,5.24,2015,50000,3.8,0.251,1.379,0.815
铁岭市,正常,2021,53000.0,5.6,2015,50000,3.8,1.06,1.474,1.267
铁岭市,正常,2022,12000.0,,2015,50000,3.8,0.24,,
铁岭市,正常,2023,12000.0,,2015,50000,3.8,0.24,,
铁岭市,正常,2024,12000.0,,2015,50000,3.8,0.24,,
铜川市,空文件,2003,,,2006,13100,4.5,,,
铜川市,空文件,2004,,,2006,13100,4.5,,,
铜川市,空文件,2005,,,2006,13100,4.5,,,
铜川市,正常,2006,13100.0,4.5,2006,13100,4.5,1.0,1.0,1.0
铜川市,正常,2007,13500.0,4.4,2006,13100,4.5,1.031,0.978,1.004
铜川市,正常,2008,15800.0,4.4,2006,13100,4.5,1.206,0.978,1.092
铜川市,正常,2009,15900.0,4.2,2006,13100,4.5,1.214,0.933,1.074
铜川市,正常,2010,73700.0,4.5,2006,13100,4.5,5.626,1.0,3.313
铜川市,正常,2011,16700.0,3.78,2006,13100,4.5,1.275,0.84,1.057
铜川市,正常,2012,18000.0,3.5,2006,13100,4.5,1.374,0.778,1.076
铜川市,正常,2013,18800.0,3.45,2006,13100,4.5,1.435,0.767,1.101
铜川市,正常,2014,10900.0,3.35,2006,13100,4.5,0.832,0.744,0.788
铜川市,正常,2015,9772.0,3.34,2006,13100,4.5,0.746,0.742,0.744
铜川市,正常,2016,10103.0,3.3,2006,13100,4.5,0.771,0.733,0.752
铜川市,正常,2017,10200.0,3.23,2006,13100,4.5,0.779,0.718,0.748
铜川市,正常,2018,10300.0,3.23,2006,13100,4.5,0.786,0.718,0.752
铜川市,正常,2019,10375.0,3.28,2006,13100,4.5,0.792,0.729,0.76
铜川市,正常,2020,10325.0,3.58,2006,13100,4.5,0.788,0.796,0.792
铜川市,正常,2021,10000.0,4.0,2006,13100,4.5,0.763,0.889,0.826
铜川市,正常,2022,10158.0,,2006,13100,4.5,0.775,,
铜川市,正常,2023,8823.0,,2006,13100,4.5,0.674,,
铜川市,正常,2024,7700.0,,2006,13100,4.5,0.588,,
铜陵市,空文件,2003,,,2008,18600,4.0,,,
铜陵市,空文件,2004,,,2008,18600,4.0,,,
铜陵市,空文件,2005,,,2008,18600,4.0,,,
铜陵市,空文件,2006,,,2008,18600,4.0,,,
铜陵市,空文件,2007,,,2008,18600,4.0,,,
铜陵市,正常,2008,18600.0,4.0,2008,18600,4.0,1.0,1.0,1.0
铜陵市,正常,2009,21000.0,4.3,2008,18600,4.0,1.129,1.075,1.102
铜陵市,正常,2010,21400.0,3.9,2008,18600,4.0,1.151,0.975,1.063
铜陵市,正常,2011,22000.0,3.6,2008,18600,4.0,1.183,0.9,1.042
铜陵市,正常,2012,30000.0,3.8,2008,18600,4.0,1.613,0.95,1.281
铜陵市,正常,2013,22000.0,,2008,18600,4.0,1.183,,
铜陵市,正常,2014,26100.0,3.8,2008,18600,4.0,1.403,0.95,1.176
铜陵市,正常,2015,22000.0,4.0,2008,18600,4.0,1.183,1.0,1.092
铜陵市,正常,2016,26100.0,3.1,2008,18600,4.0,1.403,0.775,1.089
铜陵市,正常,2017,136700.0,3.17,2008,18600,4.0,7.349,0.792,4.07
铜陵市,正常,2018,28400.0,2.81,2008,18600,4.0,1.527,0.702,1.114
铜陵市,正常,2019,30500.0,2.65,2008,18600,4.0,1.64,0.662,1.151
铜陵市,正常,2020,26000.0,3.2,2008,18600,4.0,1.398,0.8,1.099
铜陵市,正常,2021,26800.0,,2008,18600,4.0,1.441,,
铜陵市,正常,2022,27000.0,,2008,18600,4.0,1.452,,
铜陵市,正常,2023,27000.0,,2008,18600,4.0,1.452,,
铜陵市,正常,2024,13400.0,,2008,18600,4.0,0.72,,
银川市,空文件,2003,,,2012,250000,4.0,,,
银川市,空文件,2004,,,2012,250000,4.0,,,
银川市,空文件,2005,,,2012,250000,4.0,,,
银川市,空文件,2006,,,2012,250000,4.0,,,
银川市,空文件,2007,,,2012,250000,4.0,,,
银川市,空文件,2008,,,2012,250000,4.0,,,
银川市,空文件,2009,,,2012,250000,4.0,,,
银川市,空文件,2010,,,2012,250000,4.0,,,
银川市,空文件,2011,,,2012,250000,4.0,,,
银川市,正常,2012,250000.0,4.0,2012,250000,4.0,1.0,1.0,1.0
银川市,正常,2013,63000.0,3.51,2012,250000,4.0,0.252,0.878,0.565
银川市,正常,2014,62600.0,4.0,2012,250000,4.0,0.25,1.0,0.625
银川市,正常,2015,60000.0,4.5,2012,250000,4.0,0.24,1.125,0.682
银川市,正常,2016,61500.0,,2012,250000,4.0,0.246,,
银川市,正常,2017,60000.0,3.56,2012,250000,4.0,0.24,0.89,0.565
银川市,正常,2018,55000.0,3.58,2012,250000,4.0,0.22,0.895,0.558
银川市,正常,2019,,3.78,2012,250000,4.0,,0.945,
银川市,正常,2020,63000.0,4.5,2012,250000,4.0,0.252,1.125,0.688
银川市,正常,2021,63000.0,4.5,2012,250000,4.0,0.252,1.125,0.688
银川市,正常,2022,60000.0,5.5,2012,250000,4.0,0.24,1.375,0.808
银川市,正常,2023,54000.0,5.5,2012,250000,4.0,0.216,1.375,0.796
银川市,正常,2024,46000.0,5.5,2012,250000,4.0,0.184,1.375,0.78
锦州市,空文件,2003,,,2015,14000,4.28,,,
锦州市,正常,2004,,5.7,2015,14000,4.28,,1.332,
锦州市,正常,2005,,5.0,2015,14000,4.28,,1.168,
锦州市,正常,2006,,5.3,2015,14000,4.28,,1.238,
锦州市,正常,2007,,4.8,2015,14000,4.28,,1.121,
锦州市,正常,2008,,3.8,2015,14000,4.28,,0.888,
锦州市,正常,2009,,3.7,2015,14000,4.28,,0.864,
锦州市,正常,2010,,3.8,2015,14000,4.28,,0.888,
锦州市,正常,2011,,3.6,2015,14000,4.28,,0.841,
锦州市,正常,2012,,2.7,2015,14000,4.28,,0.631,
锦州市,正常,2013,,2.5,2015,14000,4.28,,0.584,
锦州市,正常,2014,,3.4,2015,14000,4.28,,0.794,
锦州市,正常,2015,14000.0,4.28,2015,14000,4.28,1.0,1.0,1.0
锦州市,正常,2016,17800.0,3.92,2015,14000,4.28,1.271,0.916,1.094
锦州市,正常,2017,17000.0,4.26,2015,14000,4.28,1.214,0.995,1.104
锦州市,正常,2018,17000.0,4.31,2015,14000,4.28,1.214,1.007,1.11
锦州市,正常,2019,16900.0,4.5,2015,14000,4.28,1.207,1.051,1.129
锦州市,正常,2020,17600.0,4.8,2015,14000,4.28,1.257,1.121,1.189
锦州市,正常,2021,18400.0,4.65,2015,14000,4.28,1.314,1.086,1.2
锦州市,正常,2022,18700.0,,2015,14000,4.28,1.336,,
锦州市,正常,2023,17000.0,,2015,14000,4.28,1.214,,
锦州市,正常,2024,17000.0,,2015,14000,4.28,1.214,,
镇江市,正常,2003,22000.0,3.88,2003,22000,3.88,1.0,1.0,1.0
镇江市,正常,2004,24000.0,4.0,2003,22000,3.88,1.091,1.031,1.061
镇江市,正常,2005,25500.0,3.5,2003,22000,3.88,1.159,0.902,1.03
镇江市,正常,2006,46000.0,3.18,2003,22000,3.88,2.091,0.82,1.456
镇江市,正常,2007,174000.0,3.0,2003,22000,3.88,7.909,0.773,4.341
镇江市,正常,2008,30000.0,2.54,2003,22000,3.88,1.364,0.655,1.01
镇江市,正常,2009,52000.0,2.35,2003,22000,3.88,2.364,0.606,1.485
镇江市,正常,2010,92000.0,2.3,2003,22000,3.88,4.182,0.593,2.388
镇江市,正常,2011,98000.0,2.35,2003,22000,3.88,4.455,0.606,2.53
镇江市,正常,2012,65000.0,2.33,2003,22000,3.88,2.955,0.601,1.778
镇江市,正常,2013,72000.0,2.3,2003,22000,3.88,3.273,0.593,1.933
镇江市,正常,2014,79800.0,1.91,2003,22000,3.88,3.627,0.492,2.06
镇江市,正常,2015,79300.0,3.0,2003,22000,3.88,3.605,0.773,2.189
镇江市,正常,2016,419700.0,,2003,22000,3.88,19.077,,
镇江市,正常,2017,82000.0,1.9,2003,22000,3.88,3.727,0.49,2.108
镇江市,正常,2018,84000.0,1.8,2003,22000,3.88,3.818,0.464,2.141
镇江市,正常,2019,78000.0,1.75,2003,22000,3.88,3.545,0.451,1.998
镇江市,正常,2020,58000.0,1.8,2003,22000,3.88,2.636,0.464,1.55
镇江市,正常,2021,59000.0,3.0,2003,22000,3.88,2.682,0.773,1.728
镇江市,正常,2022,57000.0,5.0,2003,22000,3.88,2.591,1.289,1.94
镇江市,正常,2023,57000.0,,2003,22000,3.88,2.591,,
镇江市,正常,2024,57000.0,,2003,22000,3.88,2.591,,
长春市,正常,2003,,5.0,2009,118000,3.75,,1.333,
长春市,正常,2004,,3.96,2009,118000,3.75,,1.056,
长春市,正常,2005,,4.0,2009,118000,3.75,,1.067,
长春市,正常,2006,,4.0,2009,118000,3.75,,1.067,
长春市,空文件,2007,,,2009,118000,3.75,,,
长春市,正常,2008,86000.0,,2009,118000,3.75,0.729,,
长春市,正常,2009,118000.0,3.75,2009,118000,3.75,1.0,1.0,1.0
长春市,正常,2010,122000.0,3.49,2009,118000,3.75,1.034,0.931,0.982
长春市,正常,2011,111000.0,3.3,2009,118000,3.75,0.941,0.88,0.91
长春市,正常,2012,450000.0,4.0,2009,118000,3.75,3.814,1.067,2.44
长春市,正常,2013,,,2009,118000,3.75,,,
长春市,正常,2014,127000.0,4.0,2009,118000,3.75,1.076,1.067,1.072
长春市,正常,2015,629000.0,4.0,2009,118000,3.75,5.331,1.067,3.199
长春市,正常,2016,126000.0,4.0,2009,118000,3.75,1.068,1.067,1.068
长春市,正常,2017,114000.0,3.5,2009,118000,3.75,0.966,0.933,0.95
长春市,正常,2018,114000.0,,2009,118000,3.75,0.966,,
长春市,正常,2019,120000.0,4.0,2009,118000,3.75,1.017,1.067,1.042
长春市,正常,2020,116900.0,6.0,2009,118000,3.75,0.991,1.6,1.296
长春市,正常,2021,116900.0,6.0,2009,118000,3.75,0.991,1.6,1.296
长春市,正常,2022,105000.0,6.0,2009,118000,3.75,0.89,1.6,1.245
长春市,正常,2023,104000.0,,2009,118000,3.75,0.881,,
长春市,正常,2024,100000.0,,2009,118000,3.75,0.847,,
长沙市,正常,2003,,4.0,2004,86199,4.0,,1.0,
长沙市,正常,2004,86199.0,4.0,2004,86199,4.0,1.0,1.0,1.0
长沙市,正常,2005,350000.0,4.2,2004,86199,4.0,4.06,1.05,2.555
长沙市,正常,2006,87200.0,4.5,2004,86199,4.0,1.012,1.125,1.068
长沙市,正常,2007,424000.0,4.5,2004,86199,4.0,4.919,1.125,3.022
长沙市,正常,2008,102000.0,3.6,2004,86199,4.0,1.183,0.9,1.042
长沙市,正常,2009,116800.0,3.47,2004,86199,4.0,1.355,0.868,1.112
长沙市,正常,2010,123000.0,2.9,2004,86199,4.0,1.427,0.725,1.076
长沙市,正常,2011,125000.0,2.84,2004,86199,4.0,1.45,0.71,1.08
长沙市,正常,2012,588000.0,4.0,2004,86199,4.0,6.821,1.0,3.91
长沙市,正常,2013,149000.0,2.89,2004,86199,4.0,1.729,0.722,1.226
长沙市,正常,2014,142900.0,3.0,2004,86199,4.0,1.658,0.75,1.204
长沙市,正常,2015,142900.0,3.0,2004,86199,4.0,1.658,0.75,1.204
长沙市,正常,2016,,,2004,86199,4.0,,,
长沙市,正常,2017,142000.0,3.0,2004,86199,4.0,1.647,0.75,1.199
长沙市,正常,2018,144900.0,3.0,2004,86199,4.0,1.681,0.75,1.216
长沙市,正常,2019,148000.0,3.0,2004,86199,4.0,1.717,0.75,1.234
长沙市,正常,2020,714000.0,4.0,2004,86199,4.0,8.283,1.0,4.642
长沙市,正常,2021,714200.0,5.1,2004,86199,4.0,8.285,1.275,4.78
长沙市,正常,2022,151000.0,,2004,86199,4.0,1.752,,
长沙市,正常,2023,153000.0,5.5,2004,86199,4.0,1.775,1.375,1.575
长沙市,正常,2024,167000.0,,2004,86199,4.0,1.937,,
长治市,正常,2003,30000.0,4.0,2003,30000,4.0,1.0,1.0,1.0
长治市,正常,2004,40000.0,2.0,2003,30000,4.0,1.333,0.5,0.916
长治市,正常,2005,115000.0,,2003,30000,4.0,3.833,,
长治市,正常,2006,,4.0,2003,30000,4.0,,1.0,
长治市,正常,2007,36500.0,4.0,2003,30000,4.0,1.217,1.0,1.108
长治市,正常,2008,39000.0,2.05,2003,30000,4.0,1.3,0.512,0.906
长治市,正常,2009,39000.0,2.16,2003,30000,4.0,1.3,0.54,0.92
长治市,正常,2010,185000.0,3.0,2003,30000,4.0,6.167,0.75,3.458
长治市,正常,2011,188000.0,3.0,2003,30000,4.0,6.267,0.75,3.508
长治市,正常,2012,50000.0,4.2,2003,30000,4.0,1.667,1.05,1.358
长治市,正常,2013,50000.0,1.65,2003,30000,4.0,1.667,0.412,1.04
长治市,正常,2014,43400.0,1.8,2003,30000,4.0,1.447,0.45,0.948
长治市,正常,2015,234000.0,,2003,30000,4.0,7.8,,
长治市,正常,2016,226000.0,4.2,2003,30000,4.0,7.533,1.05,4.292
长治市,正常,2017,45000.0,,2003,30000,4.0,1.5,,
长治市,正常,2018,53000.0,1.9,2003,30000,4.0,1.767,0.475,1.121
长治市,正常,2019,57000.0,2.3,2003,30000,4.0,1.9,0.575,1.237
长治市,正常,2020,241000.0,4.5,2003,30000,4.0,8.033,1.125,4.579
长治市,正常,2021,54000.0,,2003,30000,4.0,1.8,,
长治市,正常,2022,46700.0,,2003,30000,4.0,1.557,,
长治市,正常,2023,44000.0,,2003,30000,4.0,1.467,,
长治市,正常,2024,47000.0,,2003,30000,4.0,1.567,,
阜新市,正常,2003,,6.0,2015,20000,5.0,,1.2,
阜新市,正常,2004,,,2015,20000,5.0,,,
阜新市,正常,2005,,5.5,2015,20000,5.0,,1.1,
阜新市,正常,2006,,5.5,2015,20000,5.0,,1.1,
阜新市,正常,2007,,,2015,20000,5.0,,,
阜新市,正常,2008,,4.5,2015,20000,5.0,,0.9,
阜新市,正常,2009,,4.0,2015,20000,5.0,,0.8,
阜新市,正常,2010,,,2015,20000,5.0,,,
阜新市,正常,2011,,,2015,20000,5.0,,,
阜新市,正常,2012,,4.0,2015,20000,5.0,,0.8,
阜新市,正常,2013,,,2015,20000,5.0,,,
阜新市,正常,2014,,,2015,20000,5.0,,,
阜新市,正常,2015,20000.0,5.0,2015,20000,5.0,1.0,1.0,1.0
阜新市,正常,2016,17000.0,4.5,2015,20000,5.0,0.85,0.9,0.875
阜新市,正常,2017,16500.0,5.0,2015,20000,5.0,0.825,1.0,0.912
阜新市,正常,2018,15000.0,4.8,2015,20000,5.0,0.75,0.96,0.855
阜新市,正常,2019,15000.0,4.7,2015,20000,5.0,0.75,0.94,0.845
阜新市,正常,2020,11000.0,5.7,2015,20000,5.0,0.55,1.14,0.845
阜新市,正常,2021,10000.0,,2015,20000,5.0,0.5,,
阜新市,正常,2022,10298.0,,2015,20000,5.0,0.515,,
阜新市,正常,2023,11000.0,,2015,20000,5.0,0.55,,
阜新市,正常,2024,12000.0,,2015,20000,5.0,0.6,,
阜阳市,空文件,2003,,,2006,54846,3.7,,,
阜阳市,空文件,2004,,,2006,54846,3.7,,,
阜阳市,正常,2005,,4.0,2006,54846,3.7,,1.081,
阜阳市,正常,2006,54846.0,3.7,2006,54846,3.7,1.0,1.0,1.0
阜阳市,正常,2007,,4.0,2006,54846,3.7,,1.081,
阜阳市,正常,2008,,4.0,2006,54846,3.7,,1.081,
阜阳市,正常,2009,,4.0,2006,54846,3.7,,1.081,
阜阳市,正常,2010,289000.0,4.0,2006,54846,3.7,5.269,1.081,3.175
阜阳市,正常,2011,57897.0,4.0,2006,54846,3.7,1.056,1.081,1.068
阜阳市,正常,2012,,4.0,2006,54846,3.7,,1.081,
阜阳市,正常,2013,,4.0,2006,54846,3.7,,1.081,
阜阳市,正常,2014,,3.0,2006,54846,3.7,,0.811,
阜阳市,正常,2015,370000.0,4.0,2006,54846,3.7,6.746,1.081,3.914
阜阳市,正常,2016,390000.0,4.5,2006,54846,3.7,7.111,1.216,4.164
阜阳市,正常,2017,69000.0,5.0,2006,54846,3.7,1.258,1.351,1.304
阜阳市,正常,2018,71000.0,,2006,54846,3.7,1.295,,
阜阳市,正常,2019,75000.0,4.5,2006,54846,3.7,1.367,1.216,1.292
阜阳市,正常,2020,86000.0,5.5,2006,54846,3.7,1.568,1.486,1.527
阜阳市,正常,2021,46500.0,5.5,2006,54846,3.7,0.848,1.486,1.167
阜阳市,正常,2022,94000.0,,2006,54846,3.7,1.714,,
阜阳市,正常,2023,14940.0,,2006,54846,3.7,0.272,,
阜阳市,正常,2024,47000.0,,2006,54846,3.7,0.857,,
防城港市,正常,2003,,3.5,2004,9056,3.5,,1.0,
防城港市,正常,2004,9056.0,3.5,2004,9056,3.5,1.0,1.0,1.0
防城港市,正常,2005,33300.0,3.5,2004,9056,3.5,3.677,1.0,2.338
防城港市,正常,2006,9229.0,4.0,2004,9056,3.5,1.019,1.143,1.081
防城港市,正常,2007,9500.0,3.2,2004,9056,3.5,1.049,0.914,0.982
防城港市,正常,2008,15000.0,4.0,2004,9056,3.5,1.656,1.143,1.4
防城港市,正常,2009,23688.0,4.5,2004,9056,3.5,2.616,1.286,1.951
防城港市,正常,2010,150000.0,4.5,2004,9056,3.5,16.564,1.286,8.925
防城港市,正常,2011,23000.0,2.03,2004,9056,3.5,2.54,0.58,1.56
防城港市,正常,2012,7000.0,3.8,2004,9056,3.5,0.773,1.086,0.93
防城港市,正常,2013,25000.0,1.76,2004,9056,3.5,2.761,0.503,1.632
防城港市,正常,2014,23800.0,1.78,2004,9056,3.5,2.628,0.509,1.568
防城港市,正常,2015,,2.0,2004,9056,3.5,,0.571,
防城港市,正常,2016,19000.0,1.7,2004,9056,3.5,2.098,0.486,1.292
防城港市,正常,2017,,4.0,2004,9056,3.5,,1.143,
防城港市,正常,2018,,1.28,2004,9056,3.5,,0.366,
防城港市,正常,2019,12000.0,1.55,2004,9056,3.5,1.325,0.443,0.884
防城港市,正常,2020,,2.0,2004,9056,3.5,,0.571,
防城港市,正常,2021,,,2004,9056,3.5,,,
防城港市,正常,2022,10600.0,6.0,2004,9056,3.5,1.17,1.714,1.442
防城港市,正常,2023,8000.0,6.0,2004,9056,3.5,0.883,1.714,1.298
防城港市,正常,2024,7300.0,5.5,2004,9056,3.5,0.806,1.571,1.188
阳江市,正常,2003,,3.5,2008,42600,2.9,,1.207,
阳江市,正常,2004,,3.26,2008,42600,2.9,,1.124,
阳江市,正常,2005,,3.5,2008,42600,2.9,,1.207,
阳江市,正常,2006,,3.2,2008,42600,2.9,,1.103,
阳江市,正常,2007,,3.0,2008,42600,2.9,,1.034,
阳江市,正常,2008,42600.0,2.9,2008,42600,2.9,1.0,1.0,1.0
阳江市,正常,2009,43000.0,30.0,2008,42600,2.9,1.009,10.345,5.677
阳江市,正常,2010,40000.0,2.9,2008,42600,2.9,0.939,1.0,0.97
阳江市,正常,2011,40000.0,3.0,2008,42600,2.9,0.939,1.034,0.986
阳江市,正常,2012,,2.5,2008,42600,2.9,,0.862,
阳江市,正常,2013,44600.0,2.25,2008,42600,2.9,1.047,0.776,0.912
阳江市,正常,2014,42500.0,2.4,2008,42600,2.9,0.998,0.828,0.913
阳江市,正常,2015,42468.0,3.0,2008,42600,2.9,0.997,1.034,1.016
阳江市,正常,2016,41900.0,2.6,2008,42600,2.9,0.984,0.897,0.94
阳江市,正常,2017,39300.0,3.0,2008,42600,2.9,0.923,1.034,0.978
阳江市,正常,2018,36800.0,2.41,2008,42600,2.9,0.864,0.831,0.847
阳江市,正常,2019,33100.0,2.4,2008,42600,2.9,0.777,0.828,0.802
阳江市,正常,2020,176400.0,3.0,2008,42600,2.9,4.141,1.034,2.588
阳江市,正常,2021,150000.0,3.5,2008,42600,2.9,3.521,1.207,2.364
阳江市,正常,2022,18000.0,2.2,2008,42600,2.9,0.423,0.759,0.591
阳江市,正常,2023,15000.0,,2008,42600,2.9,0.352,,
阳江市,空文件,2024,,,2008,42600,2.9,,,
阳泉市,空文件,2003,,,2008,21000,3.79,,,
阳泉市,空文件,2004,,,2008,21000,3.79,,,
阳泉市,空文件,2005,,,2008,21000,3.79,,,
阳泉市,空文件,2006,,,2008,21000,3.79,,,
阳泉市,空文件,2007,,,2008,21000,3.79,,,
阳泉市,正常,2008,21000.0,3.79,2008,21000,3.79,1.0,1.0,1.0
阳泉市,空文件,2009,,,2008,21000,3.79,,,
阳泉市,正常,2010,,4.2,2008,21000,3.79,,1.108,
阳泉市,空文件,2011,,,2008,21000,3.79,,,
阳泉市,正常,2012,,4.2,2008,21000,3.79,,1.108,
阳泉市,正常,2013,,,2008,21000,3.79,,,
阳泉市,正常,2014,25200.0,3.1,2008,21000,3.79,1.2,0.818,1.009
阳泉市,正常,2015,120200.0,4.0,2008,21000,3.79,5.724,1.055,3.39
阳泉市,正常,2016,120000.0,4.2,2008,21000,3.79,5.714,1.108,3.411
阳泉市,正常,2017,25299.0,4.2,2008,21000,3.79,1.205,1.108,1.156
阳泉市,正常,2018,,3.08,2008,21000,3.79,,0.813,
阳泉市,正常,2019,29800.0,3.04,2008,21000,3.79,1.419,0.802,1.11
阳泉市,正常,2020,22000.0,4.5,2008,21000,3.79,1.048,1.187,1.118
阳泉市,正常,2021,110000.0,4.0,2008,21000,3.79,5.238,1.055,3.146
阳泉市,正常,2022,19610.0,4.0,2008,21000,3.79,0.934,1.055,0.994
阳泉市,正常,2023,19610.0,4.0,2008,21000,3.79,0.934,1.055,0.994
阳泉市,正常,2024,18538.0,4.0,2008,21000,3.79,0.883,1.055,0.969
陇南市,空文件,2003,,,2007,10100,3.9,,,
陇南市,空文件,2004,,,2007,10100,3.9,,,
陇南市,空文件,2005,,,2007,10100,3.9,,,
陇南市,空文件,2006,,,2007,10100,3.9,,,
陇南市,正常,2007,10100.0,3.9,2007,10100,3.9,1.0,1.0,1.0
陇南市,正常,2008,12000.0,4.2,2007,10100,3.9,1.188,1.077,1.132
陇南市,正常,2009,,3.8,2007,10100,3.9,,0.974,
陇南市,正常,2010,15000.0,4.0,2007,10100,3.9,1.485,1.026,1.256
陇南市,正常,2011,86000.0,4.0,2007,10100,3.9,8.515,1.026,4.77
陇南市,正常,2012,28600.0,4.0,2007,10100,3.9,2.832,1.026,1.929
陇南市,正常,2013,32000.0,2.25,2007,10100,3.9,3.168,0.577,1.872
陇南市,正常,2014,31000.0,2.26,2007,10100,3.9,3.069,0.579,1.824
陇南市,正常,2015,28000.0,4.0,2007,10100,3.9,2.772,1.026,1.899
陇南市,正常,2016,28000.0,4.0,2007,10100,3.9,2.772,1.026,1.899
陇南市,正常,2017,24000.0,4.0,2007,10100,3.9,2.376,1.026,1.701
陇南市,正常,2018,20700.0,4.0,2007,10100,3.9,2.05,1.026,1.538
陇南市,正常,2019,20303.0,4.5,2007,10100,3.9,2.01,1.154,1.582
陇南市,正常,2020,16500.0,2.85,2007,10100,3.9,1.634,0.731,1.182
陇南市,正常,2021,12690000.0,,2007,10100,3.9,1256.436,,
陇南市,正常,2022,15000.0,5.5,2007,10100,3.9,1.485,1.41,1.448
陇南市,正常,2023,16400.0,5.5,2007,10100,3.9,1.624,1.41,1.517
陇南市,正常,2024,14300.0,,2007,10100,3.9,1.416,,
随州市,正常,2003,15000.0,4.5,2003,15000,4.5,1.0,1.0,1.0
随州市,空文件,2004,,,2003,15000,4.5,,,
随州市,空文件,2005,,,2003,15000,4.5,,,
随州市,空文件,2006,,,2003,15000,4.5,,,
随州市,空文件,2007,,,2003,15000,4.5,,,
随州市,正常,2008,20000.0,4.6,2003,15000,4.5,1.333,1.022,1.178
随州市,正常,2009,18000.0,,2003,15000,4.5,1.2,,
随州市,正常,2010,16000.0,,2003,15000,4.5,1.067,,
随州市,正常,2011,16000.0,5.0,2003,15000,4.5,1.067,1.111,1.089
随州市,正常,2012,17000.0,,2003,15000,4.5,1.133,,
随州市,正常,2013,21000.0,4.6,2003,15000,4.5,1.4,1.022,1.211
随州市,正常,2014,23000.0,,2003,15000,4.5,1.533,,
随州市,正常,2015,22000.0,4.5,2003,15000,4.5,1.467,1.0,1.234
随州市,正常,2016,23000.0,,2003,15000,4.5,1.533,,
随州市,正常,2017,21600.0,,2003,15000,4.5,1.44,,
随州市,正常,2018,20000.0,,2003,15000,4.5,1.333,,
随州市,正常,2019,23000.0,4.5,2003,15000,4.5,1.533,1.0,1.266
随州市,正常,2020,18000.0,,2003,15000,4.5,1.2,,
随州市,正常,2021,21000.0,,2003,15000,4.5,1.4,,
随州市,正常,2022,19000.0,,2003,15000,4.5,1.267,,
随州市,正常,2023,21000.0,,2003,15000,4.5,1.4,,
随州市,正常,2024,21000.0,,2003,15000,4.5,1.4,,
雅安市,空文件,2003,,,2005,11500,4.5,,,
雅安市,空文件,2004,,,2005,11500,4.5,,,
雅安市,正常,2005,11500.0,4.5,2005,11500,4.5,1.0,1.0,1.0
雅安市,空文件,2006,,,2005,11500,4.5,,,
雅安市,正常,2007,14638.0,4.04,2005,11500,4.5,1.273,0.898,1.086
雅安市,正常,2008,14083.0,4.5,2005,11500,4.5,1.225,1.0,1.112
雅安市,正常,2009,16469.0,4.0,2005,11500,4.5,1.432,0.889,1.16
雅安市,正常,2010,70000.0,4.0,2005,11500,4.5,6.087,0.889,3.488
雅安市,正常,2011,75000.0,4.0,2005,11500,4.5,6.522,0.889,3.706
雅安市,正常,2012,16124.0,3.89,2005,11500,4.5,1.402,0.864,1.133
雅安市,正常,2013,22300.0,3.89,2005,11500,4.5,1.939,0.864,1.402
雅安市,正常,2014,19690.0,3.84,2005,11500,4.5,1.712,0.853,1.282
雅安市,正常,2015,20856.0,3.81,2005,11500,4.5,1.814,0.847,1.33
雅安市,正常,2016,100000.0,4.0,2005,11500,4.5,8.696,0.889,4.792
雅安市,正常,2017,16000.0,3.88,2005,11500,4.5,1.391,0.862,1.126
雅安市,正常,2018,21000.0,3.79,2005,11500,4.5,1.826,0.842,1.334
雅安市,正常,2019,20870.0,3.79,2005,11500,4.5,1.815,0.842,1.328
雅安市,正常,2020,19800.0,3.88,2005,11500,4.5,1.722,0.862,1.292
雅安市,正常,2021,17000.0,4.0,2005,11500,4.5,1.478,0.889,1.184
雅安市,正常,2022,20000.0,,2005,11500,4.5,1.739,,
雅安市,正常,2023,20500.0,,2005,11500,4.5,1.783,,
雅安市,正常,2024,24000.0,,2005,11500,4.5,2.087,,
青岛市,正常,2003,,3.75,2012,417000,3.0,,1.25,
青岛市,正常,2004,,3.1,2012,417000,3.0,,1.033,
青岛市,正常,2005,,4.0,2012,417000,3.0,,1.333,
青岛市,正常,2006,,2.96,2012,417000,3.0,,0.987,
青岛市,正常,2007,,3.0,2012,417000,3.0,,1.0,
青岛市,正常,2008,,3.01,2012,417000,3.0,,1.003,
青岛市,正常,2009,,2.81,2012,417000,3.0,,0.937,
青岛市,正常,2010,,4.0,2012,417000,3.0,,1.333,
青岛市,正常,2011,,3.0,2012,417000,3.0,,1.0,
青岛市,正常,2012,417000.0,3.0,2012,417000,3.0,1.0,1.0,1.0
青岛市,正常,2013,438000.0,2.98,2012,417000,3.0,1.05,0.993,1.022
青岛市,正常,2014,445000.0,2.97,2012,417000,3.0,1.067,0.99,1.028
青岛市,正常,2015,300000.0,4.0,2012,417000,3.0,0.719,1.333,1.026
青岛市,正常,2016,300000.0,4.0,2012,417000,3.0,0.719,1.333,1.026
青岛市,正常,2017,730000.0,3.1,2012,417000,3.0,1.751,1.033,1.392
青岛市,正常,2018,776000.0,2.94,2012,417000,3.0,1.861,0.98,1.42
青岛市,正常,2019,751000.0,2.97,2012,417000,3.0,1.801,0.99,1.396
青岛市,正常,2020,1974700.0,4.0,2012,417000,3.0,4.735,1.333,3.034
青岛市,正常,2021,381000.0,2.74,2012,417000,3.0,0.914,0.913,0.914
青岛市,正常,2022,365000.0,,2012,417000,3.0,0.875,,
青岛市,正常,2023,368000.0,,2012,417000,3.0,0.882,,
青岛市,正常,2024,371000.0,,2012,417000,3.0,0.89,,
鞍山市,正常,2003,,6.0,2016,43000,2.9,,2.069,
鞍山市,正常,2004,,5.9,2016,43000,2.9,,2.034,
鞍山市,正常,2005,,4.5,2016,43000,2.9,,1.552,
鞍山市,正常,2006,,4.98,2016,43000,2.9,,1.717,
鞍山市,正常,2007,,4.3,2016,43000,2.9,,1.483,
鞍山市,正常,2008,,4.2,2016,43000,2.9,,1.448,
鞍山市,正常,2009,,,2016,43000,2.9,,,
鞍山市,正常,2010,,3.0,2016,43000,2.9,,1.034,
鞍山市,正常,2011,,1.97,2016,43000,2.9,,0.679,
鞍山市,正常,2012,,2.0,2016,43000,2.9,,0.69,
鞍山市,正常,2013,,3.0,2016,43000,2.9,,1.034,
鞍山市,正常,2014,,2.59,2016,43000,2.9,,0.893,
鞍山市,正常,2015,,3.0,2016,43000,2.9,,1.034,
鞍山市,正常,2016,43000.0,2.9,2016,43000,2.9,1.0,1.0,1.0
鞍山市,正常,2017,40000.0,2.98,2016,43000,2.9,0.93,1.028,0.979
鞍山市,正常,2018,42000.0,3.6,2016,43000,2.9,0.977,1.241,1.109
鞍山市,正常,2019,42000.0,3.78,2016,43000,2.9,0.977,1.303,1.14
鞍山市,正常,2020,39700.0,4.35,2016,43000,2.9,0.923,1.5,1.212
鞍山市,正常,2021,200000.0,4.13,2016,43000,2.9,4.651,1.424,3.037
鞍山市,正常,2022,39000.0,,2016,43000,2.9,0.907,,
鞍山市,正常,2023,36400.0,,2016,43000,2.9,0.847,,
鞍山市,正常,2024,37200.0,,2016,43000,2.9,0.865,,
韶关市,正常,2003,,3.7,2008,52000,3.2,,1.156,
韶关市,空文件,2004,,,2008,52000,3.2,,,
韶关市,正常,2005,,3.5,2008,52000,3.2,,1.094,
韶关市,正常,2006,,3.36,2008,52000,3.2,,1.05,
韶关市,正常,2007,,3.15,2008,52000,3.2,,0.984,
韶关市,正常,2008,52000.0,3.2,2008,52000,3.2,1.0,1.0,1.0
韶关市,正常,2009,53000.0,3.2,2008,52000,3.2,1.019,1.0,1.01
韶关市,正常,2010,263000.0,2.99,2008,52000,3.2,5.058,0.934,2.996
韶关市,正常,2011,268000.0,2.62,2008,52000,3.2,5.154,0.819,2.986
韶关市,正常,2012,54000.0,2.75,2008,52000,3.2,1.038,0.859,0.948
韶关市,正常,2013,,2.35,2008,52000,3.2,,0.734,
韶关市,正常,2014,,3.0,2008,52000,3.2,,0.938,
韶关市,正常,2015,265000.0,3.0,2008,52000,3.2,5.096,0.938,3.017
韶关市,正常,2016,245000.0,3.5,2008,52000,3.2,4.712,1.094,2.903
韶关市,正常,2017,32000.0,3.5,2008,52000,3.2,0.615,1.094,0.854
韶关市,正常,2018,30000.0,3.5,2008,52000,3.2,0.577,1.094,0.836
韶关市,正常,2019,25000.0,2.11,2008,52000,3.2,0.481,0.659,0.57
韶关市,正常,2020,160000.0,3.5,2008,52000,3.2,3.077,1.094,2.086
韶关市,正常,2021,20000.0,3.5,2008,52000,3.2,0.385,1.094,0.74
韶关市,正常,2022,20000.0,,2008,52000,3.2,0.385,,
韶关市,正常,2023,21500.0,,2008,52000,3.2,0.413,,
韶关市,正常,2024,21000.0,,2008,52000,3.2,0.404,,
马鞍山市,正常,2003,,4.2,2004,28000,3.8,,1.105,
马鞍山市,正常,2004,28000.0,3.8,2004,28000,3.8,1.0,1.0,1.0
马鞍山市,正常,2005,27000.0,3.7,2004,28000,3.8,0.964,0.974,0.969
马鞍山市,正常,2006,28000.0,3.7,2004,28000,3.8,1.0,0.974,0.987
马鞍山市,正常,2007,141000.0,4.0,2004,28000,3.8,5.036,1.053,3.044
马鞍山市,正常,2008,31000.0,3.7,2004,28000,3.8,1.107,0.974,1.04
马鞍山市,正常,2009,34000.0,3.3,2004,28000,3.8,1.214,0.868,1.041
马鞍山市,正常,2010,25400.0,4.0,2004,28000,3.8,0.907,1.053,0.98
马鞍山市,正常,2011,34000.0,2.9,2004,28000,3.8,1.214,0.763,0.988
马鞍山市,正常,2012,45000.0,2.83,2004,28000,3.8,1.607,0.745,1.176
马鞍山市,正常,2013,50000.0,2.8,2004,28000,3.8,1.786,0.737,1.262
马鞍山市,正常,2014,53000.0,2.8,2004,28000,3.8,1.893,0.737,1.315
马鞍山市,正常,2015,51000.0,2.9,2004,28000,3.8,1.821,0.763,1.292
马鞍山市,正常,2016,56600.0,2.94,2004,28000,3.8,2.021,0.774,1.398
马鞍山市,正常,2017,260000.0,3.0,2004,28000,3.8,9.286,0.789,5.038
马鞍山市,正常,2018,45000.0,2.61,2004,28000,3.8,1.607,0.687,1.147
马鞍山市,正常,2019,61000.0,2.3,2004,28000,3.8,2.179,0.605,1.392
马鞍山市,正常,2020,32000.0,2.8,2004,28000,3.8,1.143,0.737,0.94
马鞍山市,正常,2021,40000.0,,2004,28000,3.8,1.429,,
马鞍山市,正常,2022,40000.0,2.5,2004,28000,3.8,1.429,0.658,1.044
马鞍山市,正常,2023,43000.0,2.4,2004,28000,3.8,1.536,0.632,1.084
马鞍山市,空文件,2024,,,2004,28000,3.8,,,
驻马店市,正常,2003,33000.0,3.0,2003,33000,3.0,1.0,1.0,1.0
驻马店市,正常,2004,39464.0,3.1,2003,33000,3.0,1.196,1.033,1.114
驻马店市,正常,2005,46639.0,4.5,2003,33000,3.0,1.413,1.5,1.457
驻马店市,正常,2006,258000.0,4.0,2003,33000,3.0,7.818,1.333,4.576
驻马店市,正常,2007,64801.0,3.04,2003,33000,3.0,1.964,1.013,1.488
驻马店市,正常,2008,80000.0,3.6,2003,33000,3.0,2.424,1.2,1.812
驻马店市,正常,2009,80000.0,3.6,2003,33000,3.0,2.424,1.2,1.812
驻马店市,正常,2010,76100.0,3.6,2003,33000,3.0,2.306,1.2,1.753
驻马店市,正常,2011,380000.0,3.67,2003,33000,3.0,11.515,1.223,6.369
驻马店市,正常,2012,81000.0,3.16,2003,33000,3.0,2.455,1.053,1.754
驻马店市,正常,2013,97000.0,,2003,33000,3.0,2.939,,
驻马店市,正常,2014,75000.0,,2003,33000,3.0,2.273,,
驻马店市,正常,2015,390000.0,,2003,33000,3.0,11.818,,
驻马店市,正常,2016,41800.0,1.34,2003,33000,3.0,1.267,0.447,0.857
驻马店市,正常,2017,83000.0,,2003,33000,3.0,2.515,,
驻马店市,正常,2018,6598.0,,2003,33000,3.0,0.2,,
驻马店市,正常,2019,9897.0,,2003,33000,3.0,0.3,,
驻马店市,正常,2020,12500.0,5.5,2003,33000,3.0,0.379,1.833,1.106
驻马店市,正常,2021,63000.0,5.5,2003,33000,3.0,1.909,1.833,1.871
驻马店市,正常,2022,413000.0,5.5,2003,33000,3.0,12.515,1.833,7.174
驻马店市,正常,2023,64000.0,5.5,2003,33000,3.0,1.939,1.833,1.886
驻马店市,正常,2024,70000.0,5.5,2003,33000,3.0,2.121,1.833,1.977
鸡西市,空文件,2003,,,2011,190000,4.3,,,
鸡西市,空文件,2004,,,2011,190000,4.3,,,
鸡西市,空文件,2005,,,2011,190000,4.3,,,
鸡西市,空文件,2006,,,2011,190000,4.3,,,
鸡西市,空文件,2007,,,2011,190000,4.3,,,
鸡西市,空文件,2008,,,2011,190000,4.3,,,
鸡西市,空文件,2009,,,2011,190000,4.3,,,
鸡西市,空文件,2010,,,2011,190000,4.3,,,
鸡西市,正常,2011,190000.0,4.3,2011,190000,4.3,1.0,1.0,1.0
鸡西市,空文件,2012,,,2011,190000,4.3,,,
鸡西市,正常,2013,,,2011,190000,4.3,,,
鸡西市,正常,2014,,,2011,190000,4.3,,,
鸡西市,正常,2015,,,2011,190000,4.3,,,
鸡西市,正常,2016,32000.0,4.6,2011,190000,4.3,0.168,1.07,0.619
鸡西市,正常,2017,,,2011,190000,4.3,,,
鸡西市,正常,2018,39000.0,4.0,2011,190000,4.3,0.205,0.93,0.568
鸡西市,正常,2019,35500.0,3.68,2011,190000,4.3,0.187,0.856,0.522
鸡西市,正常,2020,18000.0,,2011,190000,4.3,0.095,,
鸡西市,正常,2021,167000.0,4.02,2011,190000,4.3,0.879,0.935,0.907
鸡西市,正常,2022,29000.0,,2011,190000,4.3,0.153,,
鸡西市,正常,2023,21000.0,,2011,190000,4.3,0.111,,
鸡西市,正常,2024,23000.0,,2011,190000,4.3,0.121,,
鹤壁市,正常,2003,35200.0,3.0,2003,35200,3.0,1.0,1.0,1.0
鹤壁市,正常,2004,26530.0,4.5,2003,35200,3.0,0.754,1.5,1.127
鹤壁市,正常,2005,38700.0,,2003,35200,3.0,1.099,,
鹤壁市,正常,2006,30000.0,,2003,35200,3.0,0.852,,
鹤壁市,正常,2007,51000.0,,2003,35200,3.0,1.449,,
鹤壁市,正常,2008,208000.0,,2003,35200,3.0,5.909,,
鹤壁市,正常,2009,49000.0,,2003,35200,3.0,1.392,,
鹤壁市,正常,2010,49000.0,,2003,35200,3.0,1.392,,
鹤壁市,正常,2011,45000.0,,2003,35200,3.0,1.278,,
鹤壁市,正常,2012,39000.0,,2003,35200,3.0,1.108,,
鹤壁市,正常,2013,224000.0,,2003,35200,3.0,6.364,,
鹤壁市,正常,2014,40000.0,,2003,35200,3.0,1.136,,
鹤壁市,正常,2015,206000.0,,2003,35200,3.0,5.852,,
鹤壁市,正常,2016,27000.0,,2003,35200,3.0,0.767,,
鹤壁市,正常,2017,169000.0,,2003,35200,3.0,4.801,,
鹤壁市,正常,2018,29700.0,4.0,2003,35200,3.0,0.844,1.333,1.088
鹤壁市,正常,2019,30000.0,3.0,2003,35200,3.0,0.852,1.0,0.926
鹤壁市,正常,2020,190000.0,2.55,2003,35200,3.0,5.398,0.85,3.124
鹤壁市,正常,2021,30500.0,5.5,2003,35200,3.0,0.866,1.833,1.35
鹤壁市,正常,2022,30000.0,5.5,2003,35200,3.0,0.852,1.833,1.342
鹤壁市,正常,2023,30000.0,5.4,2003,35200,3.0,0.852,1.8,1.326
鹤壁市,正常,2024,30000.0,5.5,2003,35200,3.0,0.852,1.833,1.342
鹤岗市,正常,2003,,4.5,2005,22000,4.3,,1.047,
鹤岗市,正常,2004,,4.3,2005,22000,4.3,,1.0,
鹤岗市,正常,2005,22000.0,4.3,2005,22000,4.3,1.0,1.0,1.0
鹤岗市,正常,2006,25299.0,4.3,2005,22000,4.3,1.15,1.0,1.075
鹤岗市,正常,2007,,3.9,2005,22000,4.3,,0.907,
鹤岗市,正常,2008,25000.0,3.9,2005,22000,4.3,1.136,0.907,1.022
鹤岗市,正常,2009,,3.9,2005,22000,4.3,,0.907,
鹤岗市,正常,2010,23000.0,4.0,2005,22000,4.3,1.045,0.93,0.988
鹤岗市,正常,2011,108000.0,4.3,2005,22000,4.3,4.909,1.0,2.954
鹤岗市,空文件,2012,,,2005,22000,4.3,,,
鹤岗市,正常,2013,21000.0,4.0,2005,22000,4.3,0.955,0.93,0.942
鹤岗市,正常,2014,22799.0,4.0,2005,22000,4.3,1.036,0.93,0.983
鹤岗市,正常,2015,24000.0,4.0,2005,22000,4.3,1.091,0.93,1.01
鹤岗市,正常,2016,113000.0,4.0,2005,22000,4.3,5.136,0.93,3.033
鹤岗市,正常,2017,23000.0,4.1,2005,22000,4.3,1.045,0.953,0.999
鹤岗市,正常,2018,,,2005,22000,4.3,,,
鹤岗市,正常,2019,23000.0,,2005,22000,4.3,1.045,,
鹤岗市,正常,2020,,3.3,2005,22000,4.3,,0.767,
鹤岗市,正常,2021,,3.16,2005,22000,4.3,,0.735,
鹤岗市,正常,2022,13938.0,,2005,22000,4.3,0.634,,
鹤岗市,正常,2023,10400.0,,2005,22000,4.3,0.473,,
鹰潭市,正常,2003,13520.0,36.0,2003,13520,36.0,1.0,1.0,1.0
鹰潭市,正常,2004,,3.6,2003,13520,36.0,,0.1,
鹰潭市,正常,2005,21000.0,4.5,2003,13520,36.0,1.553,0.125,0.839
鹰潭市,正常,2006,120000.0,4.0,2003,13520,36.0,8.876,0.111,4.494
鹰潭市,正常,2007,23000.0,,2003,13520,36.0,1.701,,
鹰潭市,正常,2008,30000.0,4.5,2003,13520,36.0,2.219,0.125,1.172
鹰潭市,正常,2009,25000.0,4.5,2003,13520,36.0,1.849,0.125,0.987
鹰潭市,正常,2010,18223.0,3.3,2003,13520,36.0,1.348,0.092,0.72
鹰潭市,正常,2011,25500.0,,2003,13520,36.0,1.886,,
鹰潭市,正常,2012,27000.0,,2003,13520,36.0,1.997,,
鹰潭市,正常,2013,23900.0,,2003,13520,36.0,1.768,,
鹰潭市,正常,2014,27799.0,,2003,13520,36.0,2.056,,
鹰潭市,正常,2015,24800.0,,2003,13520,36.0,1.834,,
鹰潭市,正常,2016,137000.0,4.5,2003,13520,36.0,10.133,0.125,5.129
鹰潭市,正常,2017,25400.0,,2003,13520,36.0,1.879,,
鹰潭市,正常,2018,25299.0,4.5,2003,13520,36.0,1.871,0.125,0.998
鹰潭市,正常,2019,18400.0,3.28,2003,13520,36.0,1.361,0.091,0.726
鹰潭市,正常,2020,18400.0,3.28,2003,13520,36.0,1.361,0.091,0.726
鹰潭市,正常,2021,17600.0,3.2,2003,13520,36.0,1.302,0.089,0.696
鹰潭市,正常,2022,18000.0,5.5,2003,13520,36.0,1.331,0.153,0.742
鹰潭市,正常,2023,17000.0,,2003,13520,36.0,1.257,,
鹰潭市,正常,2024,,,2003,13520,36.0,,,
黄冈市,正常,2003,,4.4,2004,30000,4.4,,1.0,
黄冈市,正常,2004,30000.0,4.4,2004,30000,4.4,1.0,1.0,1.0
黄冈市,正常,2005,36000.0,4.2,2004,30000,4.4,1.2,0.955,1.078
黄冈市,正常,2006,35000.0,4.12,2004,30000,4.4,1.167,0.936,1.052
黄冈市,正常,2007,47000.0,4.5,2004,30000,4.4,1.567,1.023,1.295
黄冈市,正常,2008,62000.0,4.07,2004,30000,4.4,2.067,0.925,1.496
黄冈市,正常,2009,51000.0,4.25,2004,30000,4.4,1.7,0.966,1.333
黄冈市,正常,2010,55000.0,4.4,2004,30000,4.4,1.833,1.0,1.416
黄冈市,正常,2011,40000.0,4.4,2004,30000,4.4,1.333,1.0,1.166
黄冈市,正常,2012,71000.0,3.9,2004,30000,4.4,2.367,0.886,1.626
黄冈市,正常,2013,69000.0,4.0,2004,30000,4.4,2.3,0.909,1.604
黄冈市,正常,2014,,3.98,2004,30000,4.4,,0.905,
黄冈市,正常,2015,5828.0,2.5,2004,30000,4.4,0.194,0.568,0.381
黄冈市,正常,2016,364000.0,4.5,2004,30000,4.4,12.133,1.023,6.578
黄冈市,正常,2017,85197.0,4.5,2004,30000,4.4,2.84,1.023,1.931
黄冈市,正常,2018,73600.0,1.98,2004,30000,4.4,2.453,0.45,1.452
黄冈市,正常,2019,77800.0,2.07,2004,30000,4.4,2.593,0.47,1.531
黄冈市,正常,2020,376300.0,,2004,30000,4.4,12.543,,
黄冈市,正常,2021,375000.0,,2004,30000,4.4,12.5,,
黄冈市,正常,2022,66000.0,,2004,30000,4.4,2.2,,
黄冈市,正常,2023,74000.0,,2004,30000,4.4,2.467,,
黄冈市,正常,2024,61000.0,,2004,30000,4.4,2.033,,
黄山市,空文件,2003,,,2008,15000,4.5,,,
黄山市,空文件,2004,,,2008,15000,4.5,,,
黄山市,空文件,2005,,,2008,15000,4.5,,,
黄山市,空文件,2006,,,2008,15000,4.5,,,
黄山市,正常,2007,,4.0,2008,15000,4.5,,0.889,
黄山市,正常,2008,15000.0,4.5,2008,15000,4.5,1.0,1.0,1.0
黄山市,正常,2009,16700.0,3.8,2008,15000,4.5,1.113,0.844,0.978
黄山市,正常,2010,31000.0,3.9,2008,15000,4.5,2.067,0.867,1.467
黄山市,正常,2011,38400.0,3.9,2008,15000,4.5,2.56,0.867,1.714
黄山市,空文件,2012,,,2008,15000,4.5,,,
黄山市,正常,2013,27000.0,4.2,2008,15000,4.5,1.8,0.933,1.366
黄山市,正常,2014,32000.0,3.7,2008,15000,4.5,2.133,0.822,1.478
黄山市,正常,2015,18000.0,4.5,2008,15000,4.5,1.2,1.0,1.1
黄山市,正常,2016,21000.0,3.68,2008,15000,4.5,1.4,0.818,1.109
黄山市,正常,2017,108600.0,3.8,2008,15000,4.5,7.24,0.844,4.042
黄山市,正常,2018,26200.0,2.8,2008,15000,4.5,1.747,0.622,1.184
黄山市,正常,2019,24900.0,5.0,2008,15000,4.5,1.66,1.111,1.386
黄山市,正常,2020,23000.0,2.75,2008,15000,4.5,1.533,0.611,1.072
黄山市,正常,2021,94000.0,5.5,2008,15000,4.5,6.267,1.222,3.745
黄山市,正常,2022,19700.0,,2008,15000,4.5,1.313,,
黄山市,正常,2023,,,2008,15000,4.5,,,
黄山市,正常,2024,13500.0,,2008,15000,4.5,0.9,,
黄石市,正常,2003,38700.0,4.3,2003,38700,4.3,1.0,1.0,1.0
黄石市,正常,2004,160000.0,4.3,2003,38700,4.3,4.134,1.0,2.567
黄石市,正常,2005,49800.0,4.3,2003,38700,4.3,1.287,1.0,1.144
黄石市,正常,2006,189000.0,4.3,2003,38700,4.3,4.884,1.0,2.942
黄石市,正常,2007,53600.0,4.5,2003,38700,4.3,1.385,1.047,1.216
黄石市,正常,2008,43700.0,4.3,2003,38700,4.3,1.129,1.0,1.064
黄石市,正常,2009,11020000.0,4.6,2003,38700,4.3,284.755,1.07,142.912
黄石市,正常,2010,250000.0,4.3,2003,38700,4.3,6.46,1.0,3.73
黄石市,正常,2011,12210000.0,,2003,38700,4.3,315.504,,
黄石市,正常,2012,45000.0,4.5,2003,38700,4.3,1.163,1.047,1.105
黄石市,正常,2013,45000.0,4.6,2003,38700,4.3,1.163,1.07,1.116
黄石市,正常,2014,50000.0,4.5,2003,38700,4.3,1.292,1.047,1.17
黄石市,正常,2015,70000.0,4.5,2003,38700,4.3,1.809,1.047,1.428
黄石市,正常,2016,74000.0,2.6,2003,38700,4.3,1.912,0.605,1.258
黄石市,正常,2017,52000.0,2.95,2003,38700,4.3,1.344,0.686,1.015
黄石市,正常,2018,,3.2,2003,38700,4.3,,0.744,
黄石市,正常,2019,40000.0,4.5,2003,38700,4.3,1.034,1.047,1.04
黄石市,正常,2020,265000.0,4.5,2003,38700,4.3,6.848,1.047,3.948
黄石市,正常,2021,265000.0,4.5,2003,38700,4.3,6.848,1.047,3.948
黄石市,正常,2022,51600.0,3.73,2003,38700,4.3,1.333,0.867,1.1
黄石市,正常,2023,54800.0,,2003,38700,4.3,1.416,,
黄石市,正常,2024,,,2003,38700,4.3,,,
黑河市,正常,2003,,3.4,2004,16698,4.0,,0.85,
黑河市,正常,2004,16698.0,4.0,2004,16698,4.0,1.0,1.0,1.0
黑河市,正常,2005,,4.04,2004,16698,4.0,,1.01,
黑河市,正常,2006,83000.0,4.0,2004,16698,4.0,4.971,1.0,2.986
黑河市,正常,2007,17000.0,4.0,2004,16698,4.0,1.018,1.0,1.009
黑河市,正常,2008,21000.0,3.8,2004,16698,4.0,1.258,0.95,1.104
黑河市,正常,2009,19700.0,3.6,2004,16698,4.0,1.18,0.9,1.04
黑河市,正常,2010,80000.0,3.6,2004,16698,4.0,4.791,0.9,2.846
黑河市,正常,2011,20000.0,3.74,2004,16698,4.0,1.198,0.935,1.066
黑河市,正常,2012,20000.0,4.5,2004,16698,4.0,1.198,1.125,1.162
黑河市,正常,2013,20000.0,3.7,2004,16698,4.0,1.198,0.925,1.062
黑河市,正常,2014,21000.0,3.72,2004,16698,4.0,1.258,0.93,1.094
黑河市,正常,2015,20000.0,3.48,2004,16698,4.0,1.198,0.87,1.034
黑河市,正常,2016,16029.0,3.59,2004,16698,4.0,0.96,0.898,0.929
黑河市,正常,2017,16000.0,3.54,2004,16698,4.0,0.958,0.885,0.922
黑河市,正常,2018,14500.0,3.57,2004,16698,4.0,0.868,0.892,0.88
黑河市,正常,2019,15345.0,3.27,2004,16698,4.0,0.919,0.818,0.868
黑河市,正常,2020,14000.0,3.31,2004,16698,4.0,0.838,0.828,0.833
黑河市,正常,2021,14500.0,3.25,2004,16698,4.0,0.868,0.812,0.84
黑河市,正常,2022,12300.0,,2004,16698,4.0,0.737,,
黑河市,正常,2023,11000.0,5.0,2004,16698,4.0,0.659,1.25,0.954
黑河市,正常,2024,12400.0,5.0,2004,16698,4.0,0.743,1.25,0.996
齐齐哈尔市,空文件,2003,,,2006,116000,4.2,,,
齐齐哈尔市,空文件,2004,,,2006,116000,4.2,,,
齐齐哈尔市,空文件,2005,,,2006,116000,4.2,,,
齐齐哈尔市,正常,2006,116000.0,4.2,2006,116000,4.2,1.0,1.0,1.0
齐齐哈尔市,正常,2007,116000.0,4.2,2006,116000,4.2,1.0,1.0,1.0
齐齐哈尔市,正常,2008,118000.0,4.3,2006,116000,4.2,1.017,1.024,1.02
齐齐哈尔市,正常,2009,98000.0,3.72,2006,116000,4.2,0.845,0.886,0.865
齐齐哈尔市,正常,2010,127000.0,3.9,2006,116000,4.2,1.095,0.929,1.012
齐齐哈尔市,正常,2011,612000.0,3.9,2006,116000,4.2,5.276,0.929,3.102
齐齐哈尔市,正常,2012,112400.0,3.88,2006,116000,4.2,0.969,0.924,0.946
齐齐哈尔市,正常,2013,123200.0,3.7,2006,116000,4.2,1.062,0.881,0.972
齐齐哈尔市,正常,2014,118000.0,4.1,2006,116000,4.2,1.017,0.976,0.996
齐齐哈尔市,正常,2015,600000.0,4.1,2006,116000,4.2,5.172,0.976,3.074
齐齐哈尔市,正常,2016,87000.0,4.3,2006,116000,4.2,0.75,1.024,0.887
齐齐哈尔市,正常,2017,,4.31,2006,116000,4.2,,1.026,
齐齐哈尔市,正常,2018,100000.0,3.81,2006,116000,4.2,0.862,0.907,0.885
齐齐哈尔市,正常,2019,,4.3,2006,116000,4.2,,1.024,
齐齐哈尔市,正常,2020,400000.0,4.3,2006,116000,4.2,3.448,1.024,2.236
齐齐哈尔市,正常,2021,61000.0,3.1,2006,116000,4.2,0.526,0.738,0.632
齐齐哈尔市,正常,2022,61000.0,3.1,2006,116000,4.2,0.526,0.738,0.632
齐齐哈尔市,正常,2023,98600.0,,2006,116000,4.2,0.85,,
齐齐哈尔市,正常,2024,12400.0,5.0,2006,116000,4.2,0.107,1.19,0.648
龙岩市,正常,2003,,,2004,20000,6.0,,,
龙岩市,正常,2004,20000.0,6.0,2004,20000,6.0,1.0,1.0,1.0
龙岩市,正常,2005,92000.0,5.0,2004,20000,6.0,4.6,0.833,2.716
龙岩市,正常,2006,,4.5,2004,20000,6.0,,0.75,
龙岩市,正常,2007,27000.0,3.95,2004,20000,6.0,1.35,0.658,1.004
龙岩市,正常,2008,,3.8,2004,20000,6.0,,0.633,
龙岩市,空文件,2009,,,2004,20000,6.0,,,
龙岩市,空文件,2010,,,2004,20000,6.0,,,
龙岩市,正常,2011,22000.0,4.2,2004,20000,6.0,1.1,0.7,0.9
龙岩市,正常,2012,24000.0,2.5,2004,20000,6.0,1.2,0.417,0.808
龙岩市,正常,2013,24000.0,2.5,2004,20000,6.0,1.2,0.417,0.808
龙岩市,正常,2014,25000.0,2.5,2004,20000,6.0,1.25,0.417,0.834
龙岩市,正常,2015,25000.0,2.48,2004,20000,6.0,1.25,0.413,0.832
龙岩市,正常,2016,20000.0,2.52,2004,20000,6.0,1.0,0.42,0.71
龙岩市,正常,2017,19000.0,2.48,2004,20000,6.0,0.95,0.413,0.682
龙岩市,正常,2018,18000.0,2.6,2004,20000,6.0,0.9,0.433,0.666
龙岩市,正常,2019,18700.0,2.66,2004,20000,6.0,0.935,0.443,0.689
龙岩市,正常,2020,25000.0,3.92,2004,20000,6.0,1.25,0.653,0.952
龙岩市,正常,2021,24500.0,4.3,2004,20000,6.0,1.225,0.717,0.971
龙岩市,正常,2022,22000.0,,2004,20000,6.0,1.1,,
龙岩市,正常,2023,22000.0,,2004,20000,6.0,1.1,,
龙岩市,正常,2024,16400.0,,2004,20000,6.0,0.82,,
