子目录,文件名,城市,年份,字符数,文件状态
two,七台河市2003.txt,七台河市,2003,1,空文件
two,七台河市2004.txt,七台河市,2004,1,空文件
two,七台河市2005.txt,七台河市,2005,1,空文件
two,七台河市2006.txt,七台河市,2006,1,空文件
two,七台河市2007.txt,七台河市,2007,14194,正常
two,七台河市2008.txt,七台河市,2008,12481,正常
two,七台河市2009.txt,七台河市,2009,12176,正常
two,七台河市2010.txt,七台河市,2010,11204,正常
two,七台河市2011.txt,七台河市,2011,15026,正常
two,七台河市2012.txt,七台河市,2012,14736,正常
two,七台河市2013.txt,七台河市,2013,9616,正常
two,七台河市2014.txt,七台河市,2014,13508,正常
two,七台河市2015.txt,七台河市,2015,13024,正常
two,七台河市2016.txt,七台河市,2016,12780,正常
two,七台河市2017.txt,七台河市,2017,17534,正常
two,七台河市2018.txt,七台河市,2018,16791,正常
two,七台河市2019.txt,七台河市,2019,19173,正常
two,七台河市2020.txt,七台河市,2020,20090,正常
two,七台河市2021.txt,七台河市,2021,18575,正常
two,七台河市2022.txt,七台河市,2022,16549,正常
two,七台河市2023.txt,七台河市,2023,20850,正常
two,七台河市2024.txt,七台河市,2024,21855,正常
two,七台河市2025.txt,七台河市,2025,14709,正常
two,三亚市2003.txt,三亚市,2003,16302,正常
two,三亚市2004.txt,三亚市,2004,19086,正常
two,三亚市2005.txt,三亚市,2005,15021,正常
two,三亚市2006.txt,三亚市,2006,21601,正常
two,三亚市2007.txt,三亚市,2007,20264,正常
two,三亚市2008.txt,三亚市,2008,16965,正常
two,三亚市2009.txt,三亚市,2009,17083,正常
two,三亚市2010.txt,三亚市,2010,15980,正常
two,三亚市2011.txt,三亚市,2011,16141,正常
two,三亚市2012.txt,三亚市,2012,15875,正常
two,三亚市2013.txt,三亚市,2013,10820,正常
two,三亚市2014.txt,三亚市,2014,12996,正常
two,三亚市2015.txt,三亚市,2015,13625,正常
two,三亚市2016.txt,三亚市,2016,15184,正常
two,三亚市2017.txt,三亚市,2017,11136,正常
two,三亚市2018.txt,三亚市,2018,15017,正常
two,三亚市2019.txt,三亚市,2019,18247,正常
two,三亚市2020.txt,三亚市,2020,17021,正常
two,三亚市2021.txt,三亚市,2021,24960,正常
two,三亚市2022.txt,三亚市,2022,23732,正常
two,三亚市2023.txt,三亚市,2023,20719,正常
two,三亚市2024.txt,三亚市,2024,20229,正常
two,三亚市2025.txt,三亚市,2025,18108,正常
two,三明市2003.txt,三明市,2003,18045,正常
two,三明市2004.txt,三明市,2004,14236,正常
two,三明市2005.txt,三明市,2005,2635,正常
two,三明市2006.txt,三明市,2006,8887,正常
two,三明市2007.txt,三明市,2007,1348,正常
two,三明市2008.txt,三明市,2008,17623,正常
two,三明市2009.txt,三明市,2009,15994,正常
two,三明市2010.txt,三明市,2010,17736,正常
two,三明市2011.txt,三明市,2011,19054,正常
two,三明市2012.txt,三明市,2012,16457,正常
two,三明市2013.txt,三明市,2013,11321,正常
two,三明市2014.txt,三明市,2014,11321,正常
two,三明市2015.txt,三明市,2015,11243,正常
two,三明市2016.txt,三明市,2016,12732,正常
two,三明市2017.txt,三明市,2017,13857,正常
two,三明市2018.txt,三明市,2018,13687,正常
two,三明市2019.txt,三明市,2019,13651,正常
two,三明市2020.txt,三明市,2020,17056,正常
two,三明市2021.txt,三明市,2021,20448,正常
two,三明市2022.txt,三明市,2022,16210,正常
two,三明市2023.txt,三明市,2023,13840,正常
two,三明市2024.txt,三明市,2024,15941,正常
two,三明市2025.txt,三明市,2025,16161,正常
two,三门峡市2003.txt,三门峡市,2003,14103,正常
two,三门峡市2004.txt,三门峡市,2004,10293,正常
two,三门峡市2005.txt,三门峡市,2005,10570,正常
two,三门峡市2006.txt,三门峡市,2006,11507,正常
two,三门峡市2007.txt,三门峡市,2007,13636,正常
two,三门峡市2008.txt,三门峡市,2008,12081,正常
two,三门峡市2009.txt,三门峡市,2009,13579,正常
two,三门峡市2010.txt,三门峡市,2010,15071,正常
two,三门峡市2011.txt,三门峡市,2011,12362,正常
two,三门峡市2012.txt,三门峡市,2012,12970,正常
two,三门峡市2013.txt,三门峡市,2013,11599,正常
two,三门峡市2014.txt,三门峡市,2014,11703,正常
two,三门峡市2015.txt,三门峡市,2015,11404,正常
two,三门峡市2016.txt,三门峡市,2016,15188,正常
two,三门峡市2017.txt,三门峡市,2017,17713,正常
two,三门峡市2018.txt,三门峡市,2018,14077,正常
two,三门峡市2019.txt,三门峡市,2019,16936,正常
two,三门峡市2020.txt,三门峡市,2020,19946,正常
two,三门峡市2021.txt,三门峡市,2021,21137,正常
two,三门峡市2022.txt,三门峡市,2022,13210,正常
two,三门峡市2023.txt,三门峡市,2023,20105,正常
two,三门峡市2024.txt,三门峡市,2024,13156,正常
two,三门峡市2025.txt,三门峡市,2025,18459,正常
two,上饶市2003.txt,上饶市,2003,1,空文件
two,上饶市2004.txt,上饶市,2004,1,空文件
two,上饶市2005.txt,上饶市,2005,14338,正常
two,上饶市2006.txt,上饶市,2006,16425,正常
two,上饶市2007.txt,上饶市,2007,15049,正常
two,上饶市2008.txt,上饶市,2008,17920,正常
two,上饶市2009.txt,上饶市,2009,18480,正常
two,上饶市2010.txt,上饶市,2010,17709,正常
two,上饶市2011.txt,上饶市,2011,19169,正常
two,上饶市2012.txt,上饶市,2012,19268,正常
two,上饶市2013.txt,上饶市,2013,14909,正常
two,上饶市2014.txt,上饶市,2014,14868,正常
two,上饶市2015.txt,上饶市,2015,14663,正常
two,上饶市2016.txt,上饶市,2016,14654,正常
two,上饶市2017.txt,上饶市,2017,13494,正常
two,上饶市2018.txt,上饶市,2018,15240,正常
two,上饶市2019.txt,上饶市,2019,14728,正常
two,上饶市2020.txt,上饶市,2020,12691,正常
two,上饶市2021.txt,上饶市,2021,12024,正常
two,上饶市2022.txt,上饶市,2022,12859,正常
two,上饶市2023.txt,上饶市,2023,12423,正常
two,上饶市2024.txt,上饶市,2024,12486,正常
two,上饶市2025.txt,上饶市,2025,12837,正常
two,东莞市2003.txt,东莞市,2003,16526,正常
two,东莞市2004.txt,东莞市,2004,16041,正常
two,东莞市2005.txt,东莞市,2005,16069,正常
two,东莞市2006.txt,东莞市,2006,19484,正常
two,东莞市2007.txt,东莞市,2007,14382,正常
two,东莞市2008.txt,东莞市,2008,14806,正常
two,东莞市2009.txt,东莞市,2009,15007,正常
two,东莞市2010.txt,东莞市,2010,14823,正常
two,东莞市2011.txt,东莞市,2011,15431,正常
two,东莞市2012.txt,东莞市,2012,18195,正常
two,东莞市2013.txt,东莞市,2013,11965,正常
two,东莞市2014.txt,东莞市,2014,13837,正常
two,东莞市2015.txt,东莞市,2015,15928,正常
two,东莞市2016.txt,东莞市,2016,15581,正常
two,东莞市2017.txt,东莞市,2017,21102,正常
two,东莞市2018.txt,东莞市,2018,19384,正常
two,东莞市2019.txt,东莞市,2019,20040,正常
two,东莞市2020.txt,东莞市,2020,12915,正常
two,东莞市2021.txt,东莞市,2021,21629,正常
two,东莞市2022.txt,东莞市,2022,18084,正常
two,东莞市2023.txt,东莞市,2023,15215,正常
two,东莞市2024.txt,东莞市,2024,15431,正常
two,东莞市2025.txt,东莞市,2025,14900,正常
two,东营市2003.txt,东营市,2003,15571,正常
two,东营市2004.txt,东营市,2004,13465,正常
two,东营市2005.txt,东营市,2005,14193,正常
two,东营市2006.txt,东营市,2006,18317,正常
two,东营市2007.txt,东营市,2007,14883,正常
two,东营市2008.txt,东营市,2008,17757,正常
two,东营市2009.txt,东营市,2009,15921,正常
two,东营市2010.txt,东营市,2010,16629,正常
two,东营市2011.txt,东营市,2011,17298,正常
two,东营市2012.txt,东营市,2012,18008,正常
two,东营市2013.txt,东营市,2013,16836,正常
two,东营市2014.txt,东营市,2014,12916,正常
two,东营市2015.txt,东营市,2015,12708,正常
two,东营市2016.txt,东营市,2016,14365,正常
two,东营市2017.txt,东营市,2017,13536,正常
two,东营市2018.txt,东营市,2018,15179,正常
two,东营市2019.txt,东营市,2019,13791,正常
two,东营市2020.txt,东营市,2020,13048,正常
two,东营市2021.txt,东营市,2021,19130,正常
two,东营市2022.txt,东营市,2022,15139,正常
two,东营市2023.txt,东营市,2023,14947,正常
two,东营市2024.txt,东营市,2024,13757,正常
two,东营市2025.txt,东营市,2025,13912,正常
two,中卫市2003.txt,中卫市,2003,1,空文件
two,中卫市2004.txt,中卫市,2004,11650,正常
two,中卫市2005.txt,中卫市,2005,12318,正常
two,中卫市2006.txt,中卫市,2006,14094,正常
two,中卫市2007.txt,中卫市,2007,12495,正常
two,中卫市2008.txt,中卫市,2008,15364,正常
two,中卫市2009.txt,中卫市,2009,13962,正常
two,中卫市2010.txt,中卫市,2010,17354,正常
two,中卫市2011.txt,中卫市,2011,18822,正常
two,中卫市2012.txt,中卫市,2012,15260,正常
two,中卫市2013.txt,中卫市,2013,16134,正常
two,中卫市2014.txt,中卫市,2014,12937,正常
two,中卫市2015.txt,中卫市,2015,13813,正常
two,中卫市2016.txt,中卫市,2016,18442,正常
two,中卫市2017.txt,中卫市,2017,18292,正常
two,中卫市2018.txt,中卫市,2018,14157,正常
two,中卫市2019.txt,中卫市,2019,13917,正常
two,中卫市2020.txt,中卫市,2020,16129,正常
two,中卫市2021.txt,中卫市,2021,20628,正常
two,中卫市2022.txt,中卫市,2022,19457,正常
two,中卫市2023.txt,中卫市,2023,17816,正常
two,中卫市2024.txt,中卫市,2024,15563,正常
two,中卫市2025.txt,中卫市,2025,14608,正常
two,中山市2003.txt,中山市,2003,14979,正常
two,中山市2004.txt,中山市,2004,17425,正常
two,中山市2005.txt,中山市,2005,15173,正常
two,中山市2006.txt,中山市,2006,15209,正常
two,中山市2007.txt,中山市,2007,16326,正常
two,中山市2008.txt,中山市,2008,15616,正常
two,中山市2009.txt,中山市,2009,14585,正常
two,中山市2010.txt,中山市,2010,13322,正常
two,中山市2011.txt,中山市,2011,15212,正常
two,中山市2012.txt,中山市,2012,16232,正常
two,中山市2013.txt,中山市,2013,12382,正常
two,中山市2014.txt,中山市,2014,12828,正常
two,中山市2015.txt,中山市,2015,13117,正常
two,中山市2016.txt,中山市,2016,15237,正常
two,中山市2017.txt,中山市,2017,15512,正常
two,中山市2018.txt,中山市,2018,18459,正常
two,中山市2019.txt,中山市,2019,17553,正常
two,中山市2020.txt,中山市,2020,12980,正常
two,中山市2021.txt,中山市,2021,21374,正常
two,中山市2022.txt,中山市,2022,15393,正常
two,中山市2023.txt,中山市,2023,15740,正常
two,中山市2024.txt,中山市,2024,14310,正常
two,中山市2025.txt,中山市,2025,14843,正常
two,临汾市2003.txt,临汾市,2003,1,空文件
two,临汾市2004.txt,临汾市,2004,1,空文件
two,临汾市2005.txt,临汾市,2005,1,空文件
two,临汾市2006.txt,临汾市,2006,1,空文件
two,临汾市2007.txt,临汾市,2007,13734,正常
two,临汾市2008.txt,临汾市,2008,1,空文件
two,临汾市2009.txt,临汾市,2009,1,空文件
two,临汾市2010.txt,临汾市,2010,16055,正常
two,临汾市2011.txt,临汾市,2011,18096,正常
two,临汾市2012.txt,临汾市,2012,16879,正常
two,临汾市2013.txt,临汾市,2013,13364,正常
two,临汾市2014.txt,临汾市,2014,15765,正常
two,临汾市2015.txt,临汾市,2015,16021,正常
two,临汾市2016.txt,临汾市,2016,17387,正常
two,临汾市2017.txt,临汾市,2017,17329,正常
two,临汾市2018.txt,临汾市,2018,22574,正常
two,临汾市2019.txt,临汾市,2019,23791,正常
two,临汾市2020.txt,临汾市,2020,17060,正常
two,临汾市2021.txt,临汾市,2021,15859,正常
two,临汾市2022.txt,临汾市,2022,22805,正常
two,临汾市2023.txt,临汾市,2023,24180,正常
two,临汾市2024.txt,临汾市,2024,2972,正常
two,临汾市2025.txt,临汾市,2025,22536,正常
two,临沂市2003.txt,临沂市,2003,1,空文件
two,临沂市2004.txt,临沂市,2004,13658,正常
two,临沂市2005.txt,临沂市,2005,15877,正常
two,临沂市2006.txt,临沂市,2006,17833,正常
two,临沂市2007.txt,临沂市,2007,13680,正常
two,临沂市2008.txt,临沂市,2008,16744,正常
two,临沂市2009.txt,临沂市,2009,15888,正常
two,临沂市2010.txt,临沂市,2010,17092,正常
two,临沂市2011.txt,临沂市,2011,16436,正常
two,临沂市2012.txt,临沂市,2012,17996,正常
two,临沂市2013.txt,临沂市,2013,18065,正常
two,临沂市2014.txt,临沂市,2014,13791,正常
two,临沂市2015.txt,临沂市,2015,14203,正常
two,临沂市2016.txt,临沂市,2016,14517,正常
two,临沂市2017.txt,临沂市,2017,13983,正常
two,临沂市2018.txt,临沂市,2018,12932,正常
two,临沂市2019.txt,临沂市,2019,14187,正常
two,临沂市2020.txt,临沂市,2020,19611,正常
two,临沂市2021.txt,临沂市,2021,19459,正常
two,临沂市2022.txt,临沂市,2022,17638,正常
two,临沂市2023.txt,临沂市,2023,14049,正常
two,临沂市2024.txt,临沂市,2024,15038,正常
two,临沂市2025.txt,临沂市,2025,14762,正常
two,临沧市2003.txt,临沧市,2003,1,空文件
two,临沧市2004.txt,临沧市,2004,12710,正常
two,临沧市2005.txt,临沧市,2005,13355,正常
two,临沧市2006.txt,临沧市,2006,17273,正常
two,临沧市2007.txt,临沧市,2007,13491,正常
two,临沧市2008.txt,临沧市,2008,18952,正常
two,临沧市2009.txt,临沧市,2009,16303,正常
two,临沧市2010.txt,临沧市,2010,14259,正常
two,临沧市2011.txt,临沧市,2011,20043,正常
two,临沧市2012.txt,临沧市,2012,17833,正常
two,临沧市2013.txt,临沧市,2013,14353,正常
two,临沧市2014.txt,临沧市,2014,18365,正常
two,临沧市2015.txt,临沧市,2015,17814,正常
two,临沧市2016.txt,临沧市,2016,21850,正常
two,临沧市2017.txt,临沧市,2017,14382,正常
two,临沧市2018.txt,临沧市,2018,16120,正常
two,临沧市2019.txt,临沧市,2019,15891,正常
two,临沧市2020.txt,临沧市,2020,16813,正常
two,临沧市2021.txt,临沧市,2021,14669,正常
two,临沧市2022.txt,临沧市,2022,18554,正常
two,临沧市2023.txt,临沧市,2023,14683,正常
two,临沧市2024.txt,临沧市,2024,14124,正常
two,临沧市2025.txt,临沧市,2025,14880,正常
two,丹东市2003.txt,丹东市,2003,1,空文件
two,丹东市2004.txt,丹东市,2004,1,空文件
two,丹东市2005.txt,丹东市,2005,1,空文件
two,丹东市2006.txt,丹东市,2006,16650,正常
two,丹东市2007.txt,丹东市,2007,13754,正常
two,丹东市2008.txt,丹东市,2008,19368,正常
two,丹东市2009.txt,丹东市,2009,15530,正常
two,丹东市2010.txt,丹东市,2010,11460,正常
two,丹东市2011.txt,丹东市,2011,13165,正常
two,丹东市2012.txt,丹东市,2012,11184,正常
two,丹东市2013.txt,丹东市,2013,13373,正常
two,丹东市2014.txt,丹东市,2014,11707,正常
two,丹东市2015.txt,丹东市,2015,11617,正常
two,丹东市2016.txt,丹东市,2016,16845,正常
two,丹东市2017.txt,丹东市,2017,13191,正常
two,丹东市2018.txt,丹东市,2018,15863,正常
two,丹东市2019.txt,丹东市,2019,13450,正常
two,丹东市2020.txt,丹东市,2020,14348,正常
two,丹东市2021.txt,丹东市,2021,14393,正常
two,丹东市2022.txt,丹东市,2022,15848,正常
two,丹东市2023.txt,丹东市,2023,14397,正常
two,丹东市2024.txt,丹东市,2024,16470,正常
two,丹东市2025.txt,丹东市,2025,13895,正常
two,丽水市2003.txt,丽水市,2003,16108,正常
two,丽水市2004.txt,丽水市,2004,13168,正常
two,丽水市2005.txt,丽水市,2005,14547,正常
two,丽水市2006.txt,丽水市,2006,17187,正常
two,丽水市2007.txt,丽水市,2007,16643,正常
two,丽水市2008.txt,丽水市,2008,17291,正常
two,丽水市2009.txt,丽水市,2009,13359,正常
two,丽水市2010.txt,丽水市,2010,14557,正常
two,丽水市2011.txt,丽水市,2011,16128,正常
two,丽水市2012.txt,丽水市,2012,22902,正常
two,丽水市2013.txt,丽水市,2013,15859,正常
two,丽水市2014.txt,丽水市,2014,12441,正常
two,丽水市2015.txt,丽水市,2015,14609,正常
two,丽水市2016.txt,丽水市,2016,16527,正常
two,丽水市2017.txt,丽水市,2017,16639,正常
two,丽水市2018.txt,丽水市,2018,16797,正常
two,丽水市2019.txt,丽水市,2019,15312,正常
two,丽水市2020.txt,丽水市,2020,17544,正常
two,丽水市2021.txt,丽水市,2021,20281,正常
two,丽水市2022.txt,丽水市,2022,16887,正常
two,丽水市2023.txt,丽水市,2023,18438,正常
two,丽水市2024.txt,丽水市,2024,14006,正常
two,丽水市2025.txt,丽水市,2025,13687,正常
two,丽江市2003.txt,丽江市,2003,16122,正常
two,丽江市2004.txt,丽江市,2004,13174,正常
two,丽江市2005.txt,丽江市,2005,14556,正常
two,丽江市2006.txt,丽江市,2006,17206,正常
two,丽江市2007.txt,丽江市,2007,16629,正常
two,丽江市2008.txt,丽江市,2008,17284,正常
two,丽江市2009.txt,丽江市,2009,13370,正常
two,丽江市2010.txt,丽江市,2010,14636,正常
two,丽江市2011.txt,丽江市,2011,16138,正常
two,丽江市2012.txt,丽江市,2012,22986,正常
two,丽江市2013.txt,丽江市,2013,15880,正常
two,丽江市2014.txt,丽江市,2014,12489,正常
two,丽江市2015.txt,丽江市,2015,19184,正常
two,丽江市2016.txt,丽江市,2016,20467,正常
two,丽江市2017.txt,丽江市,2017,16905,正常
two,丽江市2018.txt,丽江市,2018,19854,正常
two,丽江市2019.txt,丽江市,2019,18556,正常
two,丽江市2020.txt,丽江市,2020,21558,正常
two,丽江市2021.txt,丽江市,2021,18157,正常
two,丽江市2022.txt,丽江市,2022,17825,正常
two,丽江市2023.txt,丽江市,2023,18845,正常
two,丽江市2024.txt,丽江市,2024,17140,正常
two,丽江市2025.txt,丽江市,2025,17729,正常
two,乌兰察布市2003.txt,乌兰察布市,2003,1,空文件
two,乌兰察布市2004.txt,乌兰察布市,2004,1,空文件
two,乌兰察布市2005.txt,乌兰察布市,2005,1,空文件
two,乌兰察布市2006.txt,乌兰察布市,2006,1,空文件
two,乌兰察布市2007.txt,乌兰察布市,2007,1,空文件
two,乌兰察布市2008.txt,乌兰察布市,2008,1,空文件
two,乌兰察布市2009.txt,乌兰察布市,2009,1,空文件
two,乌兰察布市2010.txt,乌兰察布市,2010,1,空文件
two,乌兰察布市2011.txt,乌兰察布市,2011,1,空文件
two,乌兰察布市2012.txt,乌兰察布市,2012,1,空文件
two,乌兰察布市2013.txt,乌兰察布市,2013,1,空文件
two,乌兰察布市2014.txt,乌兰察布市,2014,15009,正常
two,乌兰察布市2015.txt,乌兰察布市,2015,14612,正常
two,乌兰察布市2016.txt,乌兰察布市,2016,19001,正常
two,乌兰察布市2017.txt,乌兰察布市,2017,15674,正常
two,乌兰察布市2018.txt,乌兰察布市,2018,21289,正常
two,乌兰察布市2019.txt,乌兰察布市,2019,15762,正常
two,乌兰察布市2020.txt,乌兰察布市,2020,13334,正常
two,乌兰察布市2021.txt,乌兰察布市,2021,12998,正常
two,乌兰察布市2022.txt,乌兰察布市,2022,13063,正常
two,乌兰察布市2023.txt,乌兰察布市,2023,16056,正常
two,乌兰察布市2024.txt,乌兰察布市,2024,14468,正常
two,乌兰察布市2025.txt,乌兰察布市,2025,11352,正常
two,乌海市2003.txt,乌海市,2003,1,空文件
two,乌海市2004.txt,乌海市,2004,1,空文件
two,乌海市2005.txt,乌海市,2005,1,空文件
two,乌海市2006.txt,乌海市,2006,16018,正常
two,乌海市2007.txt,乌海市,2007,16001,正常
two,乌海市2008.txt,乌海市,2008,16001,正常
two,乌海市2009.txt,乌海市,2009,16024,正常
two,乌海市2010.txt,乌海市,2010,15260,正常
two,乌海市2011.txt,乌海市,2011,15607,正常
two,乌海市2012.txt,乌海市,2012,14482,正常
two,乌海市2013.txt,乌海市,2013,16432,正常
two,乌海市2014.txt,乌海市,2014,14543,正常
two,乌海市2015.txt,乌海市,2015,15985,正常
two,乌海市2016.txt,乌海市,2016,15905,正常
two,乌海市2017.txt,乌海市,2017,15910,正常
two,乌海市2018.txt,乌海市,2018,16186,正常
two,乌海市2019.txt,乌海市,2019,13536,正常
two,乌海市2020.txt,乌海市,2020,13004,正常
two,乌海市2021.txt,乌海市,2021,17374,正常
two,乌海市2022.txt,乌海市,2022,19478,正常
two,乌海市2023.txt,乌海市,2023,16446,正常
two,乌海市2024.txt,乌海市,2024,12890,正常
two,乌海市2025.txt,乌海市,2025,10871,正常
two,乌鲁木齐市2003.txt,乌鲁木齐市,2003,1,空文件
two,乌鲁木齐市2004.txt,乌鲁木齐市,2004,1,空文件
two,乌鲁木齐市2005.txt,乌鲁木齐市,2005,1,空文件
two,乌鲁木齐市2006.txt,乌鲁木齐市,2006,1,空文件
two,乌鲁木齐市2007.txt,乌鲁木齐市,2007,1,空文件
two,乌鲁木齐市2008.txt,乌鲁木齐市,2008,1,空文件
two,乌鲁木齐市2009.txt,乌鲁木齐市,2009,1,空文件
two,乌鲁木齐市2010.txt,乌鲁木齐市,2010,1,空文件
two,乌鲁木齐市2011.txt,乌鲁木齐市,2011,1,空文件
two,乌鲁木齐市2012.txt,乌鲁木齐市,2012,1,空文件
two,乌鲁木齐市2013.txt,乌鲁木齐市,2013,1,空文件
two,乌鲁木齐市2014.txt,乌鲁木齐市,2014,17450,正常
two,乌鲁木齐市2015.txt,乌鲁木齐市,2015,15954,正常
two,乌鲁木齐市2016.txt,乌鲁木齐市,2016,20389,正常
two,乌鲁木齐市2017.txt,乌鲁木齐市,2017,20649,正常
two,乌鲁木齐市2018.txt,乌鲁木齐市,2018,19903,正常
two,乌鲁木齐市2019.txt,乌鲁木齐市,2019,20612,正常
two,乌鲁木齐市2020.txt,乌鲁木齐市,2020,19992,正常
two,乌鲁木齐市2021.txt,乌鲁木齐市,2021,27612,正常
two,乌鲁木齐市2022.txt,乌鲁木齐市,2022,22674,正常
two,乌鲁木齐市2023.txt,乌鲁木齐市,2023,14334,正常
two,乌鲁木齐市2024.txt,乌鲁木齐市,2024,24174,正常
two,乌鲁木齐市2025.txt,乌鲁木齐市,2025,16185,正常
two,乐山市2003.txt,乐山市,2003,15318,正常
two,乐山市2004.txt,乐山市,2004,13450,正常
two,乐山市2005.txt,乐山市,2005,19206,正常
two,乐山市2006.txt,乐山市,2006,16037,正常
two,乐山市2007.txt,乐山市,2007,19724,正常
two,乐山市2008.txt,乐山市,2008,15536,正常
two,乐山市2009.txt,乐山市,2009,13391,正常
two,乐山市2010.txt,乐山市,2010,11714,正常
two,乐山市2011.txt,乐山市,2011,15405,正常
two,乐山市2012.txt,乐山市,2012,9976,正常
two,乐山市2013.txt,乐山市,2013,10483,正常
two,乐山市2014.txt,乐山市,2014,13442,正常
two,乐山市2015.txt,乐山市,2015,16190,正常
two,乐山市2016.txt,乐山市,2016,16180,正常
two,乐山市2017.txt,乐山市,2017,12836,正常
two,乐山市2018.txt,乐山市,2018,13723,正常
two,乐山市2019.txt,乐山市,2019,18643,正常
two,乐山市2020.txt,乐山市,2020,20829,正常
two,乐山市2021.txt,乐山市,2021,23832,正常
two,乐山市2022.txt,乐山市,2022,17295,正常
two,乐山市2023.txt,乐山市,2023,24039,正常
two,乐山市2024.txt,乐山市,2024,21026,正常
two,乐山市2025.txt,乐山市,2025,12611,正常
two,九江市2003.txt,九江市,2003,14304,正常
two,九江市2004.txt,九江市,2004,14305,正常
two,九江市2005.txt,九江市,2005,11677,正常
two,九江市2006.txt,九江市,2006,15383,正常
two,九江市2007.txt,九江市,2007,18815,正常
two,九江市2008.txt,九江市,2008,23226,正常
two,九江市2009.txt,九江市,2009,24861,正常
two,九江市2010.txt,九江市,2010,20521,正常
two,九江市2011.txt,九江市,2011,19247,正常
two,九江市2012.txt,九江市,2012,17493,正常
two,九江市2013.txt,九江市,2013,19222,正常
two,九江市2014.txt,九江市,2014,16244,正常
two,九江市2015.txt,九江市,2015,16908,正常
two,九江市2016.txt,九江市,2016,18505,正常
two,九江市2017.txt,九江市,2017,13368,正常
two,九江市2018.txt,九江市,2018,15698,正常
two,九江市2019.txt,九江市,2019,19233,正常
two,九江市2020.txt,九江市,2020,17445,正常
two,九江市2021.txt,九江市,2021,17583,正常
two,九江市2022.txt,九江市,2022,11490,正常
two,九江市2023.txt,九江市,2023,11762,正常
two,九江市2024.txt,九江市,2024,14573,正常
two,九江市2025.txt,九江市,2025,10631,正常
two,云浮市2003.txt,云浮市,2003,15074,正常
two,云浮市2004.txt,云浮市,2004,13197,正常
two,云浮市2005.txt,云浮市,2005,17132,正常
two,云浮市2006.txt,云浮市,2006,20431,正常
two,云浮市2007.txt,云浮市,2007,18239,正常
two,云浮市2008.txt,云浮市,2008,14365,正常
two,云浮市2009.txt,云浮市,2009,13290,正常
two,云浮市2010.txt,云浮市,2010,14488,正常
two,云浮市2011.txt,云浮市,2011,16256,正常
two,云浮市2012.txt,云浮市,2012,14040,正常
two,云浮市2013.txt,云浮市,2013,13343,正常
two,云浮市2014.txt,云浮市,2014,15800,正常
two,云浮市2015.txt,云浮市,2015,16112,正常
two,云浮市2016.txt,云浮市,2016,18125,正常
two,云浮市2017.txt,云浮市,2017,13808,正常
two,云浮市2018.txt,云浮市,2018,14659,正常
two,云浮市2019.txt,云浮市,2019,12716,正常
two,云浮市2020.txt,云浮市,2020,9578,正常
two,云浮市2021.txt,云浮市,2021,14107,正常
two,云浮市2022.txt,云浮市,2022,18416,正常
two,云浮市2023.txt,云浮市,2023,23767,正常
two,云浮市2024.txt,云浮市,2024,271266,正常
two,云浮市_2025.txt,云浮市,2025,20567,正常
two,亳州市2003.txt,亳州市,2003,1,空文件
two,亳州市2004.txt,亳州市,2004,11366,正常
two,亳州市2005.txt,亳州市,2005,12053,正常
two,亳州市2006.txt,亳州市,2006,17498,正常
two,亳州市2007.txt,亳州市,2007,12653,正常
two,亳州市2008.txt,亳州市,2008,11643,正常
two,亳州市2009.txt,亳州市,2009,14323,正常
two,亳州市2010.txt,亳州市,2010,13596,正常
two,亳州市2011.txt,亳州市,2011,18351,正常
two,亳州市2012.txt,亳州市,2012,14696,正常
two,亳州市2013.txt,亳州市,2013,12973,正常
two,亳州市2014.txt,亳州市,2014,18103,正常
two,亳州市2015.txt,亳州市,2015,15068,正常
two,亳州市2016.txt,亳州市,2016,20106,正常
two,亳州市2017.txt,亳州市,2017,23012,正常
two,亳州市2018.txt,亳州市,2018,20832,正常
two,亳州市2019.txt,亳州市,2019,20172,正常
two,亳州市2020.txt,亳州市,2020,20560,正常
two,亳州市2021.txt,亳州市,2021,22885,正常
two,亳州市2022.txt,亳州市,2022,18461,正常
two,亳州市2023.txt,亳州市,2023,16295,正常
two,亳州市2024.txt,亳州市,2024,20156,正常
two,亳州市_2025.txt,亳州市,2025,16037,正常
two,伊春市2003.txt,伊春市,2003,15192,正常
two,伊春市2004.txt,伊春市,2004,14730,正常
two,伊春市2005.txt,伊春市,2005,13244,正常
two,伊春市2006.txt,伊春市,2006,15648,正常
two,伊春市2007.txt,伊春市,2007,16030,正常
two,伊春市2008.txt,伊春市,2008,13952,正常
two,伊春市2009.txt,伊春市,2009,14210,正常
two,伊春市2010.txt,伊春市,2010,15162,正常
two,伊春市2011.txt,伊春市,2011,14127,正常
two,伊春市2012.txt,伊春市,2012,14738,正常
two,伊春市2013.txt,伊春市,2013,12056,正常
two,伊春市2014.txt,伊春市,2014,10019,正常
two,伊春市2015.txt,伊春市,2015,8007,正常
two,伊春市2016.txt,伊春市,2016,13463,正常
two,伊春市2017.txt,伊春市,2017,13128,正常
two,伊春市2018.txt,伊春市,2018,13632,正常
two,伊春市2019.txt,伊春市,2019,13605,正常
two,伊春市2020.txt,伊春市,2020,13441,正常
two,伊春市2021.txt,伊春市,2021,14143,正常
two,伊春市2022.txt,伊春市,2022,12248,正常
two,伊春市2023.txt,伊春市,2023,13885,正常
two,伊春市2024.txt,伊春市,2024,12084,正常
two,伊春市_2025.txt,伊春市,2025,10044,正常
two,佛山市2003.txt,佛山市,2003,16337,正常
two,佛山市2004.txt,佛山市,2004,14731,正常
two,佛山市2005.txt,佛山市,2005,15802,正常
two,佛山市2006.txt,佛山市,2006,17732,正常
two,佛山市2007.txt,佛山市,2007,17127,正常
two,佛山市2008.txt,佛山市,2008,16412,正常
two,佛山市2009.txt,佛山市,2009,17230,正常
two,佛山市2010.txt,佛山市,2010,12310,正常
two,佛山市2011.txt,佛山市,2011,9822,正常
two,佛山市2012.txt,佛山市,2012,13160,正常
two,佛山市2013.txt,佛山市,2013,17405,正常
two,佛山市2014.txt,佛山市,2014,17861,正常
two,佛山市2015.txt,佛山市,2015,15661,正常
two,佛山市2016.txt,佛山市,2016,17354,正常
two,佛山市2017.txt,佛山市,2017,20493,正常
two,佛山市2018.txt,佛山市,2018,22169,正常
two,佛山市2019.txt,佛山市,2019,21444,正常
two,佛山市2020.txt,佛山市,2020,14203,正常
two,佛山市2021.txt,佛山市,2021,22770,正常
two,佛山市2022.txt,佛山市,2022,21453,正常
two,佛山市2023.txt,佛山市,2023,22174,正常
two,佛山市2024.txt,佛山市,2024,25062,正常
two,佛山市_2025.txt,佛山市,2025,22111,正常
two,佳木斯市2003.txt,佳木斯市,2003,1,空文件
two,佳木斯市2004.txt,佳木斯市,2004,1,空文件
two,佳木斯市2005.txt,佳木斯市,2005,1,空文件
two,佳木斯市2006.txt,佳木斯市,2006,1,空文件
two,佳木斯市2007.txt,佳木斯市,2007,1,空文件
two,佳木斯市2008.txt,佳木斯市,2008,1,空文件
two,佳木斯市2009.txt,佳木斯市,2009,1,空文件
two,佳木斯市2010.txt,佳木斯市,2010,16746,正常
two,佳木斯市2011.txt,佳木斯市,2011,15161,正常
two,佳木斯市2012.txt,佳木斯市,2012,13605,正常
two,佳木斯市2013.txt,佳木斯市,2013,10144,正常
two,佳木斯市2014.txt,佳木斯市,2014,7994,正常
two,佳木斯市2015.txt,佳木斯市,2015,11931,正常
two,佳木斯市2016.txt,佳木斯市,2016,13002,正常
two,佳木斯市2017.txt,佳木斯市,2017,12383,正常
two,佳木斯市2018.txt,佳木斯市,2018,14993,正常
two,佳木斯市2019.txt,佳木斯市,2019,11815,正常
two,佳木斯市2020.txt,佳木斯市,2020,11623,正常
two,佳木斯市2021.txt,佳木斯市,2021,15895,正常
two,佳木斯市2022.txt,佳木斯市,2022,20391,正常
two,佳木斯市2023.txt,佳木斯市,2023,20283,正常
two,佳木斯市2024.txt,佳木斯市,2024,15825,正常
two,佳木斯市_2025.txt,佳木斯市,2025,14889,正常
two,保定市2003.txt,保定市,2003,17121,正常
two,保定市2004.txt,保定市,2004,16617,正常
two,保定市2005.txt,保定市,2005,15273,正常
two,保定市2006.txt,保定市,2006,18094,正常
two,保定市2007.txt,保定市,2007,18108,正常
two,保定市2008.txt,保定市,2008,16047,正常
two,保定市2009.txt,保定市,2009,18676,正常
two,保定市2010.txt,保定市,2010,19178,正常
two,保定市2011.txt,保定市,2011,19638,正常
two,保定市2012.txt,保定市,2012,16819,正常
two,保定市2013.txt,保定市,2013,13672,正常
two,保定市2014.txt,保定市,2014,13927,正常
two,保定市2015.txt,保定市,2015,15987,正常
two,保定市2016.txt,保定市,2016,17218,正常
two,保定市2017.txt,保定市,2017,18375,正常
two,保定市2018.txt,保定市,2018,16806,正常
two,保定市2019.txt,保定市,2019,18395,正常
two,保定市2020.txt,保定市,2020,10473,正常
two,保定市2021.txt,保定市,2021,25257,正常
two,保定市2022.txt,保定市,2022,20149,正常
two,保定市2023.txt,保定市,2023,23857,正常
two,保定市2024.txt,保定市,2024,12599,正常
two,保定市_2025.txt,保定市,2025,10735,正常
two,保山市2003.txt,保山市,2003,16519,正常
two,保山市2004.txt,保山市,2004,17877,正常
two,保山市2005.txt,保山市,2005,15987,正常
two,保山市2006.txt,保山市,2006,17033,正常
two,保山市2007.txt,保山市,2007,17509,正常
two,保山市2008.txt,保山市,2008,16789,正常
two,保山市2009.txt,保山市,2009,15467,正常
two,保山市2010.txt,保山市,2010,16896,正常
two,保山市2011.txt,保山市,2011,19538,正常
two,保山市2012.txt,保山市,2012,20402,正常
two,保山市2013.txt,保山市,2013,16106,正常
two,保山市2014.txt,保山市,2014,16239,正常
two,保山市2015.txt,保山市,2015,17281,正常
two,保山市2016.txt,保山市,2016,16713,正常
two,保山市2017.txt,保山市,2017,14526,正常
two,保山市2018.txt,保山市,2018,15313,正常
two,保山市2019.txt,保山市,2019,15717,正常
two,保山市2020.txt,保山市,2020,15302,正常
two,保山市2021.txt,保山市,2021,17663,正常
two,保山市2022.txt,保山市,2022,17727,正常
two,保山市2023.txt,保山市,2023,13728,正常
two,保山市2024.txt,保山市,2024,14073,正常
two,保山市_2025.txt,保山市,2025,11442,正常
two,信阳市2003.txt,信阳市,2003,1,空文件
two,信阳市2004.txt,信阳市,2004,12761,正常
two,信阳市2005.txt,信阳市,2005,13021,正常
two,信阳市2006.txt,信阳市,2006,14166,正常
two,信阳市2007.txt,信阳市,2007,15401,正常
two,信阳市2008.txt,信阳市,2008,16190,正常
two,信阳市2009.txt,信阳市,2009,18010,正常
two,信阳市2010.txt,信阳市,2010,16737,正常
two,信阳市2011.txt,信阳市,2011,16779,正常
two,信阳市2012.txt,信阳市,2012,16462,正常
two,信阳市2013.txt,信阳市,2013,16267,正常
two,信阳市2014.txt,信阳市,2014,18625,正常
two,信阳市2015.txt,信阳市,2015,17862,正常
two,信阳市2016.txt,信阳市,2016,18923,正常
two,信阳市2017.txt,信阳市,2017,18146,正常
two,信阳市2018.txt,信阳市,2018,17760,正常
two,信阳市2019.txt,信阳市,2019,16309,正常
two,信阳市2020.txt,信阳市,2020,11450,正常
two,信阳市2021.txt,信阳市,2021,18616,正常
two,信阳市2022.txt,信阳市,2022,11678,正常
two,信阳市2023.txt,信阳市,2023,11719,正常
two,信阳市2024.txt,信阳市,2024,11046,正常
two,信阳市_2025.txt,信阳市,2025,9973,正常
two,克拉玛依市2003.txt,克拉玛依市,2003,1,空文件
two,克拉玛依市2004.txt,克拉玛依市,2004,1,空文件
two,克拉玛依市2005.txt,克拉玛依市,2005,1,空文件
two,克拉玛依市2006.txt,克拉玛依市,2006,1,空文件
two,克拉玛依市2007.txt,克拉玛依市,2007,1,空文件
two,克拉玛依市2008.txt,克拉玛依市,2008,1,空文件
two,克拉玛依市2009.txt,克拉玛依市,2009,1,空文件
two,克拉玛依市2010.txt,克拉玛依市,2010,1,空文件
two,克拉玛依市2011.txt,克拉玛依市,2011,1,空文件
two,克拉玛依市2012.txt,克拉玛依市,2012,1,空文件
two,克拉玛依市2013.txt,克拉玛依市,2013,1,空文件
two,克拉玛依市2014.txt,克拉玛依市,2014,2,空文件
two,克拉玛依市2015.txt,克拉玛依市,2015,2,空文件
two,克拉玛依市2016.txt,克拉玛依市,2016,14603,正常
two,克拉玛依市2017.txt,克拉玛依市,2017,14572,正常
two,克拉玛依市2018.txt,克拉玛依市,2018,16270,正常
two,克拉玛依市2019.txt,克拉玛依市,2019,18579,正常
two,克拉玛依市2020.txt,克拉玛依市,2020,18072,正常
two,克拉玛依市2021.txt,克拉玛依市,2021,24405,正常
two,克拉玛依市2022.txt,克拉玛依市,2022,25851,正常
two,克拉玛依市2023.txt,克拉玛依市,2023,21306,正常
two,克拉玛依市2024.txt,克拉玛依市,2024,17796,正常
two,克拉玛依市_2025.txt,克拉玛依市,2025,19109,正常
two,六安市2003.txt,六安市,2003,1,空文件
two,六安市2004.txt,六安市,2004,14202,正常
two,六安市2005.txt,六安市,2005,13904,正常
two,六安市2006.txt,六安市,2006,13215,正常
two,六安市2007.txt,六安市,2007,6487,正常
two,六安市2008.txt,六安市,2008,13523,正常
two,六安市2009.txt,六安市,2009,14434,正常
two,六安市2010.txt,六安市,2010,15457,正常
two,六安市2011.txt,六安市,2011,8341,正常
two,六安市2012.txt,六安市,2012,8721,正常
two,六安市2013.txt,六安市,2013,13854,正常
two,六安市2014.txt,六安市,2014,16375,正常
two,六安市2015.txt,六安市,2015,15257,正常
two,六安市2016.txt,六安市,2016,17633,正常
two,六安市2017.txt,六安市,2017,15031,正常
two,六安市2018.txt,六安市,2018,17348,正常
two,六安市2019.txt,六安市,2019,14923,正常
two,六安市2020.txt,六安市,2020,15749,正常
two,六安市2021.txt,六安市,2021,17520,正常
two,六安市2022.txt,六安市,2022,17195,正常
two,六安市2023.txt,六安市,2023,14270,正常
two,六安市2024.txt,六安市,2024,11740,正常
two,六安市_2025.txt,六安市,2025,12077,正常
two,六盘水市2003.txt,六盘水市,2003,16500,正常
two,六盘水市2004.txt,六盘水市,2004,20716,正常
two,六盘水市2005.txt,六盘水市,2005,17096,正常
two,六盘水市2006.txt,六盘水市,2006,16716,正常
two,六盘水市2007.txt,六盘水市,2007,16143,正常
two,六盘水市2008.txt,六盘水市,2008,16441,正常
two,六盘水市2009.txt,六盘水市,2009,15161,正常
two,六盘水市2010.txt,六盘水市,2010,16319,正常
two,六盘水市2011.txt,六盘水市,2011,16762,正常
two,六盘水市2012.txt,六盘水市,2012,17467,正常
two,六盘水市2013.txt,六盘水市,2013,13547,正常
two,六盘水市2014.txt,六盘水市,2014,16080,正常
two,六盘水市2015.txt,六盘水市,2015,16458,正常
two,六盘水市2016.txt,六盘水市,2016,16380,正常
two,六盘水市2017.txt,六盘水市,2017,16791,正常
two,六盘水市2018.txt,六盘水市,2018,17482,正常
two,六盘水市2019.txt,六盘水市,2019,15739,正常
two,六盘水市2020.txt,六盘水市,2020,23138,正常
two,六盘水市2021.txt,六盘水市,2021,22682,正常
two,六盘水市2022.txt,六盘水市,2022,14902,正常
two,六盘水市2023.txt,六盘水市,2023,14867,正常
two,六盘水市2024.txt,六盘水市,2024,19769,正常
two,六盘水市_2025.txt,六盘水市,2025,22480,正常
two,兰州市2003.txt,兰州市,2003,1,空文件
two,兰州市2004.txt,兰州市,2004,1,空文件
two,兰州市2005.txt,兰州市,2005,1,空文件
two,兰州市2006.txt,兰州市,2006,14886,正常
two,兰州市2007.txt,兰州市,2007,3285,正常
two,兰州市2008.txt,兰州市,2008,28,空文件
two,兰州市2009.txt,兰州市,2009,10708,正常
two,兰州市2010.txt,兰州市,2010,8737,正常
two,兰州市2011.txt,兰州市,2011,10459,正常
two,兰州市2012.txt,兰州市,2012,11225,正常
two,兰州市2013.txt,兰州市,2013,8741,正常
two,兰州市2014.txt,兰州市,2014,7896,正常
two,兰州市2015.txt,兰州市,2015,9849,正常
two,兰州市2016.txt,兰州市,2016,9454,正常
two,兰州市2017.txt,兰州市,2017,18083,正常
two,兰州市2018.txt,兰州市,2018,2,空文件
two,兰州市2019.txt,兰州市,2019,22683,正常
two,兰州市2020.txt,兰州市,2020,17367,正常
two,兰州市2021.txt,兰州市,2021,22364,正常
two,兰州市2022.txt,兰州市,2022,22037,正常
two,兰州市2023.txt,兰州市,2023,18683,正常
two,兰州市2024.txt,兰州市,2024,18736,正常
two,兰州市_2025.txt,兰州市,2025,22509,正常
two,内江市2003.txt,内江市,2003,1,空文件
two,内江市2004.txt,内江市,2004,14107,正常
two,内江市2005.txt,内江市,2005,16177,正常
two,内江市2006.txt,内江市,2006,16083,正常
two,内江市2007.txt,内江市,2007,15785,正常
two,内江市2008.txt,内江市,2008,16435,正常
two,内江市2009.txt,内江市,2009,15594,正常
two,内江市2010.txt,内江市,2010,16343,正常
two,内江市2011.txt,内江市,2011,17270,正常
two,内江市2012.txt,内江市,2012,14316,正常
two,内江市2013.txt,内江市,2013,15533,正常
two,内江市2014.txt,内江市,2014,14681,正常
two,内江市2015.txt,内江市,2015,15655,正常
two,内江市2016.txt,内江市,2016,16297,正常
two,内江市2017.txt,内江市,2017,12357,正常
two,内江市2018.txt,内江市,2018,14855,正常
two,内江市2019.txt,内江市,2019,13738,正常
two,内江市2020.txt,内江市,2020,14054,正常
two,内江市2021.txt,内江市,2021,17588,正常
two,内江市2022.txt,内江市,2022,11450,正常
two,内江市2023.txt,内江市,2023,16554,正常
two,内江市2024.txt,内江市,2024,17739,正常
two,内江市_2025.txt,内江市,2025,20224,正常
two,包头市2003.txt,包头市,2003,16928,正常
two,包头市2004.txt,包头市,2004,13866,正常
two,包头市2005.txt,包头市,2005,14613,正常
two,包头市2006.txt,包头市,2006,16543,正常
two,包头市2007.txt,包头市,2007,16357,正常
two,包头市2008.txt,包头市,2008,20972,正常
two,包头市2009.txt,包头市,2009,18728,正常
two,包头市2010.txt,包头市,2010,20273,正常
two,包头市2011.txt,包头市,2011,18684,正常
two,包头市2012.txt,包头市,2012,15785,正常
two,包头市2013.txt,包头市,2013,20659,正常
two,包头市2014.txt,包头市,2014,9764,正常
two,包头市2015.txt,包头市,2015,15773,正常
two,包头市2016.txt,包头市,2016,19744,正常
two,包头市2017.txt,包头市,2017,19532,正常
two,包头市2018.txt,包头市,2018,20952,正常
two,包头市2019.txt,包头市,2019,19538,正常
two,包头市2020.txt,包头市,2020,15820,正常
two,包头市2021.txt,包头市,2021,17377,正常
two,包头市2022.txt,包头市,2022,26890,正常
two,包头市2023.txt,包头市,2023,20382,正常
two,包头市2024.txt,包头市,2024,25381,正常
two,包头市_2025.txt,包头市,2025,10293,正常
two,北海市2003.txt,北海市,2003,1,空文件
two,北海市2004.txt,北海市,2004,1,空文件
two,北海市2005.txt,北海市,2005,1,空文件
two,北海市2006.txt,北海市,2006,1,空文件
two,北海市2007.txt,北海市,2007,1,空文件
two,北海市2008.txt,北海市,2008,1,空文件
two,北海市2009.txt,北海市,2009,1,空文件
two,北海市2010.txt,北海市,2010,1,空文件
two,北海市2011.txt,北海市,2011,7551,正常
two,北海市2012.txt,北海市,2012,15962,正常
two,北海市2013.txt,北海市,2013,18344,正常
two,北海市2014.txt,北海市,2014,16758,正常
two,北海市2015.txt,北海市,2015,15295,正常
two,北海市2016.txt,北海市,2016,18884,正常
two,北海市2017.txt,北海市,2017,19528,正常
two,北海市2018.txt,北海市,2018,18274,正常
two,北海市2019.txt,北海市,2019,18440,正常
two,北海市2020.txt,北海市,2020,24149,正常
two,北海市2021.txt,北海市,2021,15906,正常
two,北海市2022.txt,北海市,2022,15537,正常
two,北海市2023.txt,北海市,2023,17885,正常
two,北海市2024.txt,北海市,2024,18092,正常
two,北海市_2025.txt,北海市,2025,16270,正常
two,十堰市2003.txt,十堰市,2003,11980,正常
two,十堰市2004.txt,十堰市,2004,11908,正常
two,十堰市2005.txt,十堰市,2005,15392,正常
two,十堰市2006.txt,十堰市,2006,13610,正常
two,十堰市2007.txt,十堰市,2007,11227,正常
two,十堰市2008.txt,十堰市,2008,12644,正常
two,十堰市2009.txt,十堰市,2009,15497,正常
two,十堰市2010.txt,十堰市,2010,15749,正常
two,十堰市2011.txt,十堰市,2011,14432,正常
two,十堰市2012.txt,十堰市,2012,15635,正常
two,十堰市2013.txt,十堰市,2013,16679,正常
two,十堰市2014.txt,十堰市,2014,15601,正常
two,十堰市2015.txt,十堰市,2015,15237,正常
two,十堰市2016.txt,十堰市,2016,17019,正常
two,十堰市2017.txt,十堰市,2017,10805,正常
two,十堰市2018.txt,十堰市,2018,10814,正常
two,十堰市2019.txt,十堰市,2019,10912,正常
two,十堰市2020.txt,十堰市,2020,13019,正常
two,十堰市2021.txt,十堰市,2021,18912,正常
two,十堰市2022.txt,十堰市,2022,15197,正常
two,十堰市2023.txt,十堰市,2023,15759,正常
two,十堰市2024.txt,十堰市,2024,17354,正常
two,十堰市_2025.txt,十堰市,2025,16831,正常
two,南京市2003.txt,南京市,2003,1,空文件
two,南京市2004.txt,南京市,2004,15873,正常
two,南京市2005.txt,南京市,2005,15903,正常
two,南京市2006.txt,南京市,2006,16955,正常
two,南京市2007.txt,南京市,2007,16104,正常
two,南京市2008.txt,南京市,2008,16229,正常
two,南京市2009.txt,南京市,2009,15489,正常
two,南京市2010.txt,南京市,2010,17183,正常
two,南京市2011.txt,南京市,2011,17142,正常
two,南京市2012.txt,南京市,2012,15601,正常
two,南京市2013.txt,南京市,2013,15047,正常
two,南京市2014.txt,南京市,2014,14487,正常
two,南京市2015.txt,南京市,2015,16335,正常
two,南京市2016.txt,南京市,2016,17380,正常
two,南京市2017.txt,南京市,2017,18956,正常
two,南京市2018.txt,南京市,2018,22488,正常
two,南京市2019.txt,南京市,2019,18202,正常
two,南京市2020.txt,南京市,2020,17417,正常
two,南京市2021.txt,南京市,2021,18866,正常
two,南京市2022.txt,南京市,2022,16271,正常
two,南京市2023.txt,南京市,2023,16555,正常
two,南京市2024.txt,南京市,2024,15993,正常
two,南京市_2025.txt,南京市,2025,16441,正常
two,南充市2003.txt,南充市,2003,1,空文件
two,南充市2004.txt,南充市,2004,1,空文件
two,南充市2005.txt,南充市,2005,1,空文件
two,南充市2006.txt,南充市,2006,15249,正常
two,南充市2007.txt,南充市,2007,15539,正常
two,南充市2008.txt,南充市,2008,17906,正常
two,南充市2009.txt,南充市,2009,6380,正常
two,南充市2010.txt,南充市,2010,12423,正常
two,南充市2011.txt,南充市,2011,16268,正常
two,南充市2012.txt,南充市,2012,15695,正常
two,南充市2013.txt,南充市,2013,6492,正常
two,南充市2014.txt,南充市,2014,10483,正常
two,南充市2015.txt,南充市,2015,9517,正常
two,南充市2016.txt,南充市,2016,12425,正常
two,南充市2017.txt,南充市,2017,17132,正常
two,南充市2018.txt,南充市,2018,15044,正常
two,南充市2019.txt,南充市,2019,17619,正常
two,南充市2020.txt,南充市,2020,18205,正常
two,南充市2021.txt,南充市,2021,22618,正常
two,南充市2022.txt,南充市,2022,17474,正常
two,南充市2023.txt,南充市,2023,17817,正常
two,南充市2024.txt,南充市,2024,18777,正常
two,南充市_2025.txt,南充市,2025,20894,正常
two,南宁市2003.txt,南宁市,2003,18849,正常
two,南宁市2004.txt,南宁市,2004,16309,正常
two,南宁市2005.txt,南宁市,2005,18966,正常
two,南宁市2006.txt,南宁市,2006,24255,正常
two,南宁市2007.txt,南宁市,2007,20827,正常
two,南宁市2008.txt,南宁市,2008,17736,正常
two,南宁市2009.txt,南宁市,2009,19556,正常
two,南宁市2010.txt,南宁市,2010,21288,正常
two,南宁市2011.txt,南宁市,2011,26721,正常
two,南宁市2012.txt,南宁市,2012,21985,正常
two,南宁市2013.txt,南宁市,2013,2,空文件
two,南宁市2014.txt,南宁市,2014,18728,正常
two,南宁市2015.txt,南宁市,2015,2,空文件
two,南宁市2016.txt,南宁市,2016,27025,正常
two,南宁市2017.txt,南宁市,2017,24148,正常
two,南宁市2018.txt,南宁市,2018,23992,正常
two,南宁市2019.txt,南宁市,2019,20809,正常
two,南宁市2020.txt,南宁市,2020,12729,正常
two,南宁市2021.txt,南宁市,2021,17166,正常
two,南宁市2022.txt,南宁市,2022,22031,正常
two,南宁市2023.txt,南宁市,2023,21364,正常
two,南宁市2024.txt,南宁市,2024,24139,正常
two,南宁市_2025.txt,南宁市,2025,25324,正常
two,南平市2003.txt,南平市,2003,16248,正常
two,南平市2004.txt,南平市,2004,17784,正常
two,南平市2005.txt,南平市,2005,17971,正常
two,南平市2006.txt,南平市,2006,27109,正常
two,南平市2007.txt,南平市,2007,25629,正常
two,南平市2008.txt,南平市,2008,15482,正常
two,南平市2009.txt,南平市,2009,9548,正常
two,南平市2010.txt,南平市,2010,13838,正常
two,南平市2011.txt,南平市,2011,17478,正常
two,南平市2012.txt,南平市,2012,15113,正常
two,南平市2013.txt,南平市,2013,12661,正常
two,南平市2014.txt,南平市,2014,11994,正常
two,南平市2015.txt,南平市,2015,11981,正常
two,南平市2016.txt,南平市,2016,13589,正常
two,南平市2017.txt,南平市,2017,15497,正常
two,南平市2018.txt,南平市,2018,16267,正常
two,南平市2019.txt,南平市,2019,16868,正常
two,南平市2020.txt,南平市,2020,16738,正常
two,南平市2021.txt,南平市,2021,17576,正常
two,南平市2022.txt,南平市,2022,14394,正常
two,南平市2023.txt,南平市,2023,17288,正常
two,南平市2024.txt,南平市,2024,9989,正常
two,南平市_2025.txt,南平市,2025,12884,正常
two,南昌市2003.txt,南昌市,2003,12329,正常
two,南昌市2004.txt,南昌市,2004,15649,正常
two,南昌市2005.txt,南昌市,2005,15481,正常
two,南昌市2006.txt,南昌市,2006,16140,正常
two,南昌市2007.txt,南昌市,2007,17269,正常
two,南昌市2008.txt,南昌市,2008,15817,正常
two,南昌市2009.txt,南昌市,2009,15624,正常
two,南昌市2010.txt,南昌市,2010,16814,正常
two,南昌市2011.txt,南昌市,2011,21086,正常
two,南昌市2012.txt,南昌市,2012,13224,正常
two,南昌市2013.txt,南昌市,2013,10784,正常
two,南昌市2014.txt,南昌市,2014,12793,正常
two,南昌市2015.txt,南昌市,2015,13440,正常
two,南昌市2016.txt,南昌市,2016,16035,正常
two,南昌市2017.txt,南昌市,2017,15093,正常
two,南昌市2018.txt,南昌市,2018,18811,正常
two,南昌市2019.txt,南昌市,2019,22453,正常
two,南昌市2020.txt,南昌市,2020,19476,正常
two,南昌市2021.txt,南昌市,2021,20462,正常
two,南昌市2022.txt,南昌市,2022,17143,正常
two,南昌市2023.txt,南昌市,2023,17170,正常
two,南昌市2024.txt,南昌市,2024,19051,正常
two,南昌市_2025.txt,南昌市,2025,19617,正常
two,南通市2003.txt,南通市,2003,18499,正常
two,南通市2004.txt,南通市,2004,18881,正常
two,南通市2005.txt,南通市,2005,16930,正常
two,南通市2006.txt,南通市,2006,18461,正常
two,南通市2007.txt,南通市,2007,17226,正常
two,南通市2008.txt,南通市,2008,19737,正常
two,南通市2009.txt,南通市,2009,16887,正常
two,南通市2010.txt,南通市,2010,17338,正常
two,南通市2011.txt,南通市,2011,17961,正常
two,南通市2012.txt,南通市,2012,16989,正常
two,南通市2013.txt,南通市,2013,15366,正常
two,南通市2014.txt,南通市,2014,15451,正常
two,南通市2015.txt,南通市,2015,15515,正常
two,南通市2016.txt,南通市,2016,17348,正常
two,南通市2017.txt,南通市,2017,16808,正常
two,南通市2018.txt,南通市,2018,16832,正常
two,南通市2019.txt,南通市,2019,14826,正常
two,南通市2020.txt,南通市,2020,15023,正常
two,南通市2021.txt,南通市,2021,16940,正常
two,南通市2022.txt,南通市,2022,16814,正常
two,南通市2023.txt,南通市,2023,16243,正常
two,南通市2024.txt,南通市,2024,13998,正常
two,南通市2025.txt,南通市,2025,14432,正常
two,南通市_2025.txt,南通市,2025,14448,正常
two,南阳市2003.txt,南阳市,2003,14161,正常
two,南阳市2004.txt,南阳市,2004,15114,正常
two,南阳市2005.txt,南阳市,2005,16432,正常
two,南阳市2006.txt,南阳市,2006,17970,正常
two,南阳市2007.txt,南阳市,2007,14241,正常
two,南阳市2008.txt,南阳市,2008,15689,正常
two,南阳市2009.txt,南阳市,2009,15490,正常
two,南阳市2010.txt,南阳市,2010,13792,正常
two,南阳市2011.txt,南阳市,2011,17170,正常
two,南阳市2012.txt,南阳市,2012,16986,正常
two,南阳市2013.txt,南阳市,2013,16929,正常
two,南阳市2014.txt,南阳市,2014,17996,正常
two,南阳市2015.txt,南阳市,2015,16461,正常
two,南阳市2016.txt,南阳市,2016,18935,正常
two,南阳市2017.txt,南阳市,2017,19769,正常
two,南阳市2018.txt,南阳市,2018,20201,正常
two,南阳市2019.txt,南阳市,2019,24818,正常
two,南阳市2020.txt,南阳市,2020,19395,正常
two,南阳市2021.txt,南阳市,2021,17488,正常
two,南阳市2022.txt,南阳市,2022,19059,正常
two,南阳市2023.txt,南阳市,2023,16092,正常
two,南阳市2025.txt,南阳市,2025,23626,正常
two,南阳市_2025.txt,南阳市,2025,26427,正常
two,厦门市2003.txt,厦门市,2003,14738,正常
two,厦门市2004.txt,厦门市,2004,15556,正常
two,厦门市2005.txt,厦门市,2005,15331,正常
two,厦门市2006.txt,厦门市,2006,15795,正常
two,厦门市2007.txt,厦门市,2007,17455,正常
two,厦门市2008.txt,厦门市,2008,16012,正常
two,厦门市2009.txt,厦门市,2009,19198,正常
two,厦门市2010.txt,厦门市,2010,18031,正常
two,厦门市2011.txt,厦门市,2011,16832,正常
two,厦门市2012.txt,厦门市,2012,14898,正常
two,厦门市2013.txt,厦门市,2013,13173,正常
two,厦门市2014.txt,厦门市,2014,13181,正常
two,厦门市2015.txt,厦门市,2015,12530,正常
two,厦门市2016.txt,厦门市,2016,15478,正常
two,厦门市2017.txt,厦门市,2017,14036,正常
two,厦门市2018.txt,厦门市,2018,14131,正常
two,厦门市2019.txt,厦门市,2019,15498,正常
two,厦门市2020.txt,厦门市,2020,14818,正常
two,厦门市2021.txt,厦门市,2021,15264,正常
two,厦门市2022.txt,厦门市,2022,14507,正常
two,厦门市2023.txt,厦门市,2023,13655,正常
two,厦门市2024.txt,厦门市,2024,6498,正常
two,厦门市_2025.txt,厦门市,2025,15789,正常
two,双鸭山市2003.txt,双鸭山市,2003,1,空文件
two,双鸭山市2004.txt,双鸭山市,2004,1,空文件
two,双鸭山市2005.txt,双鸭山市,2005,1,空文件
two,双鸭山市2006.txt,双鸭山市,2006,1,空文件
two,双鸭山市2007.txt,双鸭山市,2007,1,空文件
two,双鸭山市2008.txt,双鸭山市,2008,1,空文件
two,双鸭山市2009.txt,双鸭山市,2009,13174,正常
two,双鸭山市2010.txt,双鸭山市,2010,1,空文件
two,双鸭山市2011.txt,双鸭山市,2011,5718,正常
two,双鸭山市2012.txt,双鸭山市,2012,1,空文件
two,双鸭山市2013.txt,双鸭山市,2013,8510,正常
two,双鸭山市2014.txt,双鸭山市,2014,2,空文件
two,双鸭山市2015.txt,双鸭山市,2015,12289,正常
two,双鸭山市2016.txt,双鸭山市,2016,17083,正常
two,双鸭山市2017.txt,双鸭山市,2017,21561,正常
two,双鸭山市2018.txt,双鸭山市,2018,17542,正常
two,双鸭山市2019.txt,双鸭山市,2019,13307,正常
two,双鸭山市2020.txt,双鸭山市,2020,11664,正常
two,双鸭山市2021.txt,双鸭山市,2021,12127,正常
two,双鸭山市2022.txt,双鸭山市,2022,11943,正常
two,双鸭山市2023.txt,双鸭山市,2023,14142,正常
two,双鸭山市2024.txt,双鸭山市,2024,12679,正常
two,双鸭山市_2025.txt,双鸭山市,2025,11836,正常
two,台州市2003.txt,台州市,2003,15860,正常
two,台州市2004.txt,台州市,2004,19480,正常
two,台州市2005.txt,台州市,2005,19508,正常
two,台州市2006.txt,台州市,2006,18936,正常
two,台州市2007.txt,台州市,2007,15235,正常
two,台州市2008.txt,台州市,2008,14387,正常
two,台州市2009.txt,台州市,2009,14971,正常
two,台州市2010.txt,台州市,2010,15118,正常
two,台州市2011.txt,台州市,2011,18198,正常
two,台州市2012.txt,台州市,2012,19096,正常
two,台州市2013.txt,台州市,2013,16038,正常
two,台州市2014.txt,台州市,2014,15753,正常
two,台州市2015.txt,台州市,2015,16921,正常
two,台州市2016.txt,台州市,2016,7605,正常
two,台州市2017.txt,台州市,2017,18316,正常
two,台州市2018.txt,台州市,2018,16906,正常
two,台州市2019.txt,台州市,2019,15454,正常
two,台州市2020.txt,台州市,2020,13221,正常
two,台州市2021.txt,台州市,2021,15760,正常
two,台州市2022.txt,台州市,2022,16009,正常
two,台州市2023.txt,台州市,2023,15336,正常
two,台州市2024.txt,台州市,2024,14741,正常
two,台州市_2025.txt,台州市,2025,14706,正常
two,合肥市2003.txt,合肥市,2003,1,空文件
two,合肥市2004.txt,合肥市,2004,1,空文件
two,合肥市2005.txt,合肥市,2005,1,空文件
two,合肥市2006.txt,合肥市,2006,17539,正常
two,合肥市2007.txt,合肥市,2007,15235,正常
two,合肥市2008.txt,合肥市,2008,17823,正常
two,合肥市2009.txt,合肥市,2009,15755,正常
two,合肥市2010.txt,合肥市,2010,16255,正常
two,合肥市2011.txt,合肥市,2011,19132,正常
two,合肥市2012.txt,合肥市,2012,18960,正常
two,合肥市2013.txt,合肥市,2013,18959,正常
two,合肥市2014.txt,合肥市,2014,5276,正常
two,合肥市2015.txt,合肥市,2015,16554,正常
two,合肥市2016.txt,合肥市,2016,19841,正常
two,合肥市2017.txt,合肥市,2017,14966,正常
two,合肥市2018.txt,合肥市,2018,17917,正常
two,合肥市2019.txt,合肥市,2019,14566,正常
two,合肥市2020.txt,合肥市,2020,13824,正常
two,合肥市2021.txt,合肥市,2021,18893,正常
two,合肥市2022.txt,合肥市,2022,18511,正常
two,合肥市2023.txt,合肥市,2023,17062,正常
two,合肥市2024.txt,合肥市,2024,17743,正常
two,合肥市_2025.txt,合肥市,2025,19551,正常
two,吉安市2003.txt,吉安市,2003,1,空文件
two,吉安市2004.txt,吉安市,2004,1,空文件
two,吉安市2005.txt,吉安市,2005,19183,正常
two,吉安市2006.txt,吉安市,2006,19183,正常
two,吉安市2007.txt,吉安市,2007,19183,正常
two,吉安市2008.txt,吉安市,2008,19183,正常
two,吉安市2009.txt,吉安市,2009,19183,正常
two,吉安市2010.txt,吉安市,2010,19182,正常
two,吉安市2011.txt,吉安市,2011,20366,正常
two,吉安市2012.txt,吉安市,2012,15667,正常
two,吉安市2013.txt,吉安市,2013,15565,正常
two,吉安市2014.txt,吉安市,2014,18486,正常
two,吉安市2015.txt,吉安市,2015,19223,正常
two,吉安市2016.txt,吉安市,2016,18433,正常
two,吉安市2017.txt,吉安市,2017,12225,正常
two,吉安市2018.txt,吉安市,2018,16083,正常
two,吉安市2019.txt,吉安市,2019,15527,正常
two,吉安市2020.txt,吉安市,2020,16866,正常
two,吉安市2021.txt,吉安市,2021,16367,正常
two,吉安市2022.txt,吉安市,2022,15980,正常
two,吉安市2023.txt,吉安市,2023,16140,正常
two,吉安市2024.txt,吉安市,2024,15913,正常
two,吉安市_2025.txt,吉安市,2025,15796,正常
two,吉林市2003.txt,吉林市,2003,1,空文件
two,吉林市2004.txt,吉林市,2004,1,空文件
two,吉林市2005.txt,吉林市,2005,1,空文件
two,吉林市2006.txt,吉林市,2006,1,空文件
two,吉林市2007.txt,吉林市,2007,1,空文件
two,吉林市2008.txt,吉林市,2008,1,空文件
two,吉林市2009.txt,吉林市,2009,1,空文件
two,吉林市2010.txt,吉林市,2010,1,空文件
two,吉林市2011.txt,吉林市,2011,13811,正常
two,吉林市2012.txt,吉林市,2012,13517,正常
two,吉林市2013.txt,吉林市,2013,18568,正常
two,吉林市2014.txt,吉林市,2014,12443,正常
two,吉林市2015.txt,吉林市,2015,11005,正常
two,吉林市2016.txt,吉林市,2016,14287,正常
two,吉林市2017.txt,吉林市,2017,14437,正常
two,吉林市2018.txt,吉林市,2018,13871,正常
two,吉林市2019.txt,吉林市,2019,16151,正常
two,吉林市2020.txt,吉林市,2020,14852,正常
two,吉林市2021.txt,吉林市,2021,13882,正常
two,吉林市2022.txt,吉林市,2022,17578,正常
two,吉林市2023.txt,吉林市,2023,15389,正常
two,吉林市2024.txt,吉林市,2024,15232,正常
two,吉林市_2025.txt,吉林市,2025,14246,正常
two,吕梁市2003.txt,吕梁市,2003,1,空文件
two,吕梁市2004.txt,吕梁市,2004,1,空文件
two,吕梁市2005.txt,吕梁市,2005,19008,正常
two,吕梁市2006.txt,吕梁市,2006,16716,正常
two,吕梁市2007.txt,吕梁市,2007,16705,正常
two,吕梁市2008.txt,吕梁市,2008,15884,正常
two,吕梁市2009.txt,吕梁市,2009,17263,正常
two,吕梁市2010.txt,吕梁市,2010,15715,正常
two,吕梁市2011.txt,吕梁市,2011,17326,正常
two,吕梁市2012.txt,吕梁市,2012,17801,正常
two,吕梁市2013.txt,吕梁市,2013,16824,正常
two,吕梁市2014.txt,吕梁市,2014,17328,正常
two,吕梁市2015.txt,吕梁市,2015,17621,正常
two,吕梁市2016.txt,吕梁市,2016,18117,正常
two,吕梁市2017.txt,吕梁市,2017,18290,正常
two,吕梁市2018.txt,吕梁市,2018,19611,正常
two,吕梁市2019.txt,吕梁市,2019,18853,正常
two,吕梁市2020.txt,吕梁市,2020,18438,正常
two,吕梁市2021.txt,吕梁市,2021,16251,正常
two,吕梁市2022.txt,吕梁市,2022,13672,正常
two,吕梁市2023.txt,吕梁市,2023,13428,正常
two,吕梁市2024.txt,吕梁市,2024,8918,正常
two,吕梁市_2025.txt,吕梁市,2025,10824,正常
two,吴忠市2003.txt,吴忠市,2003,10368,正常
two,吴忠市2004.txt,吴忠市,2004,15934,正常
two,吴忠市2005.txt,吴忠市,2005,14805,正常
two,吴忠市2006.txt,吴忠市,2006,15351,正常
two,吴忠市2007.txt,吴忠市,2007,13783,正常
two,吴忠市2008.txt,吴忠市,2008,18838,正常
two,吴忠市2009.txt,吴忠市,2009,16926,正常
two,吴忠市2010.txt,吴忠市,2010,16086,正常
two,吴忠市2011.txt,吴忠市,2011,14821,正常
two,吴忠市2012.txt,吴忠市,2012,14810,正常
two,吴忠市2013.txt,吴忠市,2013,19252,正常
two,吴忠市2014.txt,吴忠市,2014,12738,正常
two,吴忠市2015.txt,吴忠市,2015,14244,正常
two,吴忠市2016.txt,吴忠市,2016,16698,正常
two,吴忠市2017.txt,吴忠市,2017,16638,正常
two,吴忠市2018.txt,吴忠市,2018,15766,正常
two,吴忠市2019.txt,吴忠市,2019,19312,正常
two,吴忠市2020.txt,吴忠市,2020,16629,正常
two,吴忠市2021.txt,吴忠市,2021,17991,正常
two,吴忠市2022.txt,吴忠市,2022,17088,正常
two,吴忠市2023.txt,吴忠市,2023,11056,正常
two,吴忠市2024.txt,吴忠市,2024,10976,正常
two,吴忠市_2025.txt,吴忠市,2025,13127,正常
two,周口市2003.txt,周口市,2003,13395,正常
two,周口市2004.txt,周口市,2004,18110,正常
two,周口市2005.txt,周口市,2005,17376,正常
two,周口市2006.txt,周口市,2006,20144,正常
two,周口市2007.txt,周口市,2007,20614,正常
two,周口市2008.txt,周口市,2008,20605,正常
two,周口市2009.txt,周口市,2009,21183,正常
two,周口市2010.txt,周口市,2010,20955,正常
two,周口市2011.txt,周口市,2011,22253,正常
two,周口市2012.txt,周口市,2012,19852,正常
two,周口市2013.txt,周口市,2013,17887,正常
two,周口市2014.txt,周口市,2014,16958,正常
two,周口市2015.txt,周口市,2015,19140,正常
two,周口市2016.txt,周口市,2016,23158,正常
two,周口市2017.txt,周口市,2017,18127,正常
two,周口市2018.txt,周口市,2018,18334,正常
two,周口市2019.txt,周口市,2019,15718,正常
two,周口市2020.txt,周口市,2020,15774,正常
two,周口市2021.txt,周口市,2021,19471,正常
two,周口市2022.txt,周口市,2022,17924,正常
two,周口市2023.txt,周口市,2023,18812,正常
two,周口市2024.txt,周口市,2024,13144,正常
two,周口市_2025.txt,周口市,2025,13604,正常
two,呼伦贝尔市2003.txt,呼伦贝尔市,2003,1,空文件
two,呼伦贝尔市2004.txt,呼伦贝尔市,2004,1,空文件
two,呼伦贝尔市2005.txt,呼伦贝尔市,2005,14336,正常
two,呼伦贝尔市2006.txt,呼伦贝尔市,2006,16684,正常
two,呼伦贝尔市2007.txt,呼伦贝尔市,2007,15051,正常
two,呼伦贝尔市2008.txt,呼伦贝尔市,2008,18189,正常
two,呼伦贝尔市2009.txt,呼伦贝尔市,2009,14721,正常
two,呼伦贝尔市2010.txt,呼伦贝尔市,2010,15658,正常
two,呼伦贝尔市2011.txt,呼伦贝尔市,2011,15383,正常
two,呼伦贝尔市2012.txt,呼伦贝尔市,2012,12059,正常
two,呼伦贝尔市2013.txt,呼伦贝尔市,2013,14343,正常
two,呼伦贝尔市2014.txt,呼伦贝尔市,2014,12592,正常
two,呼伦贝尔市2015.txt,呼伦贝尔市,2015,13502,正常
two,呼伦贝尔市2016.txt,呼伦贝尔市,2016,16995,正常
two,呼伦贝尔市2017.txt,呼伦贝尔市,2017,12294,正常
two,呼伦贝尔市2018.txt,呼伦贝尔市,2018,16220,正常
two,呼伦贝尔市2019.txt,呼伦贝尔市,2019,15319,正常
two,呼伦贝尔市2020.txt,呼伦贝尔市,2020,15721,正常
two,呼伦贝尔市2021.txt,呼伦贝尔市,2021,18377,正常
two,呼伦贝尔市2022.txt,呼伦贝尔市,2022,17099,正常
two,呼伦贝尔市2023.txt,呼伦贝尔市,2023,23965,正常
two,呼伦贝尔市2024.txt,呼伦贝尔市,2024,20272,正常
two,呼伦贝尔市_2025.txt,呼伦贝尔市,2025,14760,正常
two,呼和浩特市2003.txt,呼和浩特市,2003,1,空文件
two,呼和浩特市2004.txt,呼和浩特市,2004,1,空文件
two,呼和浩特市2005.txt,呼和浩特市,2005,1,空文件
two,呼和浩特市2006.txt,呼和浩特市,2006,1,空文件
two,呼和浩特市2007.txt,呼和浩特市,2007,1,空文件
two,呼和浩特市2008.txt,呼和浩特市,2008,1,空文件
two,呼和浩特市2009.txt,呼和浩特市,2009,1,空文件
two,呼和浩特市2010.txt,呼和浩特市,2010,17693,正常
two,呼和浩特市2011.txt,呼和浩特市,2011,13633,正常
two,呼和浩特市2012.txt,呼和浩特市,2012,13978,正常
two,呼和浩特市2013.txt,呼和浩特市,2013,17308,正常
two,呼和浩特市2014.txt,呼和浩特市,2014,18008,正常
two,呼和浩特市2015.txt,呼和浩特市,2015,18749,正常
two,呼和浩特市2016.txt,呼和浩特市,2016,19971,正常
two,呼和浩特市2017.txt,呼和浩特市,2017,18745,正常
two,呼和浩特市2018.txt,呼和浩特市,2018,21243,正常
two,呼和浩特市2019.txt,呼和浩特市,2019,20628,正常
two,呼和浩特市2020.txt,呼和浩特市,2020,14387,正常
two,呼和浩特市2021.txt,呼和浩特市,2021,14681,正常
two,呼和浩特市2022.txt,呼和浩特市,2022,16332,正常
two,呼和浩特市2023.txt,呼和浩特市,2023,12277,正常
two,呼和浩特市2024.txt,呼和浩特市,2024,15165,正常
two,呼和浩特市_2025.txt,呼和浩特市,2025,11634,正常
two,咸宁市2003.txt,咸宁市,2003,1,空文件
two,咸宁市2004.txt,咸宁市,2004,1,空文件
two,咸宁市2005.txt,咸宁市,2005,1,空文件
two,咸宁市2006.txt,咸宁市,2006,1,空文件
two,咸宁市2007.txt,咸宁市,2007,13175,正常
two,咸宁市2008.txt,咸宁市,2008,19307,正常
two,咸宁市2009.txt,咸宁市,2009,15390,正常
two,咸宁市2010.txt,咸宁市,2010,17440,正常
two,咸宁市2011.txt,咸宁市,2011,16860,正常
two,咸宁市2012.txt,咸宁市,2012,17813,正常
two,咸宁市2013.txt,咸宁市,2013,10238,正常
two,咸宁市2014.txt,咸宁市,2014,12417,正常
two,咸宁市2015.txt,咸宁市,2015,13854,正常
two,咸宁市2016.txt,咸宁市,2016,16030,正常
two,咸宁市2017.txt,咸宁市,2017,16375,正常
two,咸宁市2018.txt,咸宁市,2018,13800,正常
two,咸宁市2019.txt,咸宁市,2019,14147,正常
two,咸宁市2020.txt,咸宁市,2020,15418,正常
two,咸宁市2021.txt,咸宁市,2021,14898,正常
two,咸宁市2022.txt,咸宁市,2022,14273,正常
two,咸宁市2023.txt,咸宁市,2023,15497,正常
two,咸宁市2024.txt,咸宁市,2024,13695,正常
two,咸宁市_2025.txt,咸宁市,2025,15537,正常
two,咸阳市2003.txt,咸阳市,2003,1,空文件
two,咸阳市2004.txt,咸阳市,2004,1,空文件
two,咸阳市2005.txt,咸阳市,2005,16815,正常
two,咸阳市2006.txt,咸阳市,2006,17189,正常
two,咸阳市2007.txt,咸阳市,2007,16861,正常
two,咸阳市2008.txt,咸阳市,2008,14763,正常
two,咸阳市2009.txt,咸阳市,2009,18010,正常
two,咸阳市2010.txt,咸阳市,2010,12980,正常
two,咸阳市2011.txt,咸阳市,2011,14244,正常
two,咸阳市2012.txt,咸阳市,2012,13184,正常
two,咸阳市2013.txt,咸阳市,2013,11492,正常
two,咸阳市2014.txt,咸阳市,2014,11479,正常
two,咸阳市2015.txt,咸阳市,2015,11690,正常
two,咸阳市2016.txt,咸阳市,2016,13702,正常
two,咸阳市2017.txt,咸阳市,2017,13714,正常
two,咸阳市2018.txt,咸阳市,2018,13705,正常
two,咸阳市2019.txt,咸阳市,2019,13067,正常
two,咸阳市2020.txt,咸阳市,2020,9961,正常
two,咸阳市2021.txt,咸阳市,2021,13824,正常
two,咸阳市2022.txt,咸阳市,2022,13170,正常
two,咸阳市2023.txt,咸阳市,2023,13472,正常
two,咸阳市2024.txt,咸阳市,2024,12574,正常
two,咸阳市_2025.txt,咸阳市,2025,11504,正常
two,哈尔滨市2003.txt,哈尔滨市,2003,14147,正常
two,哈尔滨市2004.txt,哈尔滨市,2004,14956,正常
two,哈尔滨市2005.txt,哈尔滨市,2005,15741,正常
two,哈尔滨市2006.txt,哈尔滨市,2006,15304,正常
two,哈尔滨市2007.txt,哈尔滨市,2007,12068,正常
two,哈尔滨市2008.txt,哈尔滨市,2008,16556,正常
two,哈尔滨市2009.txt,哈尔滨市,2009,16891,正常
two,哈尔滨市2010.txt,哈尔滨市,2010,14775,正常
two,哈尔滨市2011.txt,哈尔滨市,2011,20954,正常
two,哈尔滨市2012.txt,哈尔滨市,2012,17738,正常
two,哈尔滨市2013.txt,哈尔滨市,2013,16177,正常
two,哈尔滨市2014.txt,哈尔滨市,2014,17946,正常
two,哈尔滨市2015.txt,哈尔滨市,2015,17869,正常
two,哈尔滨市2016.txt,哈尔滨市,2016,18873,正常
two,哈尔滨市2017.txt,哈尔滨市,2017,19010,正常
two,哈尔滨市2018.txt,哈尔滨市,2018,17433,正常
two,哈尔滨市2019.txt,哈尔滨市,2019,16032,正常
two,哈尔滨市2020.txt,哈尔滨市,2020,17573,正常
two,哈尔滨市2021.txt,哈尔滨市,2021,15803,正常
two,哈尔滨市2022.txt,哈尔滨市,2022,14328,正常
two,哈尔滨市2023.txt,哈尔滨市,2023,10104,正常
two,哈尔滨市2024.txt,哈尔滨市,2024,15031,正常
two,哈尔滨市_2025.txt,哈尔滨市,2025,13742,正常
two,唐山市2003.txt,唐山市,2003,1,空文件
two,唐山市2004.txt,唐山市,2004,1,空文件
two,唐山市2005.txt,唐山市,2005,13825,正常
two,唐山市2006.txt,唐山市,2006,16030,正常
two,唐山市2007.txt,唐山市,2007,17461,正常
two,唐山市2008.txt,唐山市,2008,20352,正常
two,唐山市2009.txt,唐山市,2009,22398,正常
two,唐山市2010.txt,唐山市,2010,21481,正常
two,唐山市2011.txt,唐山市,2011,21615,正常
two,唐山市2012.txt,唐山市,2012,20194,正常
two,唐山市2013.txt,唐山市,2013,13596,正常
two,唐山市2014.txt,唐山市,2014,13961,正常
two,唐山市2015.txt,唐山市,2015,15104,正常
two,唐山市2016.txt,唐山市,2016,19493,正常
two,唐山市2017.txt,唐山市,2017,10049,正常
two,唐山市2018.txt,唐山市,2018,8702,正常
two,唐山市2019.txt,唐山市,2019,9051,正常
two,唐山市2020.txt,唐山市,2020,7155,正常
two,唐山市2021.txt,唐山市,2021,10928,正常
two,唐山市2022.txt,唐山市,2022,11346,正常
two,唐山市2023.txt,唐山市,2023,9310,正常
two,唐山市2024.txt,唐山市,2024,7090,正常
two,唐山市_2025.txt,唐山市,2025,6942,正常
two,商丘市2003.txt,商丘市,2003,14358,正常
two,商丘市2004.txt,商丘市,2004,14967,正常
two,商丘市2005.txt,商丘市,2005,18166,正常
two,商丘市2006.txt,商丘市,2006,16253,正常
two,商丘市2007.txt,商丘市,2007,17461,正常
two,商丘市2008.txt,商丘市,2008,16519,正常
two,商丘市2009.txt,商丘市,2009,16503,正常
two,商丘市2010.txt,商丘市,2010,15948,正常
two,商丘市2011.txt,商丘市,2011,16923,正常
two,商丘市2012.txt,商丘市,2012,18892,正常
two,商丘市2013.txt,商丘市,2013,16706,正常
two,商丘市2014.txt,商丘市,2014,17408,正常
two,商丘市2015.txt,商丘市,2015,15198,正常
two,商丘市2016.txt,商丘市,2016,18201,正常
two,商丘市2017.txt,商丘市,2017,17488,正常
two,商丘市2018.txt,商丘市,2018,18581,正常
two,商丘市2019.txt,商丘市,2019,18099,正常
two,商丘市2020.txt,商丘市,2020,14747,正常
two,商丘市2021.txt,商丘市,2021,16086,正常
two,商丘市2022.txt,商丘市,2022,13125,正常
two,商丘市2023.txt,商丘市,2023,16615,正常
two,商丘市2024.txt,商丘市,2024,15199,正常
two,商丘市_2025.txt,商丘市,2025,11832,正常
two,商洛市2003.txt,商洛市,2003,23381,正常
two,商洛市2004.txt,商洛市,2004,12658,正常
two,商洛市2005.txt,商洛市,2005,15586,正常
two,商洛市2006.txt,商洛市,2006,15917,正常
two,商洛市2007.txt,商洛市,2007,15749,正常
two,商洛市2008.txt,商洛市,2008,17039,正常
two,商洛市2009.txt,商洛市,2009,13856,正常
two,商洛市2010.txt,商洛市,2010,14441,正常
two,商洛市2011.txt,商洛市,2011,18613,正常
two,商洛市2012.txt,商洛市,2012,15726,正常
two,商洛市2013.txt,商洛市,2013,13481,正常
two,商洛市2014.txt,商洛市,2014,14291,正常
two,商洛市2015.txt,商洛市,2015,14731,正常
two,商洛市2016.txt,商洛市,2016,16339,正常
two,商洛市2017.txt,商洛市,2017,16918,正常
two,商洛市2018.txt,商洛市,2018,12519,正常
two,商洛市2019.txt,商洛市,2019,12937,正常
two,商洛市2020.txt,商洛市,2020,11625,正常
two,商洛市2021.txt,商洛市,2021,16097,正常
two,商洛市2022.txt,商洛市,2022,16553,正常
two,商洛市2023.txt,商洛市,2023,10265,正常
two,商洛市2024.txt,商洛市,2024,10578,正常
two,商洛市_2025.txt,商洛市,2025,10688,正常
two,嘉兴市2003.txt,嘉兴市,2003,16048,正常
two,嘉兴市2004.txt,嘉兴市,2004,16843,正常
two,嘉兴市2005.txt,嘉兴市,2005,20778,正常
two,嘉兴市2006.txt,嘉兴市,2006,19552,正常
two,嘉兴市2007.txt,嘉兴市,2007,23957,正常
two,嘉兴市2008.txt,嘉兴市,2008,13581,正常
two,嘉兴市2009.txt,嘉兴市,2009,19711,正常
two,嘉兴市2010.txt,嘉兴市,2010,14057,正常
two,嘉兴市2011.txt,嘉兴市,2011,16310,正常
two,嘉兴市2012.txt,嘉兴市,2012,16606,正常
two,嘉兴市2013.txt,嘉兴市,2013,12145,正常
two,嘉兴市2014.txt,嘉兴市,2014,12276,正常
two,嘉兴市2015.txt,嘉兴市,2015,13593,正常
two,嘉兴市2016.txt,嘉兴市,2016,14126,正常
two,嘉兴市2017.txt,嘉兴市,2017,14883,正常
two,嘉兴市2018.txt,嘉兴市,2018,14130,正常
two,嘉兴市2019.txt,嘉兴市,2019,13498,正常
two,嘉兴市2020.txt,嘉兴市,2020,13692,正常
two,嘉兴市2021.txt,嘉兴市,2021,15123,正常
two,嘉兴市2022.txt,嘉兴市,2022,17335,正常
two,嘉兴市2023.txt,嘉兴市,2023,15609,正常
two,嘉兴市2024.txt,嘉兴市,2024,14711,正常
two,嘉兴市_2025.txt,嘉兴市,2025,15045,正常
two,嘉峪关市2003.txt,嘉峪关市,2003,12329,正常
two,嘉峪关市2004.txt,嘉峪关市,2004,10312,正常
two,嘉峪关市2005.txt,嘉峪关市,2005,11501,正常
two,嘉峪关市2006.txt,嘉峪关市,2006,9973,正常
two,嘉峪关市2007.txt,嘉峪关市,2007,9631,正常
two,嘉峪关市2008.txt,嘉峪关市,2008,10343,正常
two,嘉峪关市2009.txt,嘉峪关市,2009,10980,正常
two,嘉峪关市2010.txt,嘉峪关市,2010,11685,正常
two,嘉峪关市2011.txt,嘉峪关市,2011,12073,正常
two,嘉峪关市2012.txt,嘉峪关市,2012,10158,正常
two,嘉峪关市2013.txt,嘉峪关市,2013,10124,正常
two,嘉峪关市2014.txt,嘉峪关市,2014,10428,正常
two,嘉峪关市2015.txt,嘉峪关市,2015,9254,正常
two,嘉峪关市2016.txt,嘉峪关市,2016,20205,正常
two,嘉峪关市2017.txt,嘉峪关市,2017,16986,正常
two,嘉峪关市2018.txt,嘉峪关市,2018,13481,正常
two,嘉峪关市2019.txt,嘉峪关市,2019,16602,正常
two,嘉峪关市2020.txt,嘉峪关市,2020,13889,正常
two,嘉峪关市2021.txt,嘉峪关市,2021,13871,正常
two,嘉峪关市2022.txt,嘉峪关市,2022,17167,正常
two,嘉峪关市2023.txt,嘉峪关市,2023,18249,正常
two,嘉峪关市2024.txt,嘉峪关市,2024,18306,正常
two,嘉峪关市_2025.txt,嘉峪关市,2025,11748,正常
two,四平市2003.txt,四平市,2003,13601,正常
two,四平市2004.txt,四平市,2004,13753,正常
two,四平市2005.txt,四平市,2005,8879,正常
two,四平市2006.txt,四平市,2006,10171,正常
two,四平市2007.txt,四平市,2007,8377,正常
two,四平市2008.txt,四平市,2008,7701,正常
two,四平市2009.txt,四平市,2009,11204,正常
two,四平市2010.txt,四平市,2010,13120,正常
two,四平市2011.txt,四平市,2011,10659,正常
two,四平市2012.txt,四平市,2012,9894,正常
two,四平市2013.txt,四平市,2013,12806,正常
two,四平市2014.txt,四平市,2014,12168,正常
two,四平市2015.txt,四平市,2015,12494,正常
two,四平市2016.txt,四平市,2016,16468,正常
two,四平市2017.txt,四平市,2017,11747,正常
two,四平市2018.txt,四平市,2018,13434,正常
two,四平市2019.txt,四平市,2019,12285,正常
two,四平市2020.txt,四平市,2020,12837,正常
two,四平市2021.txt,四平市,2021,21051,正常
two,四平市2022.txt,四平市,2022,21783,正常
two,四平市2023.txt,四平市,2023,17410,正常
two,四平市2024.txt,四平市,2024,12204,正常
two,四平市_2025.txt,四平市,2025,14611,正常
two,固原市2003.txt,固原市,2003,1,空文件
two,固原市2004.txt,固原市,2004,1,空文件
two,固原市2005.txt,固原市,2005,1,空文件
two,固原市2006.txt,固原市,2006,19574,正常
two,固原市2007.txt,固原市,2007,1,空文件
two,固原市2008.txt,固原市,2008,1,空文件
two,固原市2009.txt,固原市,2009,16358,正常
two,固原市2010.txt,固原市,2010,1,空文件
two,固原市2011.txt,固原市,2011,20856,正常
two,固原市2012.txt,固原市,2012,17082,正常
two,固原市2013.txt,固原市,2013,16381,正常
two,固原市2014.txt,固原市,2014,12851,正常
two,固原市2015.txt,固原市,2015,13699,正常
two,固原市2016.txt,固原市,2016,14347,正常
two,固原市2017.txt,固原市,2017,17883,正常
two,固原市2018.txt,固原市,2018,13673,正常
two,固原市2019.txt,固原市,2019,12773,正常
two,固原市2020.txt,固原市,2020,11663,正常
two,固原市2021.txt,固原市,2021,14751,正常
two,固原市2022.txt,固原市,2022,14883,正常
two,固原市2023.txt,固原市,2023,16858,正常
two,固原市2024.txt,固原市,2024,16118,正常
two,固原市_2025.txt,固原市,2025,17078,正常
two,大同市2003.txt,大同市,2003,16791,正常
two,大同市2004.txt,大同市,2004,15038,正常
two,大同市2005.txt,大同市,2005,15028,正常
two,大同市2006.txt,大同市,2006,17991,正常
two,大同市2007.txt,大同市,2007,17382,正常
two,大同市2008.txt,大同市,2008,17758,正常
two,大同市2009.txt,大同市,2009,16812,正常
two,大同市2010.txt,大同市,2010,13049,正常
two,大同市2011.txt,大同市,2011,13981,正常
two,大同市2012.txt,大同市,2012,10553,正常
two,大同市2013.txt,大同市,2013,13580,正常
two,大同市2014.txt,大同市,2014,11747,正常
two,大同市2015.txt,大同市,2015,14981,正常
two,大同市2016.txt,大同市,2016,15244,正常
two,大同市2017.txt,大同市,2017,14141,正常
two,大同市2018.txt,大同市,2018,18094,正常
two,大同市2019.txt,大同市,2019,19102,正常
two,大同市2020.txt,大同市,2020,23195,正常
two,大同市2021.txt,大同市,2021,17135,正常
two,大同市2022.txt,大同市,2022,18073,正常
two,大同市2023.txt,大同市,2023,17438,正常
two,大同市2024.txt,大同市,2024,17454,正常
two,大同市_2025.txt,大同市,2025,16369,正常
two,大庆市2003.txt,大庆市,2003,1,空文件
two,大庆市2004.txt,大庆市,2004,12885,正常
two,大庆市2005.txt,大庆市,2005,13680,正常
two,大庆市2006.txt,大庆市,2006,15817,正常
two,大庆市2007.txt,大庆市,2007,15624,正常
two,大庆市2008.txt,大庆市,2008,14565,正常
two,大庆市2009.txt,大庆市,2009,14655,正常
two,大庆市2010.txt,大庆市,2010,14476,正常
two,大庆市2011.txt,大庆市,2011,14262,正常
two,大庆市2012.txt,大庆市,2012,16331,正常
two,大庆市2013.txt,大庆市,2013,11768,正常
two,大庆市2014.txt,大庆市,2014,13064,正常
two,大庆市2015.txt,大庆市,2015,11988,正常
two,大庆市2016.txt,大庆市,2016,15154,正常
two,大庆市2017.txt,大庆市,2017,15692,正常
two,大庆市2018.txt,大庆市,2018,12409,正常
two,大庆市2019.txt,大庆市,2019,13508,正常
two,大庆市2020.txt,大庆市,2020,13739,正常
two,大庆市2021.txt,大庆市,2021,13855,正常
two,大庆市2022.txt,大庆市,2022,13205,正常
two,大庆市2023.txt,大庆市,2023,13587,正常
two,大庆市2024.txt,大庆市,2024,12923,正常
two,大庆市_2025.txt,大庆市,2025,11335,正常
two,大连市2003.txt,大连市,2003,1,空文件
two,大连市2004.txt,大连市,2004,16906,正常
two,大连市2005.txt,大连市,2005,13811,正常
two,大连市2006.txt,大连市,2006,15282,正常
two,大连市2007.txt,大连市,2007,16282,正常
two,大连市2008.txt,大连市,2008,18637,正常
two,大连市2009.txt,大连市,2009,17667,正常
two,大连市2010.txt,大连市,2010,13223,正常
two,大连市2011.txt,大连市,2011,13608,正常
two,大连市2012.txt,大连市,2012,13366,正常
two,大连市2013.txt,大连市,2013,14152,正常
two,大连市2014.txt,大连市,2014,9960,正常
two,大连市2015.txt,大连市,2015,15453,正常
two,大连市2016.txt,大连市,2016,17294,正常
two,大连市2017.txt,大连市,2017,15778,正常
two,大连市2018.txt,大连市,2018,18771,正常
two,大连市2019.txt,大连市,2019,20089,正常
two,大连市2020.txt,大连市,2020,21681,正常
two,大连市2021.txt,大连市,2021,19925,正常
two,大连市2022.txt,大连市,2022,20497,正常
two,大连市2023.txt,大连市,2023,19531,正常
two,大连市2024.txt,大连市,2024,16382,正常
two,大连市_2025.txt,大连市,2025,18366,正常
two,天水市2003.txt,天水市,2003,1,空文件
two,天水市2004.txt,天水市,2004,1,空文件
two,天水市2005.txt,天水市,2005,14663,正常
two,天水市2006.txt,天水市,2006,19944,正常
two,天水市2007.txt,天水市,2007,1,空文件
two,天水市2008.txt,天水市,2008,4000,正常
two,天水市2009.txt,天水市,2009,4185,正常
two,天水市2010.txt,天水市,2010,1,空文件
two,天水市2011.txt,天水市,2011,7077,正常
two,天水市2012.txt,天水市,2012,3663,正常
two,天水市2013.txt,天水市,2013,4469,正常
two,天水市2014.txt,天水市,2014,14342,正常
two,天水市2015.txt,天水市,2015,17681,正常
two,天水市2016.txt,天水市,2016,18564,正常
two,天水市2017.txt,天水市,2017,18720,正常
two,天水市2018.txt,天水市,2018,18119,正常
two,天水市2019.txt,天水市,2019,19484,正常
two,天水市2020.txt,天水市,2020,20143,正常
two,天水市2021.txt,天水市,2021,18597,正常
two,天水市2022.txt,天水市,2022,15020,正常
two,天水市2023.txt,天水市,2023,15250,正常
two,天水市2024.txt,天水市,2024,12723,正常
two,天水市_2025.txt,天水市,2025,14876,正常
two,太原市2003.txt,太原市,2003,14482,正常
two,太原市2004.txt,太原市,2004,15421,正常
two,太原市2005.txt,太原市,2005,15314,正常
two,太原市2006.txt,太原市,2006,25000,正常
two,太原市2007.txt,太原市,2007,21627,正常
two,太原市2008.txt,太原市,2008,16615,正常
two,太原市2009.txt,太原市,2009,14953,正常
two,太原市2010.txt,太原市,2010,16727,正常
two,太原市2011.txt,太原市,2011,18151,正常
two,太原市2012.txt,太原市,2012,18722,正常
two,太原市2013.txt,太原市,2013,9725,正常
two,太原市2014.txt,太原市,2014,9928,正常
two,太原市2015.txt,太原市,2015,9695,正常
two,太原市2016.txt,太原市,2016,11850,正常
two,太原市2017.txt,太原市,2017,12744,正常
two,太原市2018.txt,太原市,2018,10295,正常
two,太原市2019.txt,太原市,2019,15294,正常
two,太原市2020.txt,太原市,2020,15291,正常
two,太原市2021.txt,太原市,2021,17567,正常
two,太原市2022.txt,太原市,2022,17443,正常
two,太原市2023.txt,太原市,2023,16413,正常
two,太原市2024.txt,太原市,2024,15614,正常
two,太原市_2025.txt,太原市,2025,10398,正常
two,威海市2003.txt,威海市,2003,16175,正常
two,威海市2004.txt,威海市,2004,14880,正常
two,威海市2005.txt,威海市,2005,14870,正常
two,威海市2006.txt,威海市,2006,17082,正常
two,威海市2007.txt,威海市,2007,14050,正常
two,威海市2008.txt,威海市,2008,18419,正常
two,威海市2009.txt,威海市,2009,17887,正常
two,威海市2010.txt,威海市,2010,17174,正常
two,威海市2011.txt,威海市,2011,21318,正常
two,威海市2012.txt,威海市,2012,17026,正常
two,威海市2013.txt,威海市,2013,13727,正常
two,威海市2014.txt,威海市,2014,13914,正常
two,威海市2015.txt,威海市,2015,14662,正常
two,威海市2016.txt,威海市,2016,16402,正常
two,威海市2017.txt,威海市,2017,16546,正常
two,威海市2018.txt,威海市,2018,20095,正常
two,威海市2019.txt,威海市,2019,21485,正常
two,威海市2020.txt,威海市,2020,20237,正常
two,威海市2021.txt,威海市,2021,17522,正常
two,威海市2022.txt,威海市,2022,17922,正常
two,威海市2023.txt,威海市,2023,16342,正常
two,威海市2024.txt,威海市,2024,18929,正常
two,威海市_2025.txt,威海市,2025,17620,正常
two,娄底市2003.txt,娄底市,2003,27,空文件
two,娄底市2004.txt,娄底市,2004,22,空文件
two,娄底市2005.txt,娄底市,2005,15531,正常
two,娄底市2006.txt,娄底市,2006,18343,正常
two,娄底市2007.txt,娄底市,2007,13942,正常
two,娄底市2008.txt,娄底市,2008,11257,正常
two,娄底市2009.txt,娄底市,2009,15710,正常
two,娄底市2010.txt,娄底市,2010,15305,正常
two,娄底市2011.txt,娄底市,2011,16911,正常
two,娄底市2012.txt,娄底市,2012,18656,正常
two,娄底市2013.txt,娄底市,2013,17734,正常
two,娄底市2014.txt,娄底市,2014,13332,正常
two,娄底市2015.txt,娄底市,2015,15833,正常
two,娄底市2016.txt,娄底市,2016,14549,正常
two,娄底市2017.txt,娄底市,2017,13311,正常
two,娄底市2018.txt,娄底市,2018,12206,正常
two,娄底市2019.txt,娄底市,2019,13171,正常
two,娄底市2020.txt,娄底市,2020,14546,正常
two,娄底市2021.txt,娄底市,2021,16278,正常
two,娄底市2022.txt,娄底市,2022,16342,正常
two,娄底市2023.txt,娄底市,2023,17623,正常
two,娄底市2024.txt,娄底市,2024,16212,正常
two,娄底市_2025.txt,娄底市,2025,15476,正常
two,孝感市2003.txt,孝感市,2003,1,空文件
two,孝感市2004.txt,孝感市,2004,1,空文件
two,孝感市2005.txt,孝感市,2005,20060,正常
two,孝感市2006.txt,孝感市,2006,1,空文件
two,孝感市2007.txt,孝感市,2007,15291,正常
two,孝感市2008.txt,孝感市,2008,12360,正常
two,孝感市2009.txt,孝感市,2009,15990,正常
two,孝感市2010.txt,孝感市,2010,15040,正常
two,孝感市2011.txt,孝感市,2011,8090,正常
two,孝感市2012.txt,孝感市,2012,17852,正常
two,孝感市2013.txt,孝感市,2013,11991,正常
two,孝感市2014.txt,孝感市,2014,9883,正常
two,孝感市2015.txt,孝感市,2015,12580,正常
two,孝感市2016.txt,孝感市,2016,15752,正常
two,孝感市2017.txt,孝感市,2017,14693,正常
two,孝感市2018.txt,孝感市,2018,13571,正常
two,孝感市2019.txt,孝感市,2019,15331,正常
two,孝感市2020.txt,孝感市,2020,15086,正常
two,孝感市2021.txt,孝感市,2021,18937,正常
two,孝感市2022.txt,孝感市,2022,15655,正常
two,孝感市2023.txt,孝感市,2023,11825,正常
two,孝感市2024.txt,孝感市,2024,13182,正常
two,孝感市_2025.txt,孝感市,2025,17801,正常
two,宁德市2003.txt,宁德市,2003,10293,正常
two,宁德市2004.txt,宁德市,2004,16421,正常
two,宁德市2005.txt,宁德市,2005,16072,正常
two,宁德市2006.txt,宁德市,2006,19075,正常
two,宁德市2007.txt,宁德市,2007,19868,正常
two,宁德市2008.txt,宁德市,2008,19486,正常
two,宁德市2009.txt,宁德市,2009,19423,正常
two,宁德市2010.txt,宁德市,2010,19190,正常
two,宁德市2011.txt,宁德市,2011,18720,正常
two,宁德市2012.txt,宁德市,2012,13946,正常
two,宁德市2013.txt,宁德市,2013,14231,正常
two,宁德市2014.txt,宁德市,2014,12775,正常
two,宁德市2015.txt,宁德市,2015,13346,正常
two,宁德市2016.txt,宁德市,2016,17098,正常
two,宁德市2017.txt,宁德市,2017,16752,正常
two,宁德市2018.txt,宁德市,2018,16464,正常
two,宁德市2019.txt,宁德市,2019,15957,正常
two,宁德市2020.txt,宁德市,2020,15971,正常
two,宁德市2021.txt,宁德市,2021,20057,正常
two,宁德市2022.txt,宁德市,2022,18692,正常
two,宁德市2023.txt,宁德市,2023,17242,正常
two,宁德市2024.txt,宁德市,2024,11078,正常
two,宁德市_2025.txt,宁德市,2025,16910,正常
two,宁波市2003.txt,宁波市,2003,22042,正常
two,宁波市2004.txt,宁波市,2004,16113,正常
two,宁波市2005.txt,宁波市,2005,15695,正常
two,宁波市2006.txt,宁波市,2006,20317,正常
two,宁波市2007.txt,宁波市,2007,17646,正常
two,宁波市2008.txt,宁波市,2008,16839,正常
two,宁波市2009.txt,宁波市,2009,16528,正常
two,宁波市2010.txt,宁波市,2010,18697,正常
two,宁波市2011.txt,宁波市,2011,18144,正常
two,宁波市2012.txt,宁波市,2012,17231,正常
two,宁波市2013.txt,宁波市,2013,13134,正常
two,宁波市2014.txt,宁波市,2014,15526,正常
two,宁波市2015.txt,宁波市,2015,13791,正常
two,宁波市2016.txt,宁波市,2016,16051,正常
two,宁波市2017.txt,宁波市,2017,19918,正常
two,宁波市2018.txt,宁波市,2018,15889,正常
two,宁波市2019.txt,宁波市,2019,16447,正常
two,宁波市2020.txt,宁波市,2020,17784,正常
two,宁波市2021.txt,宁波市,2021,20177,正常
two,宁波市2022.txt,宁波市,2022,18285,正常
two,宁波市2023.txt,宁波市,2023,20455,正常
two,宁波市2024.txt,宁波市,2024,16781,正常
two,宁波市_2025.txt,宁波市,2025,20597,正常
two,安庆市2003.txt,安庆市,2003,1,空文件
two,安庆市2004.txt,安庆市,2004,1,空文件
two,安庆市2005.txt,安庆市,2005,1,空文件
two,安庆市2006.txt,安庆市,2006,1,空文件
two,安庆市2007.txt,安庆市,2007,1,空文件
two,安庆市2008.txt,安庆市,2008,10,空文件
two,安庆市2009.txt,安庆市,2009,14655,正常
two,安庆市2010.txt,安庆市,2010,11352,正常
two,安庆市2011.txt,安庆市,2011,16883,正常
two,安庆市2012.txt,安庆市,2012,15030,正常
two,安庆市2013.txt,安庆市,2013,13758,正常
two,安庆市2014.txt,安庆市,2014,11789,正常
two,安庆市2015.txt,安庆市,2015,11840,正常
two,安庆市2016.txt,安庆市,2016,13287,正常
two,安庆市2017.txt,安庆市,2017,12191,正常
two,安庆市2018.txt,安庆市,2018,19462,正常
two,安庆市2019.txt,安庆市,2019,12397,正常
two,安庆市2020.txt,安庆市,2020,13026,正常
two,安庆市2021.txt,安庆市,2021,21636,正常
two,安庆市2022.txt,安庆市,2022,10029,正常
two,安庆市2023.txt,安庆市,2023,19184,正常
two,安庆市2024.txt,安庆市,2024,13348,正常
two,安庆市_2025.txt,安庆市,2025,16550,正常
two,安康市2003.txt,安康市,2003,1,空文件
two,安康市2004.txt,安康市,2004,1,空文件
two,安康市2005.txt,安康市,2005,10551,正常
two,安康市2006.txt,安康市,2006,12307,正常
two,安康市2007.txt,安康市,2007,13139,正常
two,安康市2008.txt,安康市,2008,10275,正常
two,安康市2009.txt,安康市,2009,14236,正常
two,安康市2010.txt,安康市,2010,15455,正常
two,安康市2011.txt,安康市,2011,17822,正常
two,安康市2012.txt,安康市,2012,16125,正常
two,安康市2013.txt,安康市,2013,15423,正常
two,安康市2014.txt,安康市,2014,15250,正常
two,安康市2015.txt,安康市,2015,14900,正常
two,安康市2016.txt,安康市,2016,17440,正常
two,安康市2017.txt,安康市,2017,17728,正常
two,安康市2018.txt,安康市,2018,17079,正常
two,安康市2019.txt,安康市,2019,19861,正常
two,安康市2020.txt,安康市,2020,15394,正常
two,安康市2021.txt,安康市,2021,17005,正常
two,安康市2022.txt,安康市,2022,18310,正常
two,安康市2023.txt,安康市,2023,18132,正常
two,安康市2024.txt,安康市,2024,17586,正常
two,安康市_2025.txt,安康市,2025,15569,正常
two,安阳市2003.txt,安阳市,2003,13613,正常
two,安阳市2004.txt,安阳市,2004,15583,正常
two,安阳市2005.txt,安阳市,2005,16005,正常
two,安阳市2006.txt,安阳市,2006,15984,正常
two,安阳市2007.txt,安阳市,2007,14065,正常
two,安阳市2008.txt,安阳市,2008,7006,正常
two,安阳市2009.txt,安阳市,2009,15082,正常
two,安阳市2010.txt,安阳市,2010,14913,正常
two,安阳市2011.txt,安阳市,2011,14360,正常
two,安阳市2012.txt,安阳市,2012,13143,正常
two,安阳市2013.txt,安阳市,2013,12175,正常
two,安阳市2014.txt,安阳市,2014,14371,正常
two,安阳市2015.txt,安阳市,2015,14431,正常
two,安阳市2016.txt,安阳市,2016,15444,正常
two,安阳市2017.txt,安阳市,2017,17176,正常
two,安阳市2018.txt,安阳市,2018,17559,正常
two,安阳市2019.txt,安阳市,2019,16707,正常
two,安阳市2020.txt,安阳市,2020,14213,正常
two,安阳市2021.txt,安阳市,2021,16708,正常
two,安阳市2022.txt,安阳市,2022,13102,正常
two,安阳市2023.txt,安阳市,2023,15692,正常
two,安阳市2024.txt,安阳市,2024,13220,正常
two,安阳市_2025.txt,安阳市,2025,10293,正常
two,安顺市2003.txt,安顺市,2003,16713,正常
two,安顺市2004.txt,安顺市,2004,19204,正常
two,安顺市2005.txt,安顺市,2005,22048,正常
two,安顺市2006.txt,安顺市,2006,27321,正常
two,安顺市2007.txt,安顺市,2007,22761,正常
two,安顺市2008.txt,安顺市,2008,18002,正常
two,安顺市2009.txt,安顺市,2009,16258,正常
two,安顺市2010.txt,安顺市,2010,14609,正常
two,安顺市2011.txt,安顺市,2011,20029,正常
two,安顺市2012.txt,安顺市,2012,19732,正常
two,安顺市2013.txt,安顺市,2013,13483,正常
two,安顺市2014.txt,安顺市,2014,16373,正常
two,安顺市2015.txt,安顺市,2015,15821,正常
two,安顺市2016.txt,安顺市,2016,19528,正常
two,安顺市2017.txt,安顺市,2017,19097,正常
two,安顺市2018.txt,安顺市,2018,15456,正常
two,安顺市2019.txt,安顺市,2019,14045,正常
two,安顺市2020.txt,安顺市,2020,14809,正常
two,安顺市2021.txt,安顺市,2021,17494,正常
two,安顺市2022.txt,安顺市,2022,21524,正常
two,安顺市2023.txt,安顺市,2023,16113,正常
two,安顺市2024.txt,安顺市,2024,19042,正常
two,安顺市_2025.txt,安顺市,2025,19122,正常
two,定西市2003.txt,定西市,2003,1,空文件
two,定西市2004.txt,定西市,2004,1,空文件
two,定西市2005.txt,定西市,2005,1,空文件
two,定西市2006.txt,定西市,2006,1,空文件
two,定西市2007.txt,定西市,2007,1,空文件
two,定西市2008.txt,定西市,2008,1,空文件
two,定西市2009.txt,定西市,2009,1,空文件
two,定西市2010.txt,定西市,2010,15645,正常
two,定西市2011.txt,定西市,2011,15898,正常
two,定西市2012.txt,定西市,2012,15837,正常
two,定西市2013.txt,定西市,2013,14559,正常
two,定西市2014.txt,定西市,2014,15974,正常
two,定西市2015.txt,定西市,2015,16268,正常
two,定西市2016.txt,定西市,2016,15837,正常
two,定西市2017.txt,定西市,2017,19290,正常
two,定西市2018.txt,定西市,2018,20950,正常
two,定西市2019.txt,定西市,2019,19360,正常
two,定西市2020.txt,定西市,2020,18535,正常
two,定西市2021.txt,定西市,2021,21178,正常
two,定西市2022.txt,定西市,2022,22660,正常
two,定西市2023.txt,定西市,2023,20414,正常
two,定西市2024.txt,定西市,2024,15282,正常
two,定西市_2025.txt,定西市,2025,19374,正常
two,宜宾市2003.txt,宜宾市,2003,12660,正常
two,宜宾市2004.txt,宜宾市,2004,15673,正常
two,宜宾市2005.txt,宜宾市,2005,12651,正常
two,宜宾市2006.txt,宜宾市,2006,10706,正常
two,宜宾市2007.txt,宜宾市,2007,13804,正常
two,宜宾市2008.txt,宜宾市,2008,16762,正常
two,宜宾市2009.txt,宜宾市,2009,16733,正常
two,宜宾市2010.txt,宜宾市,2010,15618,正常
two,宜宾市2011.txt,宜宾市,2011,15648,正常
two,宜宾市2012.txt,宜宾市,2012,23152,正常
two,宜宾市2013.txt,宜宾市,2013,18346,正常
two,宜宾市2014.txt,宜宾市,2014,16297,正常
two,宜宾市2015.txt,宜宾市,2015,16940,正常
two,宜宾市2016.txt,宜宾市,2016,19685,正常
two,宜宾市2017.txt,宜宾市,2017,20056,正常
two,宜宾市2018.txt,宜宾市,2018,18768,正常
two,宜宾市2019.txt,宜宾市,2019,22380,正常
two,宜宾市2020.txt,宜宾市,2020,20950,正常
two,宜宾市2021.txt,宜宾市,2021,22725,正常
two,宜宾市2022.txt,宜宾市,2022,20987,正常
two,宜宾市2023.txt,宜宾市,2023,23127,正常
two,宜宾市2024.txt,宜宾市,2024,23358,正常
two,宜宾市_2025.txt,宜宾市,2025,22529,正常
two,宜昌市2003.txt,宜昌市,2003,1,空文件
two,宜昌市2004.txt,宜昌市,2004,1,空文件
two,宜昌市2005.txt,宜昌市,2005,3332,正常
two,宜昌市2006.txt,宜昌市,2006,2883,正常
two,宜昌市2007.txt,宜昌市,2007,17375,正常
two,宜昌市2008.txt,宜昌市,2008,1760,正常
two,宜昌市2009.txt,宜昌市,2009,14533,正常
two,宜昌市2010.txt,宜昌市,2010,2807,正常
two,宜昌市2011.txt,宜昌市,2011,16658,正常
two,宜昌市2012.txt,宜昌市,2012,17739,正常
two,宜昌市2013.txt,宜昌市,2013,16770,正常
two,宜昌市2014.txt,宜昌市,2014,16006,正常
two,宜昌市2015.txt,宜昌市,2015,17596,正常
two,宜昌市2016.txt,宜昌市,2016,18538,正常
two,宜昌市2017.txt,宜昌市,2017,14700,正常
two,宜昌市2018.txt,宜昌市,2018,15613,正常
two,宜昌市2019.txt,宜昌市,2019,17310,正常
two,宜昌市2020.txt,宜昌市,2020,15070,正常
two,宜昌市2021.txt,宜昌市,2021,18166,正常
two,宜昌市2022.txt,宜昌市,2022,8365,正常
two,宜昌市2023.txt,宜昌市,2023,15024,正常
two,宜昌市2024.txt,宜昌市,2024,14995,正常
two,宜昌市_2025.txt,宜昌市,2025,12810,正常
two,宜春市2003.txt,宜春市,2003,11761,正常
two,宜春市2004.txt,宜春市,2004,16063,正常
two,宜春市2005.txt,宜春市,2005,12440,正常
two,宜春市2006.txt,宜春市,2006,11774,正常
two,宜春市2007.txt,宜春市,2007,13205,正常
two,宜春市2008.txt,宜春市,2008,14606,正常
two,宜春市2009.txt,宜春市,2009,15319,正常
two,宜春市2010.txt,宜春市,2010,15021,正常
two,宜春市2011.txt,宜春市,2011,17982,正常
two,宜春市2012.txt,宜春市,2012,10724,正常
two,宜春市2013.txt,宜春市,2013,13514,正常
two,宜春市2014.txt,宜春市,2014,13234,正常
two,宜春市2015.txt,宜春市,2015,14415,正常
two,宜春市2016.txt,宜春市,2016,13247,正常
two,宜春市2017.txt,宜春市,2017,13887,正常
two,宜春市2018.txt,宜春市,2018,13009,正常
two,宜春市2019.txt,宜春市,2019,16490,正常
two,宜春市2020.txt,宜春市,2020,10592,正常
two,宜春市2021.txt,宜春市,2021,13165,正常
two,宜春市2022.txt,宜春市,2022,13886,正常
two,宜春市2023.txt,宜春市,2023,14519,正常
two,宜春市2024.txt,宜春市,2024,13415,正常
two,宜春市_2025.txt,宜春市,2025,15963,正常
two,宝鸡市2003.txt,宝鸡市,2003,1,空文件
two,宝鸡市2004.txt,宝鸡市,2004,1,空文件
two,宝鸡市2005.txt,宝鸡市,2005,1,空文件
two,宝鸡市2006.txt,宝鸡市,2006,1,空文件
two,宝鸡市2007.txt,宝鸡市,2007,1,空文件
two,宝鸡市2008.txt,宝鸡市,2008,17106,正常
two,宝鸡市2009.txt,宝鸡市,2009,16790,正常
two,宝鸡市2010.txt,宝鸡市,2010,16149,正常
two,宝鸡市2011.txt,宝鸡市,2011,17091,正常
two,宝鸡市2012.txt,宝鸡市,2012,17501,正常
two,宝鸡市2013.txt,宝鸡市,2013,17677,正常
two,宝鸡市2014.txt,宝鸡市,2014,15118,正常
two,宝鸡市2015.txt,宝鸡市,2015,13082,正常
two,宝鸡市2016.txt,宝鸡市,2016,15714,正常
two,宝鸡市2017.txt,宝鸡市,2017,17211,正常
two,宝鸡市2018.txt,宝鸡市,2018,14472,正常
two,宝鸡市2019.txt,宝鸡市,2019,14896,正常
two,宝鸡市2020.txt,宝鸡市,2020,13121,正常
two,宝鸡市2021.txt,宝鸡市,2021,16837,正常
two,宝鸡市2022.txt,宝鸡市,2022,14473,正常
two,宝鸡市2023.txt,宝鸡市,2023,12226,正常
two,宝鸡市2024.txt,宝鸡市,2024,13549,正常
two,宝鸡市_2025.txt,宝鸡市,2025,11153,正常
two,宣城市2003.txt,宣城市,2003,3680,正常
two,宣城市2004.txt,宣城市,2004,13236,正常
two,宣城市2005.txt,宣城市,2005,12234,正常
two,宣城市2006.txt,宣城市,2006,9185,正常
two,宣城市2007.txt,宣城市,2007,6463,正常
two,宣城市2008.txt,宣城市,2008,4336,正常
two,宣城市2009.txt,宣城市,2009,14589,正常
two,宣城市2010.txt,宣城市,2010,8356,正常
two,宣城市2011.txt,宣城市,2011,17049,正常
two,宣城市2012.txt,宣城市,2012,8722,正常
two,宣城市2013.txt,宣城市,2013,15027,正常
two,宣城市2014.txt,宣城市,2014,16467,正常
two,宣城市2015.txt,宣城市,2015,16073,正常
two,宣城市2016.txt,宣城市,2016,20810,正常
two,宣城市2017.txt,宣城市,2017,19322,正常
two,宣城市2018.txt,宣城市,2018,19621,正常
two,宣城市2019.txt,宣城市,2019,17182,正常
two,宣城市2020.txt,宣城市,2020,16242,正常
two,宣城市2021.txt,宣城市,2021,16254,正常
two,宣城市2022.txt,宣城市,2022,18359,正常
two,宣城市2023.txt,宣城市,2023,17677,正常
two,宣城市2024.txt,宣城市,2024,19333,正常
two,宣城市_2025.txt,宣城市,2025,14308,正常
two,宿州市2003.txt,宿州市,2003,13415,正常
two,宿州市2004.txt,宿州市,2004,14253,正常
two,宿州市2005.txt,宿州市,2005,10103,正常
two,宿州市2006.txt,宿州市,2006,12810,正常
two,宿州市2007.txt,宿州市,2007,11920,正常
two,宿州市2008.txt,宿州市,2008,11117,正常
two,宿州市2009.txt,宿州市,2009,15637,正常
two,宿州市2010.txt,宿州市,2010,13331,正常
two,宿州市2011.txt,宿州市,2011,13747,正常
two,宿州市2012.txt,宿州市,2012,7676,正常
two,宿州市2013.txt,宿州市,2013,15132,正常
two,宿州市2014.txt,宿州市,2014,12974,正常
two,宿州市2015.txt,宿州市,2015,13175,正常
two,宿州市2016.txt,宿州市,2016,15713,正常
two,宿州市2017.txt,宿州市,2017,13938,正常
two,宿州市2018.txt,宿州市,2018,18453,正常
two,宿州市2019.txt,宿州市,2019,16621,正常
two,宿州市2020.txt,宿州市,2020,18645,正常
two,宿州市2021.txt,宿州市,2021,18709,正常
two,宿州市2022.txt,宿州市,2022,16787,正常
two,宿州市2023.txt,宿州市,2023,14965,正常
two,宿州市2024.txt,宿州市,2024,16106,正常
two,宿州市_2025.txt,宿州市,2025,15712,正常
two,宿迁市2003.txt,宿迁市,2003,1,空文件
two,宿迁市2004.txt,宿迁市,2004,1,空文件
two,宿迁市2005.txt,宿迁市,2005,2903,正常
two,宿迁市2006.txt,宿迁市,2006,14013,正常
two,宿迁市2007.txt,宿迁市,2007,16782,正常
two,宿迁市2008.txt,宿迁市,2008,16749,正常
two,宿迁市2009.txt,宿迁市,2009,15581,正常
two,宿迁市2010.txt,宿迁市,2010,17873,正常
two,宿迁市2011.txt,宿迁市,2011,17892,正常
two,宿迁市2012.txt,宿迁市,2012,17168,正常
two,宿迁市2013.txt,宿迁市,2013,11115,正常
two,宿迁市2014.txt,宿迁市,2014,18350,正常
two,宿迁市2015.txt,宿迁市,2015,20736,正常
two,宿迁市2016.txt,宿迁市,2016,19654,正常
two,宿迁市2017.txt,宿迁市,2017,25755,正常
two,宿迁市2018.txt,宿迁市,2018,19034,正常
two,宿迁市2019.txt,宿迁市,2019,18223,正常
two,宿迁市2020.txt,宿迁市,2020,17223,正常
two,宿迁市2021.txt,宿迁市,2021,18052,正常
two,宿迁市2022.txt,宿迁市,2022,16533,正常
two,宿迁市2023.txt,宿迁市,2023,14669,正常
two,宿迁市2024.txt,宿迁市,2024,16914,正常
two,宿迁市_2025.txt,宿迁市,2025,15831,正常
two,岳阳市2003.txt,岳阳市,2003,1,空文件
two,岳阳市2004.txt,岳阳市,2004,7443,正常
two,岳阳市2005.txt,岳阳市,2005,14415,正常
two,岳阳市2006.txt,岳阳市,2006,18402,正常
two,岳阳市2007.txt,岳阳市,2007,17548,正常
two,岳阳市2008.txt,岳阳市,2008,6186,正常
two,岳阳市2009.txt,岳阳市,2009,17089,正常
two,岳阳市2010.txt,岳阳市,2010,16442,正常
two,岳阳市2011.txt,岳阳市,2011,17858,正常
two,岳阳市2012.txt,岳阳市,2012,17134,正常
two,岳阳市2013.txt,岳阳市,2013,18511,正常
two,岳阳市2014.txt,岳阳市,2014,14437,正常
two,岳阳市2015.txt,岳阳市,2015,14256,正常
two,岳阳市2016.txt,岳阳市,2016,14995,正常
two,岳阳市2017.txt,岳阳市,2017,15680,正常
two,岳阳市2018.txt,岳阳市,2018,17577,正常
two,岳阳市2019.txt,岳阳市,2019,17680,正常
two,岳阳市2020.txt,岳阳市,2020,18413,正常
two,岳阳市2021.txt,岳阳市,2021,19867,正常
two,岳阳市2022.txt,岳阳市,2022,17799,正常
two,岳阳市2023.txt,岳阳市,2023,16938,正常
two,岳阳市2024.txt,岳阳市,2024,17940,正常
two,岳阳市_2025.txt,岳阳市,2025,14506,正常
two,崇左市2003.txt,崇左市,2003,13880,正常
two,崇左市2004.txt,崇左市,2004,14334,正常
two,崇左市2005.txt,崇左市,2005,15778,正常
two,崇左市2006.txt,崇左市,2006,23442,正常
two,崇左市2007.txt,崇左市,2007,9989,正常
two,崇左市2008.txt,崇左市,2008,19335,正常
two,崇左市2009.txt,崇左市,2009,22766,正常
two,崇左市2010.txt,崇左市,2010,23293,正常
two,崇左市2011.txt,崇左市,2011,28714,正常
two,崇左市2012.txt,崇左市,2012,21613,正常
two,崇左市2013.txt,崇左市,2013,19354,正常
two,崇左市2014.txt,崇左市,2014,17453,正常
two,崇左市2015.txt,崇左市,2015,14346,正常
two,崇左市2016.txt,崇左市,2016,16855,正常
two,崇左市2017.txt,崇左市,2017,15106,正常
two,崇左市2018.txt,崇左市,2018,16509,正常
two,崇左市2019.txt,崇左市,2019,19763,正常
two,崇左市2020.txt,崇左市,2020,19862,正常
two,崇左市2021.txt,崇左市,2021,17671,正常
two,崇左市2022.txt,崇左市,2022,10993,正常
two,崇左市2023.txt,崇左市,2023,16573,正常
two,崇左市2024.txt,崇左市,2024,16677,正常
two,崇左市_2025.txt,崇左市,2025,15321,正常
two,巴中市2003.txt,巴中市,2003,1,空文件
two,巴中市2004.txt,巴中市,2004,1,空文件
two,巴中市2005.txt,巴中市,2005,1,空文件
two,巴中市2006.txt,巴中市,2006,7113,正常
two,巴中市2007.txt,巴中市,2007,14099,正常
two,巴中市2008.txt,巴中市,2008,15816,正常
two,巴中市2009.txt,巴中市,2009,14371,正常
two,巴中市2010.txt,巴中市,2010,15194,正常
two,巴中市2011.txt,巴中市,2011,16346,正常
two,巴中市2012.txt,巴中市,2012,12031,正常
two,巴中市2013.txt,巴中市,2013,13950,正常
two,巴中市2014.txt,巴中市,2014,10947,正常
two,巴中市2015.txt,巴中市,2015,12435,正常
two,巴中市2016.txt,巴中市,2016,16192,正常
two,巴中市2017.txt,巴中市,2017,16207,正常
two,巴中市2018.txt,巴中市,2018,17185,正常
two,巴中市2019.txt,巴中市,2019,17240,正常
two,巴中市2020.txt,巴中市,2020,17589,正常
two,巴中市2021.txt,巴中市,2021,19269,正常
two,巴中市2022.txt,巴中市,2022,19109,正常
two,巴中市2023.txt,巴中市,2023,19962,正常
two,巴中市2024.txt,巴中市,2024,16970,正常
two,巴中市_2025.txt,巴中市,2025,16007,正常
two,巴彦淖尔市2003.txt,巴彦淖尔市,2003,1,空文件
two,巴彦淖尔市2004.txt,巴彦淖尔市,2004,1,空文件
two,巴彦淖尔市2005.txt,巴彦淖尔市,2005,1,空文件
two,巴彦淖尔市2006.txt,巴彦淖尔市,2006,1,空文件
two,巴彦淖尔市2007.txt,巴彦淖尔市,2007,1,空文件
two,巴彦淖尔市2008.txt,巴彦淖尔市,2008,1,空文件
two,巴彦淖尔市2009.txt,巴彦淖尔市,2009,1,空文件
two,巴彦淖尔市2010.txt,巴彦淖尔市,2010,14281,正常
two,巴彦淖尔市2011.txt,巴彦淖尔市,2011,1,空文件
two,巴彦淖尔市2012.txt,巴彦淖尔市,2012,10281,正常
two,巴彦淖尔市2013.txt,巴彦淖尔市,2013,10641,正常
two,巴彦淖尔市2014.txt,巴彦淖尔市,2014,9876,正常
two,巴彦淖尔市2015.txt,巴彦淖尔市,2015,12456,正常
two,巴彦淖尔市2016.txt,巴彦淖尔市,2016,14348,正常
two,巴彦淖尔市2017.txt,巴彦淖尔市,2017,13965,正常
two,巴彦淖尔市2018.txt,巴彦淖尔市,2018,20338,正常
two,巴彦淖尔市2019.txt,巴彦淖尔市,2019,15701,正常
two,巴彦淖尔市2020.txt,巴彦淖尔市,2020,13134,正常
two,巴彦淖尔市2021.txt,巴彦淖尔市,2021,15561,正常
two,巴彦淖尔市2022.txt,巴彦淖尔市,2022,14264,正常
two,巴彦淖尔市2023.txt,巴彦淖尔市,2023,12036,正常
two,巴彦淖尔市2024.txt,巴彦淖尔市,2024,10263,正常
two,巴彦淖尔市_2025.txt,巴彦淖尔市,2025,12069,正常
two,常州市2003.txt,常州市,2003,17300,正常
two,常州市2004.txt,常州市,2004,13769,正常
two,常州市2005.txt,常州市,2005,15406,正常
two,常州市2006.txt,常州市,2006,13707,正常
two,常州市2007.txt,常州市,2007,13435,正常
two,常州市2008.txt,常州市,2008,13156,正常
two,常州市2009.txt,常州市,2009,12436,正常
two,常州市2010.txt,常州市,2010,13167,正常
two,常州市2011.txt,常州市,2011,1736,正常
two,常州市2012.txt,常州市,2012,15038,正常
two,常州市2013.txt,常州市,2013,14755,正常
two,常州市2014.txt,常州市,2014,10478,正常
two,常州市2015.txt,常州市,2015,13257,正常
two,常州市2016.txt,常州市,2016,13004,正常
two,常州市2017.txt,常州市,2017,14936,正常
two,常州市2018.txt,常州市,2018,14379,正常
two,常州市2019.txt,常州市,2019,15854,正常
two,常州市2020.txt,常州市,2020,17652,正常
two,常州市2021.txt,常州市,2021,15034,正常
two,常州市2022.txt,常州市,2022,16302,正常
two,常州市2023.txt,常州市,2023,15149,正常
two,常州市2024.txt,常州市,2024,15025,正常
two,常州市_2025.txt,常州市,2025,14592,正常
two,常德市2003.txt,常德市,2003,13293,正常
two,常德市2004.txt,常德市,2004,12637,正常
two,常德市2005.txt,常德市,2005,10911,正常
two,常德市2006.txt,常德市,2006,12262,正常
two,常德市2007.txt,常德市,2007,12465,正常
two,常德市2008.txt,常德市,2008,16524,正常
two,常德市2009.txt,常德市,2009,18571,正常
two,常德市2010.txt,常德市,2010,21543,正常
two,常德市2011.txt,常德市,2011,21797,正常
two,常德市2012.txt,常德市,2012,22798,正常
two,常德市2013.txt,常德市,2013,23118,正常
two,常德市2014.txt,常德市,2014,17738,正常
two,常德市2015.txt,常德市,2015,17787,正常
two,常德市2016.txt,常德市,2016,18954,正常
two,常德市2017.txt,常德市,2017,19057,正常
two,常德市2018.txt,常德市,2018,16478,正常
two,常德市2019.txt,常德市,2019,16393,正常
two,常德市2020.txt,常德市,2020,18111,正常
two,常德市2021.txt,常德市,2021,18134,正常
two,常德市2022.txt,常德市,2022,17842,正常
two,常德市2023.txt,常德市,2023,16526,正常
two,常德市2024.txt,常德市,2024,16166,正常
two,常德市_2025.txt,常德市,2025,16464,正常
two,平凉市2003.txt,平凉市,2003,1,空文件
two,平凉市2004.txt,平凉市,2004,1,空文件
two,平凉市2005.txt,平凉市,2005,1,空文件
two,平凉市2006.txt,平凉市,2006,1,空文件
two,平凉市2007.txt,平凉市,2007,1,空文件
two,平凉市2008.txt,平凉市,2008,1,空文件
two,平凉市2009.txt,平凉市,2009,1,空文件
two,平凉市2010.txt,平凉市,2010,16692,正常
two,平凉市2011.txt,平凉市,2011,32022,正常
two,平凉市2012.txt,平凉市,2012,17275,正常
two,平凉市2013.txt,平凉市,2013,15131,正常
two,平凉市2014.txt,平凉市,2014,16616,正常
two,平凉市2015.txt,平凉市,2015,17628,正常
two,平凉市2016.txt,平凉市,2016,20281,正常
two,平凉市2017.txt,平凉市,2017,16926,正常
two,平凉市2018.txt,平凉市,2018,17321,正常
two,平凉市2019.txt,平凉市,2019,17003,正常
two,平凉市2020.txt,平凉市,2020,18616,正常
two,平凉市2021.txt,平凉市,2021,16239,正常
two,平凉市2022.txt,平凉市,2022,16961,正常
two,平凉市2023.txt,平凉市,2023,14534,正常
two,平凉市2024.txt,平凉市,2024,17062,正常
two,平凉市2025.txt,平凉市,2025,17751,正常
two,平顶山市2003.txt,平顶山市,2003,15027,正常
two,平顶山市2004.txt,平顶山市,2004,17452,正常
two,平顶山市2005.txt,平顶山市,2005,18122,正常
two,平顶山市2006.txt,平顶山市,2006,16717,正常
two,平顶山市2007.txt,平顶山市,2007,17377,正常
two,平顶山市2008.txt,平顶山市,2008,18380,正常
two,平顶山市2009.txt,平顶山市,2009,18101,正常
two,平顶山市2010.txt,平顶山市,2010,16823,正常
two,平顶山市2011.txt,平顶山市,2011,16979,正常
two,平顶山市2012.txt,平顶山市,2012,14849,正常
two,平顶山市2013.txt,平顶山市,2013,11848,正常
two,平顶山市2014.txt,平顶山市,2014,15357,正常
two,平顶山市2015.txt,平顶山市,2015,11291,正常
two,平顶山市2016.txt,平顶山市,2016,16493,正常
two,平顶山市2017.txt,平顶山市,2017,14961,正常
two,平顶山市2018.txt,平顶山市,2018,18186,正常
two,平顶山市2019.txt,平顶山市,2019,18076,正常
two,平顶山市2020.txt,平顶山市,2020,18269,正常
two,平顶山市2021.txt,平顶山市,2021,20707,正常
two,平顶山市2022.txt,平顶山市,2022,13380,正常
two,平顶山市2023.txt,平顶山市,2023,16701,正常
two,平顶山市2024.txt,平顶山市,2024,13850,正常
two,平顶山市2025.txt,平顶山市,2025,14053,正常
two,广元市2003.txt,广元市,2003,13512,正常
two,广元市2004.txt,广元市,2004,14578,正常
two,广元市2005.txt,广元市,2005,13070,正常
two,广元市2006.txt,广元市,2006,18068,正常
two,广元市2007.txt,广元市,2007,14248,正常
two,广元市2008.txt,广元市,2008,15448,正常
two,广元市2009.txt,广元市,2009,14395,正常
two,广元市2010.txt,广元市,2010,15968,正常
two,广元市2011.txt,广元市,2011,16356,正常
two,广元市2012.txt,广元市,2012,16851,正常
two,广元市2013.txt,广元市,2013,14300,正常
two,广元市2014.txt,广元市,2014,15692,正常
two,广元市2015.txt,广元市,2015,16276,正常
two,广元市2016.txt,广元市,2016,18054,正常
two,广元市2017.txt,广元市,2017,13251,正常
two,广元市2018.txt,广元市,2018,14047,正常
two,广元市2019.txt,广元市,2019,14645,正常
two,广元市2020.txt,广元市,2020,15591,正常
two,广元市2021.txt,广元市,2021,18047,正常
two,广元市2022.txt,广元市,2022,18890,正常
two,广元市2023.txt,广元市,2023,18969,正常
two,广元市2024.txt,广元市,2024,22848,正常
two,广元市2025.txt,广元市,2025,6019,正常
two,广安市2003.txt,广安市,2003,15217,正常
two,广安市2004.txt,广安市,2004,15355,正常
two,广安市2005.txt,广安市,2005,1,空文件
two,广安市2006.txt,广安市,2006,15382,正常
two,广安市2007.txt,广安市,2007,14587,正常
two,广安市2008.txt,广安市,2008,18169,正常
two,广安市2009.txt,广安市,2009,1,空文件
two,广安市2010.txt,广安市,2010,16687,正常
two,广安市2011.txt,广安市,2011,1,空文件
two,广安市2012.txt,广安市,2012,1,空文件
two,广安市2013.txt,广安市,2013,1,空文件
two,广安市2014.txt,广安市,2014,16335,正常
two,广安市2015.txt,广安市,2015,18379,正常
two,广安市2016.txt,广安市,2016,20003,正常
two,广安市2017.txt,广安市,2017,20372,正常
two,广安市2018.txt,广安市,2018,14327,正常
two,广安市2019.txt,广安市,2019,17135,正常
two,广安市2020.txt,广安市,2020,17224,正常
two,广安市2021.txt,广安市,2021,15664,正常
two,广安市2022.txt,广安市,2022,18597,正常
two,广安市2023.txt,广安市,2023,16124,正常
two,广安市2024.txt,广安市,2024,16247,正常
two,广安市2025.txt,广安市,2025,16571,正常
two,广州市2003.txt,广州市,2003,18163,正常
two,广州市2004.txt,广州市,2004,18560,正常
two,广州市2005.txt,广州市,2005,18042,正常
two,广州市2006.txt,广州市,2006,19328,正常
two,广州市2007.txt,广州市,2007,15818,正常
two,广州市2008.txt,广州市,2008,16631,正常
two,广州市2009.txt,广州市,2009,18745,正常
two,广州市2010.txt,广州市,2010,20070,正常
two,广州市2011.txt,广州市,2011,20279,正常
two,广州市2012.txt,广州市,2012,21757,正常
two,广州市2013.txt,广州市,2013,14480,正常
two,广州市2014.txt,广州市,2014,14571,正常
two,广州市2015.txt,广州市,2015,14402,正常
two,广州市2016.txt,广州市,2016,19334,正常
two,广州市2017.txt,广州市,2017,19693,正常
two,广州市2018.txt,广州市,2018,19092,正常
two,广州市2019.txt,广州市,2019,17843,正常
two,广州市2020.txt,广州市,2020,18822,正常
two,广州市2021.txt,广州市,2021,22812,正常
two,广州市2022.txt,广州市,2022,23508,正常
two,广州市2023.txt,广州市,2023,24106,正常
two,广州市2024.txt,广州市,2024,24570,正常
two,广州市2025.txt,广州市,2025,25592,正常
two,庆阳市2003.txt,庆阳市,2003,1,空文件
two,庆阳市2004.txt,庆阳市,2004,14791,正常
two,庆阳市2005.txt,庆阳市,2005,18193,正常
two,庆阳市2006.txt,庆阳市,2006,18424,正常
two,庆阳市2007.txt,庆阳市,2007,17480,正常
two,庆阳市2008.txt,庆阳市,2008,17218,正常
two,庆阳市2009.txt,庆阳市,2009,17326,正常
two,庆阳市2010.txt,庆阳市,2010,15009,正常
two,庆阳市2011.txt,庆阳市,2011,18040,正常
two,庆阳市2012.txt,庆阳市,2012,16836,正常
two,庆阳市2013.txt,庆阳市,2013,2,空文件
two,庆阳市2014.txt,庆阳市,2014,12527,正常
two,庆阳市2015.txt,庆阳市,2015,13594,正常
two,庆阳市2016.txt,庆阳市,2016,15990,正常
two,庆阳市2017.txt,庆阳市,2017,16244,正常
two,庆阳市2018.txt,庆阳市,2018,15835,正常
two,庆阳市2019.txt,庆阳市,2019,15250,正常
two,庆阳市2020.txt,庆阳市,2020,16485,正常
two,庆阳市2021.txt,庆阳市,2021,23101,正常
two,庆阳市2022.txt,庆阳市,2022,16499,正常
two,庆阳市2023.txt,庆阳市,2023,16899,正常
two,庆阳市2024.txt,庆阳市,2024,18218,正常
two,庆阳市2025.txt,庆阳市,2025,9368,正常
two,廊坊市2003.txt,廊坊市,2003,1,空文件
two,廊坊市2004.txt,廊坊市,2004,1,空文件
two,廊坊市2005.txt,廊坊市,2005,17238,正常
two,廊坊市2006.txt,廊坊市,2006,17148,正常
two,廊坊市2007.txt,廊坊市,2007,16167,正常
two,廊坊市2008.txt,廊坊市,2008,14221,正常
two,廊坊市2009.txt,廊坊市,2009,8352,正常
two,廊坊市2010.txt,廊坊市,2010,13470,正常
two,廊坊市2011.txt,廊坊市,2011,3412,正常
two,廊坊市2012.txt,廊坊市,2012,16861,正常
two,廊坊市2013.txt,廊坊市,2013,18192,正常
two,廊坊市2014.txt,廊坊市,2014,17195,正常
two,廊坊市2015.txt,廊坊市,2015,16495,正常
two,廊坊市2016.txt,廊坊市,2016,23024,正常
two,廊坊市2017.txt,廊坊市,2017,18606,正常
two,廊坊市2018.txt,廊坊市,2018,18074,正常
two,廊坊市2019.txt,廊坊市,2019,10111,正常
two,廊坊市2020.txt,廊坊市,2020,10488,正常
two,廊坊市2021.txt,廊坊市,2021,9499,正常
two,廊坊市2022.txt,廊坊市,2022,14452,正常
two,廊坊市2023.txt,廊坊市,2023,10583,正常
two,廊坊市2024.txt,廊坊市,2024,12398,正常
two,廊坊市2025.txt,廊坊市,2025,8227,正常
two,延安市2003.txt,延安市,2003,11891,正常
two,延安市2004.txt,延安市,2004,15971,正常
two,延安市2005.txt,延安市,2005,14763,正常
two,延安市2006.txt,延安市,2006,14923,正常
two,延安市2007.txt,延安市,2007,16186,正常
two,延安市2008.txt,延安市,2008,16619,正常
two,延安市2009.txt,延安市,2009,17866,正常
two,延安市2010.txt,延安市,2010,13707,正常
two,延安市2011.txt,延安市,2011,14913,正常
two,延安市2012.txt,延安市,2012,15300,正常
two,延安市2013.txt,延安市,2013,13696,正常
two,延安市2014.txt,延安市,2014,13506,正常
two,延安市2015.txt,延安市,2015,14143,正常
two,延安市2016.txt,延安市,2016,15119,正常
two,延安市2017.txt,延安市,2017,18546,正常
two,延安市2018.txt,延安市,2018,15355,正常
two,延安市2019.txt,延安市,2019,14977,正常
two,延安市2020.txt,延安市,2020,15384,正常
two,延安市2021.txt,延安市,2021,17090,正常
two,延安市2022.txt,延安市,2022,14532,正常
two,延安市2023.txt,延安市,2023,17158,正常
two,延安市2024.txt,延安市,2024,17723,正常
two,延安市2025.txt,延安市,2025,14269,正常
two,开封市2003.txt,开封市,2003,12814,正常
two,开封市2004.txt,开封市,2004,12798,正常
two,开封市2005.txt,开封市,2005,12842,正常
two,开封市2006.txt,开封市,2006,13693,正常
two,开封市2007.txt,开封市,2007,16295,正常
two,开封市2008.txt,开封市,2008,15846,正常
two,开封市2009.txt,开封市,2009,18322,正常
two,开封市2010.txt,开封市,2010,16855,正常
two,开封市2011.txt,开封市,2011,18406,正常
two,开封市2012.txt,开封市,2012,16689,正常
two,开封市2013.txt,开封市,2013,12002,正常
two,开封市2014.txt,开封市,2014,17371,正常
two,开封市2015.txt,开封市,2015,17396,正常
two,开封市2016.txt,开封市,2016,35514,正常
two,开封市2017.txt,开封市,2017,19800,正常
two,开封市2018.txt,开封市,2018,18271,正常
two,开封市2019.txt,开封市,2019,18109,正常
two,开封市2020.txt,开封市,2020,17947,正常
two,开封市2021.txt,开封市,2021,21816,正常
two,开封市2022.txt,开封市,2022,20624,正常
two,开封市2023.txt,开封市,2023,24309,正常
two,开封市2024.txt,开封市,2024,17506,正常
two,开封市2025.txt,开封市,2025,15101,正常
two,张家口市2003.txt,张家口市,2003,1,空文件
two,张家口市2004.txt,张家口市,2004,1,空文件
two,张家口市2005.txt,张家口市,2005,1,空文件
two,张家口市2006.txt,张家口市,2006,1,空文件
two,张家口市2007.txt,张家口市,2007,1,空文件
two,张家口市2008.txt,张家口市,2008,6560,正常
two,张家口市2009.txt,张家口市,2009,1,空文件
two,张家口市2010.txt,张家口市,2010,17260,正常
two,张家口市2011.txt,张家口市,2011,1,空文件
two,张家口市2012.txt,张家口市,2012,1994,正常
two,张家口市2013.txt,张家口市,2013,1,空文件
two,张家口市2014.txt,张家口市,2014,11245,正常
two,张家口市2015.txt,张家口市,2015,14894,正常
two,张家口市2016.txt,张家口市,2016,19204,正常
two,张家口市2017.txt,张家口市,2017,18460,正常
two,张家口市2018.txt,张家口市,2018,20080,正常
two,张家口市2019.txt,张家口市,2019,16594,正常
two,张家口市2020.txt,张家口市,2020,21019,正常
two,张家口市2021.txt,张家口市,2021,16314,正常
two,张家口市2022.txt,张家口市,2022,13402,正常
two,张家口市2023.txt,张家口市,2023,14615,正常
two,张家口市2024.txt,张家口市,2024,11911,正常
two,张家口市2025.txt,张家口市,2025,11608,正常
two,张家界市2003.txt,张家界市,2003,13187,正常
two,张家界市2004.txt,张家界市,2004,13960,正常
two,张家界市2005.txt,张家界市,2005,12486,正常
two,张家界市2006.txt,张家界市,2006,14608,正常
two,张家界市2007.txt,张家界市,2007,13125,正常
two,张家界市2008.txt,张家界市,2008,10306,正常
two,张家界市2009.txt,张家界市,2009,12398,正常
two,张家界市2010.txt,张家界市,2010,16482,正常
two,张家界市2011.txt,张家界市,2011,18833,正常
two,张家界市2012.txt,张家界市,2012,9989,正常
two,张家界市2013.txt,张家界市,2013,17862,正常
two,张家界市2014.txt,张家界市,2014,16996,正常
two,张家界市2015.txt,张家界市,2015,16523,正常
two,张家界市2016.txt,张家界市,2016,15592,正常
two,张家界市2017.txt,张家界市,2017,15480,正常
two,张家界市2018.txt,张家界市,2018,15159,正常
two,张家界市2019.txt,张家界市,2019,10253,正常
two,张家界市2020.txt,张家界市,2020,14563,正常
two,张家界市2021.txt,张家界市,2021,16894,正常
two,张家界市2022.txt,张家界市,2022,17570,正常
two,张家界市2023.txt,张家界市,2023,17570,正常
two,张家界市2024.txt,张家界市,2024,19148,正常
two,张家界市2025.txt,张家界市,2025,7240,正常
two,张掖市2003.txt,张掖市,2003,15971,正常
two,张掖市2004.txt,张掖市,2004,13408,正常
two,张掖市2005.txt,张掖市,2005,1768,正常
two,张掖市2006.txt,张掖市,2006,15046,正常
two,张掖市2007.txt,张掖市,2007,15203,正常
two,张掖市2008.txt,张掖市,2008,14406,正常
two,张掖市2009.txt,张掖市,2009,14772,正常
two,张掖市2010.txt,张掖市,2010,13860,正常
two,张掖市2011.txt,张掖市,2011,19979,正常
two,张掖市2012.txt,张掖市,2012,18520,正常
two,张掖市2013.txt,张掖市,2013,15757,正常
two,张掖市2014.txt,张掖市,2014,17273,正常
two,张掖市2015.txt,张掖市,2015,15615,正常
two,张掖市2016.txt,张掖市,2016,9147,正常
two,张掖市2017.txt,张掖市,2017,20633,正常
two,张掖市2018.txt,张掖市,2018,17925,正常
two,张掖市2019.txt,张掖市,2019,18922,正常
two,张掖市2020.txt,张掖市,2020,12047,正常
two,张掖市2021.txt,张掖市,2021,20406,正常
two,张掖市2022.txt,张掖市,2022,16492,正常
two,张掖市2023.txt,张掖市,2023,18717,正常
two,张掖市2024.txt,张掖市,2024,11194,正常
two,张掖市2025.txt,张掖市,2025,15978,正常
two,徐州市2003.txt,徐州市,2003,1,空文件
two,徐州市2004.txt,徐州市,2004,13782,正常
two,徐州市2005.txt,徐州市,2005,12773,正常
two,徐州市2006.txt,徐州市,2006,17000,正常
two,徐州市2007.txt,徐州市,2007,17467,正常
two,徐州市2008.txt,徐州市,2008,17452,正常
two,徐州市2009.txt,徐州市,2009,15716,正常
two,徐州市2010.txt,徐州市,2010,13704,正常
two,徐州市2011.txt,徐州市,2011,14275,正常
two,徐州市2012.txt,徐州市,2012,12201,正常
two,徐州市2013.txt,徐州市,2013,14178,正常
two,徐州市2014.txt,徐州市,2014,15496,正常
two,徐州市2015.txt,徐州市,2015,15455,正常
two,徐州市2016.txt,徐州市,2016,16976,正常
two,徐州市2017.txt,徐州市,2017,17039,正常
two,徐州市2018.txt,徐州市,2018,17240,正常
two,徐州市2019.txt,徐州市,2019,15955,正常
two,徐州市2020.txt,徐州市,2020,16618,正常
two,徐州市2021.txt,徐州市,2021,16316,正常
two,徐州市2022.txt,徐州市,2022,17869,正常
two,徐州市2023.txt,徐州市,2023,16151,正常
two,徐州市2024.txt,徐州市,2024,15354,正常
two,徐州市2025.txt,徐州市,2025,14843,正常
two,德州市2003.txt,德州市,2003,10243,正常
two,德州市2004.txt,德州市,2004,8252,正常
two,德州市2005.txt,德州市,2005,10609,正常
two,德州市2006.txt,德州市,2006,10710,正常
two,德州市2007.txt,德州市,2007,16259,正常
two,德州市2008.txt,德州市,2008,14475,正常
two,德州市2009.txt,德州市,2009,18043,正常
two,德州市2010.txt,德州市,2010,18019,正常
two,德州市2011.txt,德州市,2011,16045,正常
two,德州市2012.txt,德州市,2012,14110,正常
two,德州市2013.txt,德州市,2013,11663,正常
two,德州市2014.txt,德州市,2014,13198,正常
two,德州市2015.txt,德州市,2015,14665,正常
two,德州市2016.txt,德州市,2016,13207,正常
two,德州市2017.txt,德州市,2017,14733,正常
two,德州市2018.txt,德州市,2018,15446,正常
two,德州市2019.txt,德州市,2019,15517,正常
two,德州市2020.txt,德州市,2020,18330,正常
two,德州市2021.txt,德州市,2021,18120,正常
two,德州市2022.txt,德州市,2022,16458,正常
two,德州市2023.txt,德州市,2023,14405,正常
two,德州市2024.txt,德州市,2024,13997,正常
two,德州市2025.txt,德州市,2025,11801,正常
two,德阳市2003.txt,德阳市,2003,1,空文件
two,德阳市2004.txt,德阳市,2004,1,空文件
two,德阳市2005.txt,德阳市,2005,1,空文件
two,德阳市2006.txt,德阳市,2006,1,空文件
two,德阳市2007.txt,德阳市,2007,16029,正常
two,德阳市2008.txt,德阳市,2008,14769,正常
two,德阳市2009.txt,德阳市,2009,14523,正常
two,德阳市2010.txt,德阳市,2010,13061,正常
two,德阳市2011.txt,德阳市,2011,17407,正常
two,德阳市2012.txt,德阳市,2012,16897,正常
two,德阳市2013.txt,德阳市,2013,13186,正常
two,德阳市2014.txt,德阳市,2014,12432,正常
two,德阳市2015.txt,德阳市,2015,11874,正常
two,德阳市2016.txt,德阳市,2016,14771,正常
two,德阳市2017.txt,德阳市,2017,14787,正常
two,德阳市2018.txt,德阳市,2018,11920,正常
two,德阳市2019.txt,德阳市,2019,17017,正常
two,德阳市2020.txt,德阳市,2020,20215,正常
two,德阳市2021.txt,德阳市,2021,22934,正常
two,德阳市2022.txt,德阳市,2022,26346,正常
two,德阳市2023.txt,德阳市,2023,22312,正常
two,德阳市2024.txt,德阳市,2024,22959,正常
two,德阳市2025.txt,德阳市,2025,18426,正常
two,忻州市2003.txt,忻州市,2003,1,空文件
two,忻州市2004.txt,忻州市,2004,1,空文件
two,忻州市2005.txt,忻州市,2005,1,空文件
two,忻州市2006.txt,忻州市,2006,1,空文件
two,忻州市2007.txt,忻州市,2007,1,空文件
two,忻州市2008.txt,忻州市,2008,1,空文件
two,忻州市2009.txt,忻州市,2009,17602,正常
two,忻州市2010.txt,忻州市,2010,17166,正常
two,忻州市2011.txt,忻州市,2011,23758,正常
two,忻州市2012.txt,忻州市,2012,15743,正常
two,忻州市2013.txt,忻州市,2013,14954,正常
two,忻州市2014.txt,忻州市,2014,16319,正常
two,忻州市2015.txt,忻州市,2015,17717,正常
two,忻州市2016.txt,忻州市,2016,18699,正常
two,忻州市2017.txt,忻州市,2017,22890,正常
two,忻州市2018.txt,忻州市,2018,20288,正常
two,忻州市2019.txt,忻州市,2019,6582,正常
two,忻州市2020.txt,忻州市,2020,19508,正常
two,忻州市2021.txt,忻州市,2021,19873,正常
two,忻州市2022.txt,忻州市,2022,19262,正常
two,忻州市2023.txt,忻州市,2023,20567,正常
two,忻州市2024.txt,忻州市,2024,20177,正常
two,忻州市2025.txt,忻州市,2025,18330,正常
two,怀化市2003.txt,怀化市,2003,1,空文件
two,怀化市2004.txt,怀化市,2004,1,空文件
two,怀化市2005.txt,怀化市,2005,1,空文件
two,怀化市2006.txt,怀化市,2006,1,空文件
two,怀化市2007.txt,怀化市,2007,14469,正常
two,怀化市2008.txt,怀化市,2008,15020,正常
two,怀化市2009.txt,怀化市,2009,14393,正常
two,怀化市2010.txt,怀化市,2010,17069,正常
two,怀化市2011.txt,怀化市,2011,21548,正常
two,怀化市2012.txt,怀化市,2012,18479,正常
two,怀化市2013.txt,怀化市,2013,18313,正常
two,怀化市2014.txt,怀化市,2014,15390,正常
two,怀化市2015.txt,怀化市,2015,12340,正常
two,怀化市2016.txt,怀化市,2016,14578,正常
two,怀化市2017.txt,怀化市,2017,14406,正常
two,怀化市2018.txt,怀化市,2018,13556,正常
two,怀化市2019.txt,怀化市,2019,12531,正常
two,怀化市2020.txt,怀化市,2020,10512,正常
two,怀化市2021.txt,怀化市,2021,16452,正常
two,怀化市2022.txt,怀化市,2022,20254,正常
two,怀化市2023.txt,怀化市,2023,18918,正常
two,怀化市2024.txt,怀化市,2024,22188,正常
two,怀化市2025.txt,怀化市,2025,21577,正常
two,惠州市2003.txt,惠州市,2003,16355,正常
two,惠州市2004.txt,惠州市,2004,15891,正常
two,惠州市2005.txt,惠州市,2005,15507,正常
two,惠州市2006.txt,惠州市,2006,17040,正常
two,惠州市2007.txt,惠州市,2007,18509,正常
two,惠州市2008.txt,惠州市,2008,16653,正常
two,惠州市2009.txt,惠州市,2009,15037,正常
two,惠州市2010.txt,惠州市,2010,18749,正常
two,惠州市2011.txt,惠州市,2011,19261,正常
two,惠州市2012.txt,惠州市,2012,14178,正常
two,惠州市2013.txt,惠州市,2013,13374,正常
two,惠州市2014.txt,惠州市,2014,14754,正常
two,惠州市2015.txt,惠州市,2015,15486,正常
two,惠州市2016.txt,惠州市,2016,19545,正常
two,惠州市2017.txt,惠州市,2017,2,空文件
two,惠州市2018.txt,惠州市,2018,20675,正常
two,惠州市2019.txt,惠州市,2019,16041,正常
two,惠州市2020.txt,惠州市,2020,18417,正常
two,惠州市2021.txt,惠州市,2021,21707,正常
two,惠州市2022.txt,惠州市,2022,23223,正常
two,惠州市2023.txt,惠州市,2023,24370,正常
two,惠州市2024.txt,惠州市,2024,25440,正常
two,惠州市2025.txt,惠州市,2025,14298,正常
two,成都市2003.txt,成都市,2003,1,空文件
two,成都市2004.txt,成都市,2004,1,空文件
two,成都市2005.txt,成都市,2005,1,空文件
two,成都市2006.txt,成都市,2006,10304,正常
two,成都市2007.txt,成都市,2007,29502,正常
two,成都市2008.txt,成都市,2008,29514,正常
two,成都市2009.txt,成都市,2009,16143,正常
two,成都市2010.txt,成都市,2010,16128,正常
two,成都市2011.txt,成都市,2011,11716,正常
two,成都市2012.txt,成都市,2012,20196,正常
two,成都市2013.txt,成都市,2013,22099,正常
two,成都市2014.txt,成都市,2014,16406,正常
two,成都市2015.txt,成都市,2015,16956,正常
two,成都市2016.txt,成都市,2016,16741,正常
two,成都市2017.txt,成都市,2017,17043,正常
two,成都市2018.txt,成都市,2018,21142,正常
two,成都市2019.txt,成都市,2019,18655,正常
two,成都市2020.txt,成都市,2020,24045,正常
two,成都市2021.txt,成都市,2021,26094,正常
two,成都市2022.txt,成都市,2022,19339,正常
two,成都市2023.txt,成都市,2023,35803,正常
two,成都市2024.txt,成都市,2024,33677,正常
two,成都市2025.txt,成都市,2025,29793,正常
two,扬州市2003.txt,扬州市,2003,18006,正常
two,扬州市2004.txt,扬州市,2004,7213,正常
two,扬州市2005.txt,扬州市,2005,15479,正常
two,扬州市2006.txt,扬州市,2006,15477,正常
two,扬州市2007.txt,扬州市,2007,15382,正常
two,扬州市2008.txt,扬州市,2008,16849,正常
two,扬州市2009.txt,扬州市,2009,12902,正常
two,扬州市2010.txt,扬州市,2010,14396,正常
two,扬州市2011.txt,扬州市,2011,15578,正常
two,扬州市2012.txt,扬州市,2012,12899,正常
two,扬州市2013.txt,扬州市,2013,14762,正常
two,扬州市2014.txt,扬州市,2014,15662,正常
two,扬州市2015.txt,扬州市,2015,15855,正常
two,扬州市2016.txt,扬州市,2016,17450,正常
two,扬州市2017.txt,扬州市,2017,18314,正常
two,扬州市2018.txt,扬州市,2018,14121,正常
two,扬州市2019.txt,扬州市,2019,13529,正常
two,扬州市2020.txt,扬州市,2020,15850,正常
two,扬州市2021.txt,扬州市,2021,16550,正常
two,扬州市2022.txt,扬州市,2022,19514,正常
two,扬州市2023.txt,扬州市,2023,13743,正常
two,扬州市2024.txt,扬州市,2024,15468,正常
two,扬州市2025.txt,扬州市,2025,13461,正常
two,承德市2003.txt,承德市,2003,1,空文件
two,承德市2004.txt,承德市,2004,1,空文件
two,承德市2005.txt,承德市,2005,1,空文件
two,承德市2006.txt,承德市,2006,1,空文件
two,承德市2007.txt,承德市,2007,11238,正常
two,承德市2008.txt,承德市,2008,1,空文件
two,承德市2009.txt,承德市,2009,1,空文件
two,承德市2010.txt,承德市,2010,23618,正常
two,承德市2011.txt,承德市,2011,19715,正常
two,承德市2012.txt,承德市,2012,18233,正常
two,承德市2013.txt,承德市,2013,19276,正常
two,承德市2014.txt,承德市,2014,16445,正常
two,承德市2015.txt,承德市,2015,12827,正常
two,承德市2016.txt,承德市,2016,20788,正常
two,承德市2017.txt,承德市,2017,22435,正常
two,承德市2018.txt,承德市,2018,17965,正常
two,承德市2019.txt,承德市,2019,18217,正常
two,承德市2020.txt,承德市,2020,18779,正常
two,承德市2021.txt,承德市,2021,17708,正常
two,承德市2022.txt,承德市,2022,16340,正常
two,承德市2023.txt,承德市,2023,17073,正常
two,承德市2024.txt,承德市,2024,14836,正常
two,承德市2025.txt,承德市,2025,13774,正常
two,抚州市2003.txt,抚州市,2003,1,空文件
two,抚州市2004.txt,抚州市,2004,1,空文件
two,抚州市2005.txt,抚州市,2005,1,空文件
two,抚州市2006.txt,抚州市,2006,1,空文件
two,抚州市2007.txt,抚州市,2007,1,空文件
two,抚州市2008.txt,抚州市,2008,1,空文件
two,抚州市2009.txt,抚州市,2009,1,空文件
two,抚州市2010.txt,抚州市,2010,1,空文件
two,抚州市2011.txt,抚州市,2011,16064,正常
two,抚州市2012.txt,抚州市,2012,14863,正常
two,抚州市2013.txt,抚州市,2013,1,空文件
two,抚州市2014.txt,抚州市,2014,12904,正常
two,抚州市2015.txt,抚州市,2015,12800,正常
two,抚州市2016.txt,抚州市,2016,6027,正常
two,抚州市2017.txt,抚州市,2017,16193,正常
two,抚州市2018.txt,抚州市,2018,18935,正常
two,抚州市2019.txt,抚州市,2019,13929,正常
two,抚州市2020.txt,抚州市,2020,13054,正常
two,抚州市2021.txt,抚州市,2021,17896,正常
two,抚州市2022.txt,抚州市,2022,12139,正常
two,抚州市2023.txt,抚州市,2023,12804,正常
two,抚州市2024.txt,抚州市,2024,17616,正常
two,抚州市2025.txt,抚州市,2025,13623,正常
two,抚顺市2003.txt,抚顺市,2003,14552,正常
two,抚顺市2004.txt,抚顺市,2004,17192,正常
two,抚顺市2005.txt,抚顺市,2005,14950,正常
two,抚顺市2006.txt,抚顺市,2006,14230,正常
two,抚顺市2007.txt,抚顺市,2007,13384,正常
two,抚顺市2008.txt,抚顺市,2008,14369,正常
two,抚顺市2009.txt,抚顺市,2009,11233,正常
two,抚顺市2010.txt,抚顺市,2010,10465,正常
two,抚顺市2011.txt,抚顺市,2011,12310,正常
two,抚顺市2012.txt,抚顺市,2012,12524,正常
two,抚顺市2013.txt,抚顺市,2013,11863,正常
two,抚顺市2014.txt,抚顺市,2014,10329,正常
two,抚顺市2015.txt,抚顺市,2015,11360,正常
two,抚顺市2016.txt,抚顺市,2016,15472,正常
two,抚顺市2017.txt,抚顺市,2017,13739,正常
two,抚顺市2018.txt,抚顺市,2018,16654,正常
two,抚顺市2019.txt,抚顺市,2019,11602,正常
two,抚顺市2020.txt,抚顺市,2020,8007,正常
two,抚顺市2021.txt,抚顺市,2021,8007,正常
two,抚顺市2022.txt,抚顺市,2022,12234,正常
two,抚顺市2023.txt,抚顺市,2023,10477,正常
two,抚顺市2024.txt,抚顺市,2024,10814,正常
two,抚顺市2025.txt,抚顺市,2025,13623,正常
two,拉萨市2003.txt,拉萨市,2003,1,空文件
two,拉萨市2004.txt,拉萨市,2004,1,空文件
two,拉萨市2005.txt,拉萨市,2005,14936,正常
two,拉萨市2006.txt,拉萨市,2006,1,空文件
two,拉萨市2007.txt,拉萨市,2007,18770,正常
two,拉萨市2008.txt,拉萨市,2008,22075,正常
two,拉萨市2009.txt,拉萨市,2009,25650,正常
two,拉萨市2010.txt,拉萨市,2010,24357,正常
two,拉萨市2011.txt,拉萨市,2011,29308,正常
two,拉萨市2012.txt,拉萨市,2012,23331,正常
two,拉萨市2013.txt,拉萨市,2013,14803,正常
two,拉萨市2014.txt,拉萨市,2014,16377,正常
two,拉萨市2015.txt,拉萨市,2015,19834,正常
two,拉萨市2016.txt,拉萨市,2016,23565,正常
two,拉萨市2017.txt,拉萨市,2017,18640,正常
two,拉萨市2018.txt,拉萨市,2018,20266,正常
two,拉萨市2019.txt,拉萨市,2019,17002,正常
two,拉萨市2020.txt,拉萨市,2020,15464,正常
two,拉萨市2021.txt,拉萨市,2021,20299,正常
two,拉萨市2022.txt,拉萨市,2022,9272,正常
two,拉萨市2023.txt,拉萨市,2023,9656,正常
two,拉萨市2024.txt,拉萨市,2024,8547,正常
two,拉萨市2025.txt,拉萨市,2025,4529,正常
two,揭阳市2003.txt,揭阳市,2003,15452,正常
two,揭阳市2004.txt,揭阳市,2004,13766,正常
two,揭阳市2005.txt,揭阳市,2005,13098,正常
two,揭阳市2006.txt,揭阳市,2006,14276,正常
two,揭阳市2007.txt,揭阳市,2007,14993,正常
two,揭阳市2008.txt,揭阳市,2008,10194,正常
two,揭阳市2009.txt,揭阳市,2009,8760,正常
two,揭阳市2010.txt,揭阳市,2010,8430,正常
two,揭阳市2011.txt,揭阳市,2011,12584,正常
two,揭阳市2012.txt,揭阳市,2012,15558,正常
two,揭阳市2013.txt,揭阳市,2013,9215,正常
two,揭阳市2014.txt,揭阳市,2014,9904,正常
two,揭阳市2015.txt,揭阳市,2015,10626,正常
two,揭阳市2016.txt,揭阳市,2016,12927,正常
two,揭阳市2017.txt,揭阳市,2017,15830,正常
two,揭阳市2018.txt,揭阳市,2018,14782,正常
two,揭阳市2019.txt,揭阳市,2019,17455,正常
two,揭阳市2020.txt,揭阳市,2020,18298,正常
two,揭阳市2021.txt,揭阳市,2021,19930,正常
two,揭阳市2022.txt,揭阳市,2022,17895,正常
two,揭阳市2023.txt,揭阳市,2023,18166,正常
two,揭阳市2024.txt,揭阳市,2024,16583,正常
two,揭阳市2025.txt,揭阳市,2025,19108,正常
two,攀枝花市2003.txt,攀枝花市,2003,14140,正常
two,攀枝花市2004.txt,攀枝花市,2004,11159,正常
two,攀枝花市2005.txt,攀枝花市,2005,16086,正常
two,攀枝花市2006.txt,攀枝花市,2006,15658,正常
two,攀枝花市2007.txt,攀枝花市,2007,18619,正常
two,攀枝花市2008.txt,攀枝花市,2008,14822,正常
two,攀枝花市2009.txt,攀枝花市,2009,16870,正常
two,攀枝花市2010.txt,攀枝花市,2010,15986,正常
two,攀枝花市2011.txt,攀枝花市,2011,17458,正常
two,攀枝花市2012.txt,攀枝花市,2012,16478,正常
two,攀枝花市2013.txt,攀枝花市,2013,10943,正常
two,攀枝花市2014.txt,攀枝花市,2014,11297,正常
two,攀枝花市2015.txt,攀枝花市,2015,10695,正常
two,攀枝花市2016.txt,攀枝花市,2016,14244,正常
two,攀枝花市2017.txt,攀枝花市,2017,12959,正常
two,攀枝花市2018.txt,攀枝花市,2018,12961,正常
two,攀枝花市2019.txt,攀枝花市,2019,14872,正常
two,攀枝花市2020.txt,攀枝花市,2020,14636,正常
two,攀枝花市2021.txt,攀枝花市,2021,16979,正常
two,攀枝花市2022.txt,攀枝花市,2022,18249,正常
two,攀枝花市2023.txt,攀枝花市,2023,13066,正常
two,攀枝花市2024.txt,攀枝花市,2024,14990,正常
two,攀枝花市2025.txt,攀枝花市,2025,12575,正常
two,新乡市2003.txt,新乡市,2003,13178,正常
two,新乡市2004.txt,新乡市,2004,14601,正常
two,新乡市2005.txt,新乡市,2005,13680,正常
two,新乡市2006.txt,新乡市,2006,14289,正常
two,新乡市2007.txt,新乡市,2007,14605,正常
two,新乡市2008.txt,新乡市,2008,14817,正常
two,新乡市2009.txt,新乡市,2009,17305,正常
two,新乡市2010.txt,新乡市,2010,14143,正常
two,新乡市2011.txt,新乡市,2011,14399,正常
two,新乡市2012.txt,新乡市,2012,15366,正常
two,新乡市2013.txt,新乡市,2013,14566,正常
two,新乡市2014.txt,新乡市,2014,14759,正常
two,新乡市2015.txt,新乡市,2015,11850,正常
two,新乡市2016.txt,新乡市,2016,14259,正常
two,新乡市2017.txt,新乡市,2017,16605,正常
two,新乡市2018.txt,新乡市,2018,17083,正常
two,新乡市2019.txt,新乡市,2019,17503,正常
two,新乡市2020.txt,新乡市,2020,17041,正常
two,新乡市2021.txt,新乡市,2021,20302,正常
two,新乡市2022.txt,新乡市,2022,16222,正常
two,新乡市2023.txt,新乡市,2023,18010,正常
two,新乡市2024.txt,新乡市,2024,16995,正常
two,新乡市2025.txt,新乡市,2025,15221,正常
two,新余市2003.txt,新余市,2003,1,空文件
two,新余市2004.txt,新余市,2004,14022,正常
two,新余市2005.txt,新余市,2005,14386,正常
two,新余市2006.txt,新余市,2006,16007,正常
two,新余市2007.txt,新余市,2007,1,空文件
two,新余市2008.txt,新余市,2008,1,空文件
two,新余市2009.txt,新余市,2009,1,空文件
two,新余市2010.txt,新余市,2010,1,空文件
two,新余市2011.txt,新余市,2011,17174,正常
two,新余市2012.txt,新余市,2012,14255,正常
two,新余市2013.txt,新余市,2013,14811,正常
two,新余市2014.txt,新余市,2014,13597,正常
two,新余市2015.txt,新余市,2015,12765,正常
two,新余市2016.txt,新余市,2016,15883,正常
two,新余市2017.txt,新余市,2017,13523,正常
two,新余市2018.txt,新余市,2018,12428,正常
two,新余市2019.txt,新余市,2019,15511,正常
two,新余市2020.txt,新余市,2020,16068,正常
two,新余市2021.txt,新余市,2021,17472,正常
two,新余市2022.txt,新余市,2022,13928,正常
two,新余市2023.txt,新余市,2023,13704,正常
two,新余市2024.txt,新余市,2024,13191,正常
two,新余市2025.txt,新余市,2025,14569,正常
two,无锡市2003.txt,无锡市,2003,6370,正常
two,无锡市2004.txt,无锡市,2004,4575,正常
two,无锡市2005.txt,无锡市,2005,4824,正常
two,无锡市2006.txt,无锡市,2006,8381,正常
two,无锡市2007.txt,无锡市,2007,11036,正常
two,无锡市2008.txt,无锡市,2008,15070,正常
two,无锡市2009.txt,无锡市,2009,11185,正常
two,无锡市2010.txt,无锡市,2010,11882,正常
two,无锡市2011.txt,无锡市,2011,15053,正常
two,无锡市2012.txt,无锡市,2012,16514,正常
two,无锡市2013.txt,无锡市,2013,15124,正常
two,无锡市2014.txt,无锡市,2014,15682,正常
two,无锡市2015.txt,无锡市,2015,16479,正常
two,无锡市2016.txt,无锡市,2016,19609,正常
two,无锡市2017.txt,无锡市,2017,18726,正常
two,无锡市2018.txt,无锡市,2018,20153,正常
two,无锡市2019.txt,无锡市,2019,16138,正常
two,无锡市2020.txt,无锡市,2020,16372,正常
two,无锡市2021.txt,无锡市,2021,20649,正常
two,无锡市2022.txt,无锡市,2022,21683,正常
two,无锡市2023.txt,无锡市,2023,18870,正常
two,无锡市2024.txt,无锡市,2024,19767,正常
two,无锡市2025.txt,无锡市,2025,19231,正常
two,日照市2003.txt,日照市,2003,11431,正常
two,日照市2004.txt,日照市,2004,15376,正常
two,日照市2005.txt,日照市,2005,13678,正常
two,日照市2006.txt,日照市,2006,16481,正常
two,日照市2007.txt,日照市,2007,16610,正常
two,日照市2008.txt,日照市,2008,19473,正常
two,日照市2009.txt,日照市,2009,19489,正常
two,日照市2010.txt,日照市,2010,18570,正常
two,日照市2011.txt,日照市,2011,16838,正常
two,日照市2012.txt,日照市,2012,13607,正常
two,日照市2013.txt,日照市,2013,11941,正常
two,日照市2014.txt,日照市,2014,11987,正常
two,日照市2015.txt,日照市,2015,11612,正常
two,日照市2016.txt,日照市,2016,18679,正常
two,日照市2017.txt,日照市,2017,14751,正常
two,日照市2018.txt,日照市,2018,15728,正常
two,日照市2019.txt,日照市,2019,16100,正常
two,日照市2020.txt,日照市,2020,10491,正常
two,日照市2021.txt,日照市,2021,15558,正常
two,日照市2022.txt,日照市,2022,13974,正常
two,日照市2023.txt,日照市,2023,13497,正常
two,日照市2024.txt,日照市,2024,13066,正常
two,日照市2025.txt,日照市,2025,18366,正常
two,昆明市2003.txt,昆明市,2003,1,空文件
two,昆明市2004.txt,昆明市,2004,1,空文件
two,昆明市2005.txt,昆明市,2005,16539,正常
two,昆明市2006.txt,昆明市,2006,16825,正常
two,昆明市2007.txt,昆明市,2007,14864,正常
two,昆明市2008.txt,昆明市,2008,23122,正常
two,昆明市2009.txt,昆明市,2009,23822,正常
two,昆明市2010.txt,昆明市,2010,16432,正常
two,昆明市2011.txt,昆明市,2011,25355,正常
two,昆明市2012.txt,昆明市,2012,20022,正常
two,昆明市2013.txt,昆明市,2013,17088,正常
two,昆明市2014.txt,昆明市,2014,12044,正常
two,昆明市2015.txt,昆明市,2015,4257,正常
two,昆明市2016.txt,昆明市,2016,15906,正常
two,昆明市2017.txt,昆明市,2017,19410,正常
two,昆明市2018.txt,昆明市,2018,18876,正常
two,昆明市2019.txt,昆明市,2019,22570,正常
two,昆明市2020.txt,昆明市,2020,29526,正常
two,昆明市2021.txt,昆明市,2021,23538,正常
two,昆明市2022.txt,昆明市,2022,20017,正常
two,昆明市2023.txt,昆明市,2023,17973,正常
two,昆明市2024.txt,昆明市,2024,18540,正常
two,昆明市2025.txt,昆明市,2025,18543,正常
two,昭通市2003.txt,昭通市,2003,1,空文件
two,昭通市2004.txt,昭通市,2004,1,空文件
two,昭通市2005.txt,昭通市,2005,1,空文件
two,昭通市2006.txt,昭通市,2006,1,空文件
two,昭通市2007.txt,昭通市,2007,1,空文件
two,昭通市2008.txt,昭通市,2008,1,空文件
two,昭通市2009.txt,昭通市,2009,1,空文件
two,昭通市2010.txt,昭通市,2010,13617,正常
two,昭通市2011.txt,昭通市,2011,16034,正常
two,昭通市2012.txt,昭通市,2012,18284,正常
two,昭通市2013.txt,昭通市,2013,13251,正常
two,昭通市2014.txt,昭通市,2014,14973,正常
two,昭通市2015.txt,昭通市,2015,13969,正常
two,昭通市2016.txt,昭通市,2016,17894,正常
two,昭通市2017.txt,昭通市,2017,16737,正常
two,昭通市2018.txt,昭通市,2018,17128,正常
two,昭通市2019.txt,昭通市,2019,16226,正常
two,昭通市2020.txt,昭通市,2020,16519,正常
two,昭通市2021.txt,昭通市,2021,18874,正常
two,昭通市2022.txt,昭通市,2022,20300,正常
two,昭通市2023.txt,昭通市,2023,15466,正常
two,昭通市2024.txt,昭通市,2024,14094,正常
two,昭通市2025.txt,昭通市,2025,9454,正常
two,晋中市2003.txt,晋中市,2003,16517,正常
two,晋中市2004.txt,晋中市,2004,14983,正常
two,晋中市2005.txt,晋中市,2005,15996,正常
two,晋中市2006.txt,晋中市,2006,19942,正常
two,晋中市2007.txt,晋中市,2007,16011,正常
two,晋中市2008.txt,晋中市,2008,17280,正常
two,晋中市2009.txt,晋中市,2009,14930,正常
two,晋中市2010.txt,晋中市,2010,17187,正常
two,晋中市2011.txt,晋中市,2011,17203,正常
two,晋中市2012.txt,晋中市,2012,16818,正常
two,晋中市2013.txt,晋中市,2013,13485,正常
two,晋中市2014.txt,晋中市,2014,13089,正常
two,晋中市2015.txt,晋中市,2015,14640,正常
two,晋中市2016.txt,晋中市,2016,18569,正常
two,晋中市2017.txt,晋中市,2017,17307,正常
two,晋中市2018.txt,晋中市,2018,13613,正常
two,晋中市2019.txt,晋中市,2019,15868,正常
two,晋中市2020.txt,晋中市,2020,16185,正常
two,晋中市2021.txt,晋中市,2021,20274,正常
two,晋中市2022.txt,晋中市,2022,21934,正常
two,晋中市2023.txt,晋中市,2023,18581,正常
two,晋中市2024.txt,晋中市,2024,17738,正常
two,晋中市2025.txt,晋中市,2025,15074,正常
two,晋城市2003.txt,晋城市,2003,13392,正常
two,晋城市2004.txt,晋城市,2004,13900,正常
two,晋城市2005.txt,晋城市,2005,17651,正常
two,晋城市2006.txt,晋城市,2006,21153,正常
two,晋城市2007.txt,晋城市,2007,22356,正常
two,晋城市2008.txt,晋城市,2008,1,空文件
two,晋城市2009.txt,晋城市,2009,11219,正常
two,晋城市2010.txt,晋城市,2010,9107,正常
two,晋城市2011.txt,晋城市,2011,14708,正常
two,晋城市2012.txt,晋城市,2012,15854,正常
two,晋城市2013.txt,晋城市,2013,12336,正常
two,晋城市2014.txt,晋城市,2014,12599,正常
two,晋城市2015.txt,晋城市,2015,13912,正常
two,晋城市2016.txt,晋城市,2016,16569,正常
two,晋城市2017.txt,晋城市,2017,16354,正常
two,晋城市2018.txt,晋城市,2018,15988,正常
two,晋城市2019.txt,晋城市,2019,16603,正常
two,晋城市2020.txt,晋城市,2020,16622,正常
two,晋城市2021.txt,晋城市,2021,18923,正常
two,晋城市2022.txt,晋城市,2022,16858,正常
two,晋城市2023.txt,晋城市,2023,19941,正常
two,晋城市2024.txt,晋城市,2024,12042,正常
two,晋城市2025.txt,晋城市,2025,17777,正常
two,普洱市2003.txt,普洱市,2003,1,空文件
two,普洱市2004.txt,普洱市,2004,1,空文件
two,普洱市2005.txt,普洱市,2005,15427,正常
two,普洱市2006.txt,普洱市,2006,17858,正常
two,普洱市2007.txt,普洱市,2007,16773,正常
two,普洱市2008.txt,普洱市,2008,15314,正常
two,普洱市2009.txt,普洱市,2009,16908,正常
two,普洱市2010.txt,普洱市,2010,15572,正常
two,普洱市2011.txt,普洱市,2011,18361,正常
two,普洱市2012.txt,普洱市,2012,19146,正常
two,普洱市2013.txt,普洱市,2013,12732,正常
two,普洱市2014.txt,普洱市,2014,12345,正常
two,普洱市2015.txt,普洱市,2015,14579,正常
two,普洱市2016.txt,普洱市,2016,15065,正常
two,普洱市2017.txt,普洱市,2017,13250,正常
two,普洱市2018.txt,普洱市,2018,19864,正常
two,普洱市2019.txt,普洱市,2019,19955,正常
two,普洱市2020.txt,普洱市,2020,15482,正常
two,普洱市2021.txt,普洱市,2021,16627,正常
two,普洱市2022.txt,普洱市,2022,18752,正常
two,普洱市2023.txt,普洱市,2023,18051,正常
two,普洱市2024.txt,普洱市,2024,15547,正常
two,普洱市2025.txt,普洱市,2025,14020,正常
two,景德镇市2003.txt,景德镇市,2003,1,空文件
two,景德镇市2004.txt,景德镇市,2004,1,空文件
two,景德镇市2005.txt,景德镇市,2005,1,空文件
two,景德镇市2006.txt,景德镇市,2006,16913,正常
two,景德镇市2007.txt,景德镇市,2007,18394,正常
two,景德镇市2008.txt,景德镇市,2008,17105,正常
two,景德镇市2009.txt,景德镇市,2009,14886,正常
two,景德镇市2010.txt,景德镇市,2010,15199,正常
two,景德镇市2011.txt,景德镇市,2011,14615,正常
two,景德镇市2012.txt,景德镇市,2012,8419,正常
two,景德镇市2013.txt,景德镇市,2013,8891,正常
two,景德镇市2014.txt,景德镇市,2014,10311,正常
two,景德镇市2015.txt,景德镇市,2015,11274,正常
two,景德镇市2016.txt,景德镇市,2016,14990,正常
two,景德镇市2017.txt,景德镇市,2017,10512,正常
two,景德镇市2018.txt,景德镇市,2018,11938,正常
two,景德镇市2019.txt,景德镇市,2019,14810,正常
two,景德镇市2020.txt,景德镇市,2020,16180,正常
two,景德镇市2021.txt,景德镇市,2021,11715,正常
two,景德镇市2022.txt,景德镇市,2022,11768,正常
two,景德镇市2023.txt,景德镇市,2023,12570,正常
two,景德镇市2024.txt,景德镇市,2024,15494,正常
two,景德镇市2025.txt,景德镇市,2025,12682,正常
two,曲靖市2003.txt,曲靖市,2003,19883,正常
two,曲靖市2004.txt,曲靖市,2004,13085,正常
two,曲靖市2005.txt,曲靖市,2005,17079,正常
two,曲靖市2006.txt,曲靖市,2006,20445,正常
two,曲靖市2007.txt,曲靖市,2007,16268,正常
two,曲靖市2008.txt,曲靖市,2008,20541,正常
two,曲靖市2009.txt,曲靖市,2009,18966,正常
two,曲靖市2010.txt,曲靖市,2010,19053,正常
two,曲靖市2011.txt,曲靖市,2011,21086,正常
two,曲靖市2012.txt,曲靖市,2012,20463,正常
two,曲靖市2013.txt,曲靖市,2013,14796,正常
two,曲靖市2014.txt,曲靖市,2014,13135,正常
two,曲靖市2015.txt,曲靖市,2015,13868,正常
two,曲靖市2016.txt,曲靖市,2016,17793,正常
two,曲靖市2017.txt,曲靖市,2017,16115,正常
two,曲靖市2018.txt,曲靖市,2018,18158,正常
two,曲靖市2019.txt,曲靖市,2019,16171,正常
two,曲靖市2020.txt,曲靖市,2020,19647,正常
two,曲靖市2021.txt,曲靖市,2021,19494,正常
two,曲靖市2022.txt,曲靖市,2022,21578,正常
two,曲靖市2023.txt,曲靖市,2023,20305,正常
two,曲靖市2024.txt,曲靖市,2024,9754,正常
two,曲靖市2025.txt,曲靖市,2025,23569,正常
two,朔州市2003.txt,朔州市,2003,13803,正常
two,朔州市2004.txt,朔州市,2004,15574,正常
two,朔州市2005.txt,朔州市,2005,15604,正常
two,朔州市2006.txt,朔州市,2006,17313,正常
two,朔州市2007.txt,朔州市,2007,18290,正常
two,朔州市2008.txt,朔州市,2008,16239,正常
two,朔州市2009.txt,朔州市,2009,15153,正常
two,朔州市2010.txt,朔州市,2010,16258,正常
two,朔州市2011.txt,朔州市,2011,17600,正常
two,朔州市2012.txt,朔州市,2012,18051,正常
two,朔州市2013.txt,朔州市,2013,16126,正常
two,朔州市2014.txt,朔州市,2014,12869,正常
two,朔州市2015.txt,朔州市,2015,15856,正常
two,朔州市2016.txt,朔州市,2016,17687,正常
two,朔州市2017.txt,朔州市,2017,20185,正常
two,朔州市2018.txt,朔州市,2018,14203,正常
two,朔州市2019.txt,朔州市,2019,17087,正常
two,朔州市2020.txt,朔州市,2020,17187,正常
two,朔州市2021.txt,朔州市,2021,15145,正常
two,朔州市2022.txt,朔州市,2022,17384,正常
two,朔州市2023.txt,朔州市,2023,16075,正常
two,朔州市2024.txt,朔州市,2024,17140,正常
two,朔州市2025.txt,朔州市,2025,11014,正常
two,朝阳市2003.txt,朝阳市,2003,11977,正常
two,朝阳市2004.txt,朝阳市,2004,13124,正常
two,朝阳市2005.txt,朝阳市,2005,14389,正常
two,朝阳市2006.txt,朝阳市,2006,14340,正常
two,朝阳市2007.txt,朝阳市,2007,15846,正常
two,朝阳市2008.txt,朝阳市,2008,15850,正常
two,朝阳市2009.txt,朝阳市,2009,17926,正常
two,朝阳市2010.txt,朝阳市,2010,12752,正常
two,朝阳市2011.txt,朝阳市,2011,12136,正常
two,朝阳市2012.txt,朝阳市,2012,10942,正常
two,朝阳市2013.txt,朝阳市,2013,12677,正常
two,朝阳市2014.txt,朝阳市,2014,11980,正常
two,朝阳市2015.txt,朝阳市,2015,11739,正常
two,朝阳市2016.txt,朝阳市,2016,12080,正常
two,朝阳市2017.txt,朝阳市,2017,12338,正常
two,朝阳市2018.txt,朝阳市,2018,14893,正常
two,朝阳市2019.txt,朝阳市,2019,11357,正常
two,朝阳市2020.txt,朝阳市,2020,13701,正常
two,朝阳市2021.txt,朝阳市,2021,16643,正常
two,朝阳市2022.txt,朝阳市,2022,15425,正常
two,朝阳市2023.txt,朝阳市,2023,14481,正常
two,朝阳市2024.txt,朝阳市,2024,12201,正常
two,朝阳市2025.txt,朝阳市,2025,12629,正常
two,本溪市2003.txt,本溪市,2003,15055,正常
two,本溪市2004.txt,本溪市,2004,18107,正常
two,本溪市2005.txt,本溪市,2005,14345,正常
two,本溪市2006.txt,本溪市,2006,18187,正常
two,本溪市2007.txt,本溪市,2007,19023,正常
two,本溪市2008.txt,本溪市,2008,17817,正常
two,本溪市2009.txt,本溪市,2009,13208,正常
two,本溪市2010.txt,本溪市,2010,12996,正常
two,本溪市2011.txt,本溪市,2011,10536,正常
two,本溪市2012.txt,本溪市,2012,11714,正常
two,本溪市2013.txt,本溪市,2013,12774,正常
two,本溪市2014.txt,本溪市,2014,11484,正常
two,本溪市2015.txt,本溪市,2015,14445,正常
two,本溪市2016.txt,本溪市,2016,14438,正常
two,本溪市2017.txt,本溪市,2017,16006,正常
two,本溪市2018.txt,本溪市,2018,14450,正常
two,本溪市2019.txt,本溪市,2019,11677,正常
two,本溪市2020.txt,本溪市,2020,15169,正常
two,本溪市2021.txt,本溪市,2021,16215,正常
two,本溪市2022.txt,本溪市,2022,16988,正常
two,本溪市2023.txt,本溪市,2023,12922,正常
two,本溪市2024.txt,本溪市,2024,13130,正常
two,本溪市2025.txt,本溪市,2025,13109,正常
two,来宾市2003.txt,来宾市,2003,1,空文件
two,来宾市2004.txt,来宾市,2004,1,空文件
two,来宾市2005.txt,来宾市,2005,1,空文件
two,来宾市2006.txt,来宾市,2006,1,空文件
two,来宾市2007.txt,来宾市,2007,1,空文件
two,来宾市2008.txt,来宾市,2008,1,空文件
two,来宾市2009.txt,来宾市,2009,1,空文件
two,来宾市2010.txt,来宾市,2010,1,空文件
two,来宾市2011.txt,来宾市,2011,1,空文件
two,来宾市2012.txt,来宾市,2012,1,空文件
two,来宾市2013.txt,来宾市,2013,2,空文件
two,来宾市2014.txt,来宾市,2014,2,空文件
two,来宾市2015.txt,来宾市,2015,15123,正常
two,来宾市2016.txt,来宾市,2016,13527,正常
two,来宾市2017.txt,来宾市,2017,17678,正常
two,来宾市2018.txt,来宾市,2018,20884,正常
two,来宾市2019.txt,来宾市,2019,22488,正常
two,来宾市2020.txt,来宾市,2020,23553,正常
two,来宾市2021.txt,来宾市,2021,18730,正常
two,来宾市2022.txt,来宾市,2022,22233,正常
two,来宾市2023.txt,来宾市,2023,19201,正常
two,来宾市2024.txt,来宾市,2024,630,正常
two,来宾市2025.txt,来宾市,2025,17833,正常
two,杭州市2003.txt,杭州市,2003,1,空文件
two,杭州市2004.txt,杭州市,2004,1,空文件
two,杭州市2005.txt,杭州市,2005,19041,正常
two,杭州市2006.txt,杭州市,2006,13802,正常
two,杭州市2007.txt,杭州市,2007,18510,正常
two,杭州市2008.txt,杭州市,2008,19928,正常
two,杭州市2009.txt,杭州市,2009,18934,正常
two,杭州市2010.txt,杭州市,2010,21030,正常
two,杭州市2011.txt,杭州市,2011,22496,正常
two,杭州市2012.txt,杭州市,2012,19487,正常
two,杭州市2013.txt,杭州市,2013,20407,正常
two,杭州市2014.txt,杭州市,2014,15868,正常
two,杭州市2015.txt,杭州市,2015,14763,正常
two,杭州市2016.txt,杭州市,2016,17964,正常
two,杭州市2017.txt,杭州市,2017,17009,正常
two,杭州市2018.txt,杭州市,2018,18770,正常
two,杭州市2019.txt,杭州市,2019,19492,正常
two,杭州市2020.txt,杭州市,2020,16025,正常
two,杭州市2021.txt,杭州市,2021,18263,正常
two,杭州市2022.txt,杭州市,2022,15999,正常
two,杭州市2023.txt,杭州市,2023,17515,正常
two,杭州市2024.txt,杭州市,2024,17233,正常
two,杭州市2025.txt,杭州市,2025,17277,正常
two,松原市2003.txt,松原市,2003,18754,正常
two,松原市2004.txt,松原市,2004,17307,正常
two,松原市2005.txt,松原市,2005,9005,正常
two,松原市2006.txt,松原市,2006,11923,正常
two,松原市2007.txt,松原市,2007,10929,正常
two,松原市2008.txt,松原市,2008,16181,正常
two,松原市2009.txt,松原市,2009,12534,正常
two,松原市2010.txt,松原市,2010,10825,正常
two,松原市2011.txt,松原市,2011,13723,正常
two,松原市2012.txt,松原市,2012,12668,正常
two,松原市2013.txt,松原市,2013,16430,正常
two,松原市2014.txt,松原市,2014,11535,正常
two,松原市2015.txt,松原市,2015,13072,正常
two,松原市2016.txt,松原市,2016,15146,正常
two,松原市2017.txt,松原市,2017,16516,正常
two,松原市2018.txt,松原市,2018,13139,正常
two,松原市2019.txt,松原市,2019,12431,正常
two,松原市2020.txt,松原市,2020,12797,正常
two,松原市2021.txt,松原市,2021,16295,正常
two,松原市2022.txt,松原市,2022,15732,正常
two,松原市2023.txt,松原市,2023,15299,正常
two,松原市2024.txt,松原市,2024,15579,正常
two,松原市2025.txt,松原市,2025,19080,正常
two,枣庄市2003.txt,枣庄市,2003,15765,正常
two,枣庄市2004.txt,枣庄市,2004,15919,正常
two,枣庄市2005.txt,枣庄市,2005,17228,正常
two,枣庄市2006.txt,枣庄市,2006,18558,正常
two,枣庄市2007.txt,枣庄市,2007,14223,正常
two,枣庄市2008.txt,枣庄市,2008,14520,正常
two,枣庄市2009.txt,枣庄市,2009,13042,正常
two,枣庄市2010.txt,枣庄市,2010,13030,正常
two,枣庄市2011.txt,枣庄市,2011,15114,正常
two,枣庄市2012.txt,枣庄市,2012,13739,正常
two,枣庄市2013.txt,枣庄市,2013,12555,正常
two,枣庄市2014.txt,枣庄市,2014,13616,正常
two,枣庄市2015.txt,枣庄市,2015,14003,正常
two,枣庄市2016.txt,枣庄市,2016,17671,正常
two,枣庄市2017.txt,枣庄市,2017,16388,正常
two,枣庄市2018.txt,枣庄市,2018,9501,正常
two,枣庄市2019.txt,枣庄市,2019,14810,正常
two,枣庄市2020.txt,枣庄市,2020,16557,正常
two,枣庄市2021.txt,枣庄市,2021,17264,正常
two,枣庄市2022.txt,枣庄市,2022,18054,正常
two,枣庄市2023.txt,枣庄市,2023,14720,正常
two,枣庄市2024.txt,枣庄市,2024,13470,正常
two,枣庄市2025.txt,枣庄市,2025,13360,正常
two,柳州市2003.txt,柳州市,2003,1589,正常
two,柳州市2004.txt,柳州市,2004,27338,正常
two,柳州市2005.txt,柳州市,2005,30927,正常
two,柳州市2006.txt,柳州市,2006,13568,正常
two,柳州市2007.txt,柳州市,2007,12866,正常
two,柳州市2008.txt,柳州市,2008,19614,正常
two,柳州市2009.txt,柳州市,2009,17063,正常
two,柳州市2010.txt,柳州市,2010,17977,正常
two,柳州市2011.txt,柳州市,2011,19514,正常
two,柳州市2012.txt,柳州市,2012,23487,正常
two,柳州市2013.txt,柳州市,2013,2,空文件
two,柳州市2014.txt,柳州市,2014,22372,正常
two,柳州市2015.txt,柳州市,2015,21628,正常
two,柳州市2016.txt,柳州市,2016,17003,正常
two,柳州市2017.txt,柳州市,2017,15456,正常
two,柳州市2018.txt,柳州市,2018,16124,正常
two,柳州市2019.txt,柳州市,2019,14275,正常
two,柳州市2020.txt,柳州市,2020,18470,正常
two,柳州市2021.txt,柳州市,2021,13515,正常
two,柳州市2022.txt,柳州市,2022,14751,正常
two,柳州市2023.txt,柳州市,2023,14705,正常
two,柳州市2024.txt,柳州市,2024,16189,正常
two,柳州市2025.txt,柳州市,2025,18396,正常
two,株洲市2003.txt,株洲市,2003,13127,正常
two,株洲市2004.txt,株洲市,2004,12996,正常
two,株洲市2005.txt,株洲市,2005,12757,正常
two,株洲市2006.txt,株洲市,2006,15794,正常
two,株洲市2007.txt,株洲市,2007,8859,正常
two,株洲市2008.txt,株洲市,2008,12828,正常
two,株洲市2009.txt,株洲市,2009,13271,正常
two,株洲市2010.txt,株洲市,2010,14039,正常
two,株洲市2011.txt,株洲市,2011,16308,正常
two,株洲市2012.txt,株洲市,2012,13433,正常
two,株洲市2013.txt,株洲市,2013,16039,正常
two,株洲市2014.txt,株洲市,2014,15914,正常
two,株洲市2015.txt,株洲市,2015,15353,正常
two,株洲市2016.txt,株洲市,2016,17411,正常
two,株洲市2017.txt,株洲市,2017,16005,正常
two,株洲市2018.txt,株洲市,2018,14641,正常
two,株洲市2019.txt,株洲市,2019,18349,正常
two,株洲市2020.txt,株洲市,2020,17363,正常
two,株洲市2021.txt,株洲市,2021,19161,正常
two,株洲市2022.txt,株洲市,2022,13602,正常
two,株洲市2023.txt,株洲市,2023,17481,正常
two,株洲市2024.txt,株洲市,2024,14286,正常
two,株洲市2025.txt,株洲市,2025,6627,正常
two,桂林市2003.txt,桂林市,2003,16237,正常
two,桂林市2004.txt,桂林市,2004,17877,正常
two,桂林市2005.txt,桂林市,2005,15764,正常
two,桂林市2006.txt,桂林市,2006,20956,正常
two,桂林市2007.txt,桂林市,2007,10656,正常
two,桂林市2008.txt,桂林市,2008,15815,正常
two,桂林市2009.txt,桂林市,2009,19484,正常
two,桂林市2010.txt,桂林市,2010,21971,正常
two,桂林市2011.txt,桂林市,2011,23454,正常
two,桂林市2012.txt,桂林市,2012,22367,正常
two,桂林市2013.txt,桂林市,2013,21139,正常
two,桂林市2014.txt,桂林市,2014,18531,正常
two,桂林市2015.txt,桂林市,2015,22220,正常
two,桂林市2016.txt,桂林市,2016,22128,正常
two,桂林市2017.txt,桂林市,2017,23281,正常
two,桂林市2018.txt,桂林市,2018,20194,正常
two,桂林市2019.txt,桂林市,2019,23141,正常
two,桂林市2020.txt,桂林市,2020,22765,正常
two,桂林市2021.txt,桂林市,2021,18769,正常
two,桂林市2022.txt,桂林市,2022,18238,正常
two,桂林市2023.txt,桂林市,2023,20625,正常
two,桂林市2024.txt,桂林市,2024,4683,正常
two,桂林市2025.txt,桂林市,2025,16310,正常
two,梅州市2003.txt,梅州市,2003,1,空文件
two,梅州市2004.txt,梅州市,2004,13923,正常
two,梅州市2005.txt,梅州市,2005,14966,正常
two,梅州市2006.txt,梅州市,2006,16329,正常
two,梅州市2007.txt,梅州市,2007,16173,正常
two,梅州市2008.txt,梅州市,2008,16663,正常
two,梅州市2009.txt,梅州市,2009,18245,正常
two,梅州市2010.txt,梅州市,2010,17335,正常
two,梅州市2011.txt,梅州市,2011,19759,正常
two,梅州市2012.txt,梅州市,2012,6430,正常
two,梅州市2013.txt,梅州市,2013,10683,正常
two,梅州市2014.txt,梅州市,2014,14912,正常
two,梅州市2015.txt,梅州市,2015,15506,正常
two,梅州市2016.txt,梅州市,2016,19736,正常
two,梅州市2017.txt,梅州市,2017,17759,正常
two,梅州市2018.txt,梅州市,2018,15328,正常
two,梅州市2019.txt,梅州市,2019,20796,正常
two,梅州市2020.txt,梅州市,2020,20911,正常
two,梅州市2021.txt,梅州市,2021,20705,正常
two,梅州市2022.txt,梅州市,2022,15556,正常
two,梅州市2023.txt,梅州市,2023,17367,正常
two,梅州市2024.txt,梅州市,2024,16233,正常
two,梅州市2025.txt,梅州市,2025,17236,正常
two,梧州市2003.txt,梧州市,2003,16183,正常
two,梧州市2004.txt,梧州市,2004,15066,正常
two,梧州市2005.txt,梧州市,2005,14978,正常
two,梧州市2006.txt,梧州市,2006,17379,正常
two,梧州市2007.txt,梧州市,2007,11583,正常
two,梧州市2008.txt,梧州市,2008,11891,正常
two,梧州市2009.txt,梧州市,2009,16504,正常
two,梧州市2010.txt,梧州市,2010,16553,正常
two,梧州市2011.txt,梧州市,2011,13074,正常
two,梧州市2012.txt,梧州市,2012,13848,正常
two,梧州市2013.txt,梧州市,2013,15670,正常
two,梧州市2014.txt,梧州市,2014,15709,正常
two,梧州市2015.txt,梧州市,2015,17102,正常
two,梧州市2016.txt,梧州市,2016,15886,正常
two,梧州市2017.txt,梧州市,2017,15369,正常
two,梧州市2018.txt,梧州市,2018,16155,正常
two,梧州市2019.txt,梧州市,2019,13244,正常
two,梧州市2020.txt,梧州市,2020,13384,正常
two,梧州市2021.txt,梧州市,2021,14586,正常
two,梧州市2022.txt,梧州市,2022,15768,正常
two,梧州市2023.txt,梧州市,2023,18027,正常
two,梧州市2024.txt,梧州市,2024,18460,正常
two,梧州市2025.txt,梧州市,2025,14307,正常
two,榆林市2003.txt,榆林市,2003,13131,正常
two,榆林市2004.txt,榆林市,2004,16586,正常
two,榆林市2005.txt,榆林市,2005,20044,正常
two,榆林市2006.txt,榆林市,2006,17592,正常
two,榆林市2007.txt,榆林市,2007,23188,正常
two,榆林市2008.txt,榆林市,2008,21546,正常
two,榆林市2009.txt,榆林市,2009,18288,正常
two,榆林市2010.txt,榆林市,2010,18079,正常
two,榆林市2011.txt,榆林市,2011,17991,正常
two,榆林市2012.txt,榆林市,2012,16869,正常
two,榆林市2013.txt,榆林市,2013,15633,正常
two,榆林市2014.txt,榆林市,2014,15905,正常
two,榆林市2015.txt,榆林市,2015,14903,正常
two,榆林市2016.txt,榆林市,2016,15326,正常
two,榆林市2017.txt,榆林市,2017,15488,正常
two,榆林市2018.txt,榆林市,2018,15276,正常
two,榆林市2019.txt,榆林市,2019,14557,正常
two,榆林市2020.txt,榆林市,2020,13029,正常
two,榆林市2021.txt,榆林市,2021,14815,正常
two,榆林市2022.txt,榆林市,2022,16806,正常
two,榆林市2023.txt,榆林市,2023,15600,正常
two,榆林市2024.txt,榆林市,2024,15339,正常
two,榆林市2025.txt,榆林市,2025,14951,正常
two,武威市2003.txt,武威市,2003,16440,正常
two,武威市2004.txt,武威市,2004,12819,正常
two,武威市2005.txt,武威市,2005,13709,正常
two,武威市2006.txt,武威市,2006,16564,正常
two,武威市2007.txt,武威市,2007,17887,正常
two,武威市2008.txt,武威市,2008,17331,正常
two,武威市2009.txt,武威市,2009,14745,正常
two,武威市2010.txt,武威市,2010,15512,正常
two,武威市2011.txt,武威市,2011,19919,正常
two,武威市2012.txt,武威市,2012,16627,正常
two,武威市2013.txt,武威市,2013,16600,正常
two,武威市2014.txt,武威市,2014,10169,正常
two,武威市2015.txt,武威市,2015,16200,正常
two,武威市2016.txt,武威市,2016,17454,正常
two,武威市2017.txt,武威市,2017,14262,正常
two,武威市2018.txt,武威市,2018,15487,正常
two,武威市2019.txt,武威市,2019,16583,正常
two,武威市2020.txt,武威市,2020,17827,正常
two,武威市2021.txt,武威市,2021,19243,正常
two,武威市2022.txt,武威市,2022,17153,正常
two,武威市2023.txt,武威市,2023,17849,正常
two,武威市2024.txt,武威市,2024,16880,正常
two,武威市2025.txt,武威市,2025,17501,正常
two,武汉市2003.txt,武汉市,2003,20200,正常
two,武汉市2004.txt,武汉市,2004,19581,正常
two,武汉市2005.txt,武汉市,2005,19882,正常
two,武汉市2006.txt,武汉市,2006,20905,正常
two,武汉市2007.txt,武汉市,2007,21321,正常
two,武汉市2008.txt,武汉市,2008,18851,正常
two,武汉市2009.txt,武汉市,2009,22591,正常
two,武汉市2010.txt,武汉市,2010,20230,正常
two,武汉市2011.txt,武汉市,2011,20121,正常
two,武汉市2012.txt,武汉市,2012,20959,正常
two,武汉市2013.txt,武汉市,2013,22029,正常
two,武汉市2014.txt,武汉市,2014,23255,正常
two,武汉市2015.txt,武汉市,2015,17159,正常
two,武汉市2016.txt,武汉市,2016,18318,正常
two,武汉市2017.txt,武汉市,2017,13750,正常
two,武汉市2018.txt,武汉市,2018,16508,正常
two,武汉市2019.txt,武汉市,2019,16138,正常
two,武汉市2020.txt,武汉市,2020,16232,正常
two,武汉市2021.txt,武汉市,2021,15912,正常
two,武汉市2022.txt,武汉市,2022,18174,正常
two,武汉市2023.txt,武汉市,2023,17169,正常
two,武汉市2024.txt,武汉市,2024,18231,正常
two,武汉市2025.txt,武汉市,2025,18288,正常
two,永州市2003.txt,永州市,2003,1,空文件
two,永州市2004.txt,永州市,2004,1,空文件
two,永州市2005.txt,永州市,2005,1,空文件
two,永州市2006.txt,永州市,2006,1,空文件
two,永州市2007.txt,永州市,2007,1,空文件
two,永州市2008.txt,永州市,2008,1,空文件
two,永州市2009.txt,永州市,2009,1,空文件
two,永州市2010.txt,永州市,2010,18665,正常
two,永州市2011.txt,永州市,2011,17623,正常
two,永州市2012.txt,永州市,2012,16743,正常
two,永州市2013.txt,永州市,2013,12851,正常
two,永州市2014.txt,永州市,2014,16980,正常
two,永州市2015.txt,永州市,2015,15517,正常
two,永州市2016.txt,永州市,2016,23210,正常
two,永州市2017.txt,永州市,2017,19799,正常
two,永州市2018.txt,永州市,2018,16458,正常
two,永州市2019.txt,永州市,2019,18416,正常
two,永州市2020.txt,永州市,2020,17502,正常
two,永州市2021.txt,永州市,2021,18042,正常
two,永州市2022.txt,永州市,2022,18591,正常
two,永州市2023.txt,永州市,2023,16064,正常
two,永州市2024.txt,永州市,2024,15154,正常
two,永州市2025.txt,永州市,2025,16022,正常
two,汉中市2003.txt,汉中市,2003,1,空文件
two,汉中市2004.txt,汉中市,2004,1,空文件
two,汉中市2005.txt,汉中市,2005,14416,正常
two,汉中市2006.txt,汉中市,2006,3441,正常
two,汉中市2007.txt,汉中市,2007,4611,正常
two,汉中市2008.txt,汉中市,2008,9559,正常
two,汉中市2009.txt,汉中市,2009,8664,正常
two,汉中市2010.txt,汉中市,2010,9924,正常
two,汉中市2011.txt,汉中市,2011,13324,正常
two,汉中市2012.txt,汉中市,2012,10774,正常
two,汉中市2013.txt,汉中市,2013,10505,正常
two,汉中市2014.txt,汉中市,2014,13422,正常
two,汉中市2015.txt,汉中市,2015,13954,正常
two,汉中市2016.txt,汉中市,2016,15371,正常
two,汉中市2017.txt,汉中市,2017,17894,正常
two,汉中市2018.txt,汉中市,2018,17485,正常
two,汉中市2019.txt,汉中市,2019,19179,正常
two,汉中市2020.txt,汉中市,2020,16507,正常
two,汉中市2021.txt,汉中市,2021,17859,正常
two,汉中市2022.txt,汉中市,2022,21625,正常
two,汉中市2023.txt,汉中市,2023,17561,正常
two,汉中市2024.txt,汉中市,2024,16209,正常
two,汉中市2025.txt,汉中市,2025,15634,正常
two,汕头市2003.txt,汕头市,2003,18929,正常
two,汕头市2004.txt,汕头市,2004,15889,正常
two,汕头市2005.txt,汕头市,2005,15711,正常
two,汕头市2006.txt,汕头市,2006,16443,正常
two,汕头市2007.txt,汕头市,2007,13268,正常
two,汕头市2008.txt,汕头市,2008,13169,正常
two,汕头市2009.txt,汕头市,2009,14254,正常
two,汕头市2010.txt,汕头市,2010,12553,正常
two,汕头市2011.txt,汕头市,2011,11482,正常
two,汕头市2012.txt,汕头市,2012,15142,正常
two,汕头市2013.txt,汕头市,2013,14403,正常
two,汕头市2014.txt,汕头市,2014,15475,正常
two,汕头市2015.txt,汕头市,2015,16418,正常
two,汕头市2016.txt,汕头市,2016,18455,正常
two,汕头市2017.txt,汕头市,2017,14501,正常
two,汕头市2018.txt,汕头市,2018,16651,正常
two,汕头市2019.txt,汕头市,2019,17419,正常
two,汕头市2020.txt,汕头市,2020,20081,正常
two,汕头市2021.txt,汕头市,2021,21056,正常
two,汕头市2022.txt,汕头市,2022,20685,正常
two,汕头市2023.txt,汕头市,2023,17687,正常
two,汕头市2024.txt,汕头市,2024,17131,正常
two,汕头市2025.txt,汕头市,2025,19074,正常
two,汕尾市2003.txt,汕尾市,2003,1,空文件
two,汕尾市2004.txt,汕尾市,2004,1,空文件
two,汕尾市2005.txt,汕尾市,2005,1,空文件
two,汕尾市2006.txt,汕尾市,2006,12280,正常
two,汕尾市2007.txt,汕尾市,2007,16474,正常
two,汕尾市2008.txt,汕尾市,2008,9080,正常
two,汕尾市2009.txt,汕尾市,2009,15169,正常
two,汕尾市2010.txt,汕尾市,2010,14866,正常
two,汕尾市2011.txt,汕尾市,2011,16008,正常
two,汕尾市2012.txt,汕尾市,2012,15047,正常
two,汕尾市2013.txt,汕尾市,2013,10858,正常
two,汕尾市2014.txt,汕尾市,2014,13225,正常
two,汕尾市2015.txt,汕尾市,2015,13539,正常
two,汕尾市2016.txt,汕尾市,2016,5593,正常
two,汕尾市2017.txt,汕尾市,2017,20344,正常
two,汕尾市2018.txt,汕尾市,2018,22415,正常
two,汕尾市2019.txt,汕尾市,2019,19723,正常
two,汕尾市2020.txt,汕尾市,2020,15360,正常
two,汕尾市2021.txt,汕尾市,2021,25223,正常
two,汕尾市2022.txt,汕尾市,2022,18728,正常
two,汕尾市2023.txt,汕尾市,2023,20864,正常
two,汕尾市2024.txt,汕尾市,2024,19504,正常
two,汕尾市2025.txt,汕尾市,2025,21606,正常
two,江门市2003.txt,江门市,2003,15306,正常
two,江门市2004.txt,江门市,2004,12630,正常
two,江门市2005.txt,江门市,2005,12839,正常
two,江门市2006.txt,江门市,2006,15173,正常
two,江门市2007.txt,江门市,2007,19907,正常
two,江门市2008.txt,江门市,2008,13390,正常
two,江门市2009.txt,江门市,2009,12626,正常
two,江门市2010.txt,江门市,2010,14085,正常
two,江门市2011.txt,江门市,2011,16903,正常
two,江门市2012.txt,江门市,2012,11892,正常
two,江门市2013.txt,江门市,2013,16227,正常
two,江门市2014.txt,江门市,2014,16447,正常
two,江门市2015.txt,江门市,2015,10284,正常
two,江门市2016.txt,江门市,2016,14602,正常
two,江门市2017.txt,江门市,2017,17774,正常
two,江门市2018.txt,江门市,2018,16305,正常
two,江门市2019.txt,江门市,2019,17072,正常
two,江门市2020.txt,江门市,2020,18333,正常
two,江门市2021.txt,江门市,2021,23388,正常
two,江门市2022.txt,江门市,2022,19509,正常
two,江门市2023.txt,江门市,2023,20954,正常
two,江门市2024.txt,江门市,2024,22772,正常
two,江门市2025.txt,江门市,2025,21825,正常
two,池州市2003.txt,池州市,2003,13664,正常
two,池州市2004.txt,池州市,2004,14149,正常
two,池州市2005.txt,池州市,2005,13566,正常
two,池州市2006.txt,池州市,2006,15736,正常
two,池州市2007.txt,池州市,2007,13881,正常
two,池州市2008.txt,池州市,2008,14739,正常
two,池州市2009.txt,池州市,2009,15624,正常
two,池州市2010.txt,池州市,2010,15197,正常
two,池州市2011.txt,池州市,2011,19386,正常
two,池州市2012.txt,池州市,2012,14105,正常
two,池州市2013.txt,池州市,2013,2,空文件
two,池州市2014.txt,池州市,2014,13344,正常
two,池州市2015.txt,池州市,2015,14599,正常
two,池州市2016.txt,池州市,2016,17648,正常
two,池州市2017.txt,池州市,2017,15665,正常
two,池州市2018.txt,池州市,2018,2,空文件
two,池州市2019.txt,池州市,2019,13663,正常
two,池州市2020.txt,池州市,2020,15756,正常
two,池州市2021.txt,池州市,2021,20809,正常
two,池州市2022.txt,池州市,2022,18781,正常
two,池州市2023.txt,池州市,2023,16773,正常
two,池州市2024.txt,池州市,2024,18179,正常
two,池州市2025.txt,池州市,2025,11511,正常
two,沈阳市2003.txt,沈阳市,2003,11303,正常
two,沈阳市2004.txt,沈阳市,2004,11516,正常
two,沈阳市2005.txt,沈阳市,2005,12111,正常
two,沈阳市2006.txt,沈阳市,2006,12571,正常
two,沈阳市2007.txt,沈阳市,2007,11885,正常
two,沈阳市2008.txt,沈阳市,2008,14193,正常
two,沈阳市2009.txt,沈阳市,2009,14871,正常
two,沈阳市2010.txt,沈阳市,2010,10761,正常
two,沈阳市2011.txt,沈阳市,2011,10720,正常
two,沈阳市2012.txt,沈阳市,2012,11749,正常
two,沈阳市2013.txt,沈阳市,2013,11531,正常
two,沈阳市2014.txt,沈阳市,2014,10813,正常
two,沈阳市2015.txt,沈阳市,2015,12007,正常
two,沈阳市2016.txt,沈阳市,2016,16686,正常
two,沈阳市2017.txt,沈阳市,2017,17645,正常
two,沈阳市2018.txt,沈阳市,2018,20218,正常
two,沈阳市2019.txt,沈阳市,2019,20231,正常
two,沈阳市2020.txt,沈阳市,2020,18232,正常
two,沈阳市2021.txt,沈阳市,2021,19464,正常
two,沈阳市2022.txt,沈阳市,2022,14466,正常
two,沈阳市2023.txt,沈阳市,2023,14220,正常
two,沈阳市2024.txt,沈阳市,2024,14298,正常
two,沈阳市2025.txt,沈阳市,2025,14429,正常
two,沧州市2003.txt,沧州市,2003,13937,正常
two,沧州市2004.txt,沧州市,2004,16104,正常
two,沧州市2005.txt,沧州市,2005,15140,正常
two,沧州市2006.txt,沧州市,2006,15825,正常
two,沧州市2007.txt,沧州市,2007,3934,正常
two,沧州市2008.txt,沧州市,2008,1,空文件
two,沧州市2009.txt,沧州市,2009,1,空文件
two,沧州市2010.txt,沧州市,2010,18723,正常
two,沧州市2011.txt,沧州市,2011,18492,正常
two,沧州市2012.txt,沧州市,2012,15457,正常
two,沧州市2013.txt,沧州市,2013,15482,正常
two,沧州市2014.txt,沧州市,2014,13849,正常
two,沧州市2015.txt,沧州市,2015,14283,正常
two,沧州市2016.txt,沧州市,2016,16869,正常
two,沧州市2017.txt,沧州市,2017,15120,正常
two,沧州市2018.txt,沧州市,2018,17300,正常
two,沧州市2019.txt,沧州市,2019,18097,正常
two,沧州市2020.txt,沧州市,2020,17792,正常
two,沧州市2021.txt,沧州市,2021,19271,正常
two,沧州市2022.txt,沧州市,2022,16627,正常
two,沧州市2023.txt,沧州市,2023,16161,正常
two,沧州市2024.txt,沧州市,2024,11753,正常
two,沧州市2025.txt,沧州市,2025,12478,正常
two,河池市2003.txt,河池市,2003,1,空文件
two,河池市2004.txt,河池市,2004,20745,正常
two,河池市2005.txt,河池市,2005,18621,正常
two,河池市2006.txt,河池市,2006,20219,正常
two,河池市2007.txt,河池市,2007,15421,正常
two,河池市2008.txt,河池市,2008,17201,正常
two,河池市2009.txt,河池市,2009,21467,正常
two,河池市2010.txt,河池市,2010,23331,正常
two,河池市2011.txt,河池市,2011,20142,正常
two,河池市2012.txt,河池市,2012,18080,正常
two,河池市2013.txt,河池市,2013,2,空文件
two,河池市2014.txt,河池市,2014,14639,正常
two,河池市2015.txt,河池市,2015,20243,正常
two,河池市2016.txt,河池市,2016,18100,正常
two,河池市2017.txt,河池市,2017,19198,正常
two,河池市2018.txt,河池市,2018,21085,正常
two,河池市2019.txt,河池市,2019,18651,正常
two,河池市2020.txt,河池市,2020,17162,正常
two,河池市2021.txt,河池市,2021,19612,正常
two,河池市2022.txt,河池市,2022,18182,正常
two,河池市2023.txt,河池市,2023,22680,正常
two,河池市2024.txt,河池市,2024,28288,正常
two,河池市2025.txt,河池市,2025,16753,正常
two,河源市2003.txt,河源市,2003,16051,正常
two,河源市2004.txt,河源市,2004,17115,正常
two,河源市2005.txt,河源市,2005,16145,正常
two,河源市2006.txt,河源市,2006,17297,正常
two,河源市2007.txt,河源市,2007,18475,正常
two,河源市2008.txt,河源市,2008,20911,正常
two,河源市2009.txt,河源市,2009,7121,正常
two,河源市2010.txt,河源市,2010,7472,正常
two,河源市2011.txt,河源市,2011,8736,正常
two,河源市2012.txt,河源市,2012,7190,正常
two,河源市2013.txt,河源市,2013,5177,正常
two,河源市2014.txt,河源市,2014,6076,正常
two,河源市2015.txt,河源市,2015,7729,正常
two,河源市2016.txt,河源市,2016,7543,正常
two,河源市2017.txt,河源市,2017,16136,正常
two,河源市2018.txt,河源市,2018,18212,正常
two,河源市2019.txt,河源市,2019,19738,正常
two,河源市2020.txt,河源市,2020,19575,正常
two,河源市2021.txt,河源市,2021,23110,正常
two,河源市2022.txt,河源市,2022,20439,正常
two,河源市2023.txt,河源市,2023,22357,正常
two,河源市2024.txt,河源市,2024,27295,正常
two,河源市2025.txt,河源市,2025,24387,正常
two,泉州市2003.txt,泉州市,2003,1,空文件
two,泉州市2004.txt,泉州市,2004,14653,正常
two,泉州市2005.txt,泉州市,2005,15015,正常
two,泉州市2006.txt,泉州市,2006,16611,正常
two,泉州市2007.txt,泉州市,2007,16436,正常
two,泉州市2008.txt,泉州市,2008,15625,正常
two,泉州市2009.txt,泉州市,2009,13276,正常
two,泉州市2010.txt,泉州市,2010,15762,正常
two,泉州市2011.txt,泉州市,2011,16541,正常
two,泉州市2012.txt,泉州市,2012,16724,正常
two,泉州市2013.txt,泉州市,2013,15835,正常
two,泉州市2014.txt,泉州市,2014,14972,正常
two,泉州市2015.txt,泉州市,2015,15059,正常
two,泉州市2016.txt,泉州市,2016,16915,正常
two,泉州市2017.txt,泉州市,2017,16409,正常
two,泉州市2018.txt,泉州市,2018,15414,正常
two,泉州市2019.txt,泉州市,2019,15175,正常
two,泉州市2020.txt,泉州市,2020,14425,正常
two,泉州市2021.txt,泉州市,2021,15914,正常
two,泉州市2022.txt,泉州市,2022,15874,正常
two,泉州市2023.txt,泉州市,2023,14226,正常
two,泉州市2024.txt,泉州市,2024,16072,正常
two,泉州市2025.txt,泉州市,2025,16582,正常
two,泰安市2003.txt,泰安市,2003,13792,正常
two,泰安市2004.txt,泰安市,2004,14857,正常
two,泰安市2005.txt,泰安市,2005,15441,正常
two,泰安市2006.txt,泰安市,2006,15908,正常
two,泰安市2007.txt,泰安市,2007,13917,正常
two,泰安市2008.txt,泰安市,2008,13637,正常
two,泰安市2009.txt,泰安市,2009,13695,正常
two,泰安市2010.txt,泰安市,2010,15236,正常
two,泰安市2011.txt,泰安市,2011,16040,正常
two,泰安市2012.txt,泰安市,2012,15885,正常
two,泰安市2013.txt,泰安市,2013,7450,正常
two,泰安市2014.txt,泰安市,2014,13272,正常
two,泰安市2015.txt,泰安市,2015,15368,正常
two,泰安市2016.txt,泰安市,2016,14768,正常
two,泰安市2017.txt,泰安市,2017,15856,正常
two,泰安市2018.txt,泰安市,2018,13810,正常
two,泰安市2019.txt,泰安市,2019,15603,正常
two,泰安市2020.txt,泰安市,2020,16907,正常
two,泰安市2021.txt,泰安市,2021,17833,正常
two,泰安市2022.txt,泰安市,2022,19734,正常
two,泰安市2023.txt,泰安市,2023,14134,正常
two,泰安市2024.txt,泰安市,2024,13388,正常
two,泰安市2025.txt,泰安市,2025,15409,正常
two,泰州市2003.txt,泰州市,2003,13210,正常
two,泰州市2004.txt,泰州市,2004,14125,正常
two,泰州市2005.txt,泰州市,2005,13792,正常
two,泰州市2006.txt,泰州市,2006,15240,正常
two,泰州市2007.txt,泰州市,2007,13829,正常
two,泰州市2008.txt,泰州市,2008,16553,正常
two,泰州市2009.txt,泰州市,2009,14008,正常
two,泰州市2010.txt,泰州市,2010,14126,正常
two,泰州市2011.txt,泰州市,2011,16451,正常
two,泰州市2012.txt,泰州市,2012,14451,正常
two,泰州市2013.txt,泰州市,2013,14622,正常
two,泰州市2014.txt,泰州市,2014,11298,正常
two,泰州市2015.txt,泰州市,2015,11649,正常
two,泰州市2016.txt,泰州市,2016,14885,正常
two,泰州市2017.txt,泰州市,2017,16255,正常
two,泰州市2018.txt,泰州市,2018,13964,正常
two,泰州市2019.txt,泰州市,2019,14046,正常
two,泰州市2020.txt,泰州市,2020,13798,正常
two,泰州市2021.txt,泰州市,2021,15036,正常
two,泰州市2022.txt,泰州市,2022,13954,正常
two,泰州市2023.txt,泰州市,2023,11203,正常
two,泰州市2024.txt,泰州市,2024,11887,正常
two,泰州市2025.txt,泰州市,2025,11000,正常
two,泸州市2003.txt,泸州市,2003,18157,正常
two,泸州市2004.txt,泸州市,2004,15346,正常
two,泸州市2005.txt,泸州市,2005,18325,正常
two,泸州市2006.txt,泸州市,2006,17973,正常
two,泸州市2007.txt,泸州市,2007,15524,正常
two,泸州市2008.txt,泸州市,2008,15456,正常
two,泸州市2009.txt,泸州市,2009,13232,正常
two,泸州市2010.txt,泸州市,2010,17464,正常
two,泸州市2011.txt,泸州市,2011,22082,正常
two,泸州市2012.txt,泸州市,2012,17864,正常
two,泸州市2013.txt,泸州市,2013,17916,正常
two,泸州市2014.txt,泸州市,2014,13479,正常
two,泸州市2015.txt,泸州市,2015,13411,正常
two,泸州市2016.txt,泸州市,2016,11311,正常
two,泸州市2017.txt,泸州市,2017,11441,正常
two,泸州市2018.txt,泸州市,2018,12855,正常
two,泸州市2019.txt,泸州市,2019,12476,正常
two,泸州市2020.txt,泸州市,2020,15662,正常
two,泸州市2021.txt,泸州市,2021,18559,正常
two,泸州市2022.txt,泸州市,2022,19742,正常
two,泸州市2023.txt,泸州市,2023,19386,正常
two,泸州市2024.txt,泸州市,2024,19824,正常
two,泸州市2025.txt,泸州市,2025,19471,正常
two,洛阳市2003.txt,洛阳市,2003,14752,正常
two,洛阳市2004.txt,洛阳市,2004,17760,正常
two,洛阳市2005.txt,洛阳市,2005,16813,正常
two,洛阳市2006.txt,洛阳市,2006,14052,正常
two,洛阳市2007.txt,洛阳市,2007,16973,正常
two,洛阳市2008.txt,洛阳市,2008,18270,正常
two,洛阳市2009.txt,洛阳市,2009,18123,正常
two,洛阳市2010.txt,洛阳市,2010,18300,正常
two,洛阳市2011.txt,洛阳市,2011,17819,正常
two,洛阳市2012.txt,洛阳市,2012,15236,正常
two,洛阳市2013.txt,洛阳市,2013,13487,正常
two,洛阳市2014.txt,洛阳市,2014,16911,正常
two,洛阳市2015.txt,洛阳市,2015,17823,正常
two,洛阳市2016.txt,洛阳市,2016,16871,正常
two,洛阳市2017.txt,洛阳市,2017,16166,正常
two,洛阳市2018.txt,洛阳市,2018,18916,正常
two,洛阳市2019.txt,洛阳市,2019,20516,正常
two,洛阳市2020.txt,洛阳市,2020,16596,正常
two,洛阳市2021.txt,洛阳市,2021,21038,正常
two,洛阳市2022.txt,洛阳市,2022,17632,正常
two,洛阳市2023.txt,洛阳市,2023,17755,正常
two,洛阳市2024.txt,洛阳市,2024,16477,正常
two,洛阳市2025.txt,洛阳市,2025,14576,正常
two,济南市2003.txt,济南市,2003,12931,正常
two,济南市2004.txt,济南市,2004,16046,正常
two,济南市2005.txt,济南市,2005,17759,正常
two,济南市2006.txt,济南市,2006,18346,正常
two,济南市2007.txt,济南市,2007,12630,正常
two,济南市2008.txt,济南市,2008,15955,正常
two,济南市2009.txt,济南市,2009,13578,正常
two,济南市2010.txt,济南市,2010,14365,正常
two,济南市2011.txt,济南市,2011,16894,正常
two,济南市2012.txt,济南市,2012,20103,正常
two,济南市2013.txt,济南市,2013,14298,正常
two,济南市2014.txt,济南市,2014,16309,正常
two,济南市2015.txt,济南市,2015,17204,正常
two,济南市2016.txt,济南市,2016,18211,正常
two,济南市2017.txt,济南市,2017,17774,正常
two,济南市2018.txt,济南市,2018,18754,正常
two,济南市2019.txt,济南市,2019,21784,正常
two,济南市2020.txt,济南市,2020,21427,正常
two,济南市2021.txt,济南市,2021,21427,正常
two,济南市2022.txt,济南市,2022,21491,正常
two,济南市2023.txt,济南市,2023,22753,正常
two,济南市2024.txt,济南市,2024,21875,正常
two,济南市2025.txt,济南市,2025,23980,正常
two,济宁市2003.txt,济宁市,2003,14538,正常
two,济宁市2004.txt,济宁市,2004,13629,正常
two,济宁市2005.txt,济宁市,2005,12788,正常
two,济宁市2006.txt,济宁市,2006,14534,正常
two,济宁市2007.txt,济宁市,2007,14678,正常
two,济宁市2008.txt,济宁市,2008,16930,正常
two,济宁市2009.txt,济宁市,2009,15609,正常
two,济宁市2010.txt,济宁市,2010,16996,正常
two,济宁市2011.txt,济宁市,2011,17644,正常
two,济宁市2012.txt,济宁市,2012,17397,正常
two,济宁市2013.txt,济宁市,2013,14862,正常
two,济宁市2014.txt,济宁市,2014,15614,正常
two,济宁市2015.txt,济宁市,2015,16372,正常
two,济宁市2016.txt,济宁市,2016,13222,正常
two,济宁市2017.txt,济宁市,2017,13641,正常
two,济宁市2018.txt,济宁市,2018,12713,正常
two,济宁市2019.txt,济宁市,2019,16895,正常
two,济宁市2020.txt,济宁市,2020,17209,正常
two,济宁市2021.txt,济宁市,2021,21056,正常
two,济宁市2022.txt,济宁市,2022,19531,正常
two,济宁市2023.txt,济宁市,2023,17424,正常
two,济宁市2024.txt,济宁市,2024,17581,正常
two,济宁市2025.txt,济宁市,2025,16943,正常
two,海东市2003.txt,海东市,2003,1,空文件
two,海东市2004.txt,海东市,2004,1,空文件
two,海东市2005.txt,海东市,2005,1,空文件
two,海东市2006.txt,海东市,2006,1,空文件
two,海东市2007.txt,海东市,2007,1,空文件
two,海东市2008.txt,海东市,2008,1,空文件
two,海东市2009.txt,海东市,2009,1,空文件
two,海东市2010.txt,海东市,2010,1,空文件
two,海东市2011.txt,海东市,2011,1,空文件
two,海东市2012.txt,海东市,2012,1,空文件
two,海东市2013.txt,海东市,2013,17618,正常
two,海东市2014.txt,海东市,2014,26333,正常
two,海东市2015.txt,海东市,2015,19288,正常
two,海东市2016.txt,海东市,2016,23783,正常
two,海东市2017.txt,海东市,2017,13220,正常
two,海东市2018.txt,海东市,2018,17381,正常
two,海东市2019.txt,海东市,2019,17618,正常
two,海东市2020.txt,海东市,2020,16767,正常
two,海东市2021.txt,海东市,2021,13164,正常
two,海东市2022.txt,海东市,2022,10559,正常
two,海东市2023.txt,海东市,2023,13402,正常
two,海东市2024.txt,海东市,2024,6166,正常
two,海东市2025.txt,海东市,2025,0,空文件
two,海口市2003.txt,海口市,2003,12739,正常
two,海口市2004.txt,海口市,2004,14540,正常
two,海口市2005.txt,海口市,2005,12682,正常
two,海口市2006.txt,海口市,2006,19984,正常
two,海口市2007.txt,海口市,2007,15932,正常
two,海口市2008.txt,海口市,2008,12766,正常
two,海口市2009.txt,海口市,2009,14498,正常
two,海口市2010.txt,海口市,2010,13888,正常
two,海口市2011.txt,海口市,2011,10121,正常
two,海口市2012.txt,海口市,2012,12026,正常
two,海口市2013.txt,海口市,2013,14292,正常
two,海口市2014.txt,海口市,2014,14569,正常
two,海口市2015.txt,海口市,2015,14088,正常
two,海口市2016.txt,海口市,2016,18688,正常
two,海口市2017.txt,海口市,2017,14366,正常
two,海口市2018.txt,海口市,2018,13864,正常
two,海口市2019.txt,海口市,2019,16316,正常
two,海口市2020.txt,海口市,2020,22385,正常
two,海口市2021.txt,海口市,2021,23493,正常
two,海口市2022.txt,海口市,2022,19136,正常
two,海口市2023.txt,海口市,2023,18408,正常
two,海口市2024.txt,海口市,2024,18714,正常
two,海口市2025.txt,海口市,2025,17447,正常
two,淄博市2003.txt,淄博市,2003,13479,正常
two,淄博市2004.txt,淄博市,2004,13345,正常
two,淄博市2005.txt,淄博市,2005,15824,正常
two,淄博市2006.txt,淄博市,2006,17721,正常
two,淄博市2007.txt,淄博市,2007,16751,正常
two,淄博市2008.txt,淄博市,2008,16180,正常
two,淄博市2009.txt,淄博市,2009,15565,正常
two,淄博市2010.txt,淄博市,2010,14696,正常
two,淄博市2011.txt,淄博市,2011,15302,正常
two,淄博市2012.txt,淄博市,2012,16671,正常
two,淄博市2013.txt,淄博市,2013,16191,正常
two,淄博市2014.txt,淄博市,2014,15398,正常
two,淄博市2015.txt,淄博市,2015,13786,正常
two,淄博市2016.txt,淄博市,2016,15741,正常
two,淄博市2017.txt,淄博市,2017,13099,正常
two,淄博市2018.txt,淄博市,2018,14045,正常
two,淄博市2019.txt,淄博市,2019,14573,正常
two,淄博市2020.txt,淄博市,2020,16136,正常
two,淄博市2021.txt,淄博市,2021,18728,正常
two,淄博市2022.txt,淄博市,2022,17188,正常
two,淄博市2023.txt,淄博市,2023,13008,正常
two,淄博市2024.txt,淄博市,2024,13874,正常
two,淄博市2025.txt,淄博市,2025,13764,正常
two,淮北市2003.txt,淮北市,2003,33,空文件
two,淮北市2004.txt,淮北市,2004,29,空文件
two,淮北市2005.txt,淮北市,2005,28,空文件
two,淮北市2006.txt,淮北市,2006,16808,正常
two,淮北市2007.txt,淮北市,2007,14500,正常
two,淮北市2008.txt,淮北市,2008,16941,正常
two,淮北市2009.txt,淮北市,2009,15815,正常
two,淮北市2010.txt,淮北市,2010,15783,正常
two,淮北市2011.txt,淮北市,2011,14540,正常
two,淮北市2012.txt,淮北市,2012,16641,正常
two,淮北市2013.txt,淮北市,2013,16745,正常
two,淮北市2014.txt,淮北市,2014,13500,正常
two,淮北市2015.txt,淮北市,2015,14170,正常
two,淮北市2016.txt,淮北市,2016,17900,正常
two,淮北市2017.txt,淮北市,2017,14471,正常
two,淮北市2018.txt,淮北市,2018,16285,正常
two,淮北市2019.txt,淮北市,2019,15298,正常
two,淮北市2020.txt,淮北市,2020,15953,正常
two,淮北市2021.txt,淮北市,2021,16880,正常
two,淮北市2022.txt,淮北市,2022,17543,正常
two,淮北市2023.txt,淮北市,2023,14187,正常
two,淮北市2024.txt,淮北市,2024,10480,正常
two,淮北市2025.txt,淮北市,2025,18366,正常
two,淮南市2003.txt,淮南市,2003,1,空文件
two,淮南市2004.txt,淮南市,2004,1,空文件
two,淮南市2005.txt,淮南市,2005,1,空文件
two,淮南市2006.txt,淮南市,2006,1,空文件
two,淮南市2007.txt,淮南市,2007,1,空文件
two,淮南市2008.txt,淮南市,2008,17936,正常
two,淮南市2009.txt,淮南市,2009,18103,正常
two,淮南市2010.txt,淮南市,2010,18416,正常
two,淮南市2011.txt,淮南市,2011,18779,正常
two,淮南市2012.txt,淮南市,2012,16575,正常
two,淮南市2013.txt,淮南市,2013,18701,正常
two,淮南市2014.txt,淮南市,2014,12632,正常
two,淮南市2015.txt,淮南市,2015,13106,正常
two,淮南市2016.txt,淮南市,2016,16407,正常
two,淮南市2017.txt,淮南市,2017,15363,正常
two,淮南市2018.txt,淮南市,2018,15834,正常
two,淮南市2019.txt,淮南市,2019,16961,正常
two,淮南市2020.txt,淮南市,2020,20395,正常
two,淮南市2021.txt,淮南市,2021,23818,正常
two,淮南市2022.txt,淮南市,2022,21279,正常
two,淮南市2023.txt,淮南市,2023,19941,正常
two,淮南市2024.txt,淮南市,2024,20296,正常
two,淮南市2025.txt,淮南市,2025,17910,正常
two,淮安市2003.txt,淮安市,2003,1,空文件
two,淮安市2004.txt,淮安市,2004,1,空文件
two,淮安市2005.txt,淮安市,2005,1,空文件
two,淮安市2006.txt,淮安市,2006,1,空文件
two,淮安市2007.txt,淮安市,2007,1,空文件
two,淮安市2008.txt,淮安市,2008,19833,正常
two,淮安市2009.txt,淮安市,2009,1,空文件
two,淮安市2010.txt,淮安市,2010,1,空文件
two,淮安市2011.txt,淮安市,2011,13021,正常
two,淮安市2012.txt,淮安市,2012,17053,正常
two,淮安市2013.txt,淮安市,2013,12778,正常
two,淮安市2014.txt,淮安市,2014,15718,正常
two,淮安市2015.txt,淮安市,2015,14883,正常
two,淮安市2016.txt,淮安市,2016,15942,正常
two,淮安市2017.txt,淮安市,2017,15630,正常
two,淮安市2018.txt,淮安市,2018,15902,正常
two,淮安市2019.txt,淮安市,2019,15332,正常
two,淮安市2020.txt,淮安市,2020,17989,正常
two,淮安市2021.txt,淮安市,2021,24583,正常
two,淮安市2022.txt,淮安市,2022,17089,正常
two,淮安市2023.txt,淮安市,2023,16790,正常
two,淮安市2024.txt,淮安市,2024,14836,正常
two,淮安市2025.txt,淮安市,2025,14523,正常
two,深圳市2003.txt,深圳市,2003,19319,正常
two,深圳市2004.txt,深圳市,2004,19455,正常
two,深圳市2005.txt,深圳市,2005,16592,正常
two,深圳市2006.txt,深圳市,2006,19238,正常
two,深圳市2007.txt,深圳市,2007,18381,正常
two,深圳市2008.txt,深圳市,2008,23857,正常
two,深圳市2009.txt,深圳市,2009,19848,正常
two,深圳市2010.txt,深圳市,2010,19692,正常
two,深圳市2011.txt,深圳市,2011,19991,正常
two,深圳市2012.txt,深圳市,2012,17121,正常
two,深圳市2013.txt,深圳市,2013,16207,正常
two,深圳市2014.txt,深圳市,2014,18004,正常
two,深圳市2015.txt,深圳市,2015,18471,正常
two,深圳市2016.txt,深圳市,2016,20332,正常
two,深圳市2017.txt,深圳市,2017,19880,正常
two,深圳市2018.txt,深圳市,2018,19035,正常
two,深圳市2019.txt,深圳市,2019,22050,正常
two,深圳市2020.txt,深圳市,2020,19896,正常
two,深圳市2021.txt,深圳市,2021,17278,正常
two,深圳市2022.txt,深圳市,2022,20399,正常
two,深圳市2023.txt,深圳市,2023,21797,正常
two,深圳市2024.txt,深圳市,2024,26498,正常
two,深圳市2025.txt,深圳市,2025,30008,正常
two,清远市2003.txt,清远市,2003,15203,正常
two,清远市2004.txt,清远市,2004,13760,正常
two,清远市2005.txt,清远市,2005,19352,正常
two,清远市2006.txt,清远市,2006,21509,正常
two,清远市2007.txt,清远市,2007,24307,正常
two,清远市2008.txt,清远市,2008,15615,正常
two,清远市2009.txt,清远市,2009,11338,正常
two,清远市2010.txt,清远市,2010,11668,正常
two,清远市2011.txt,清远市,2011,18835,正常
two,清远市2012.txt,清远市,2012,19643,正常
two,清远市2013.txt,清远市,2013,18403,正常
two,清远市2014.txt,清远市,2014,16075,正常
two,清远市2015.txt,清远市,2015,14901,正常
two,清远市2016.txt,清远市,2016,13830,正常
two,清远市2017.txt,清远市,2017,15494,正常
two,清远市2018.txt,清远市,2018,14643,正常
two,清远市2019.txt,清远市,2019,14610,正常
two,清远市2020.txt,清远市,2020,11043,正常
two,清远市2021.txt,清远市,2021,16444,正常
two,清远市2022.txt,清远市,2022,17911,正常
two,清远市2023.txt,清远市,2023,18126,正常
two,清远市2024.txt,清远市,2024,14861,正常
two,清远市2025.txt,清远市,2025,15624,正常
two,温州市2003.txt,温州市,2003,14401,正常
two,温州市2004.txt,温州市,2004,13831,正常
two,温州市2005.txt,温州市,2005,13103,正常
two,温州市2006.txt,温州市,2006,17693,正常
two,温州市2007.txt,温州市,2007,16884,正常
two,温州市2008.txt,温州市,2008,15152,正常
two,温州市2009.txt,温州市,2009,16460,正常
two,温州市2010.txt,温州市,2010,15869,正常
two,温州市2011.txt,温州市,2011,16698,正常
two,温州市2012.txt,温州市,2012,15142,正常
two,温州市2013.txt,温州市,2013,13078,正常
two,温州市2014.txt,温州市,2014,14472,正常
two,温州市2015.txt,温州市,2015,16000,正常
two,温州市2016.txt,温州市,2016,15139,正常
two,温州市2017.txt,温州市,2017,16434,正常
two,温州市2018.txt,温州市,2018,17106,正常
two,温州市2019.txt,温州市,2019,16174,正常
two,温州市2020.txt,温州市,2020,20020,正常
two,温州市2021.txt,温州市,2021,19605,正常
two,温州市2022.txt,温州市,2022,18120,正常
two,温州市2023.txt,温州市,2023,17879,正常
two,温州市2024.txt,温州市,2024,18072,正常
two,温州市2025.txt,温州市,2025,19316,正常
two,渭南市2003.txt,渭南市,2003,1,空文件
two,渭南市2004.txt,渭南市,2004,1,空文件
two,渭南市2005.txt,渭南市,2005,1,空文件
two,渭南市2006.txt,渭南市,2006,14516,正常
two,渭南市2007.txt,渭南市,2007,13368,正常
two,渭南市2008.txt,渭南市,2008,11967,正常
two,渭南市2009.txt,渭南市,2009,13438,正常
two,渭南市2010.txt,渭南市,2010,13224,正常
two,渭南市2011.txt,渭南市,2011,14235,正常
two,渭南市2012.txt,渭南市,2012,12682,正常
two,渭南市2013.txt,渭南市,2013,11207,正常
two,渭南市2014.txt,渭南市,2014,11570,正常
two,渭南市2015.txt,渭南市,2015,12225,正常
two,渭南市2016.txt,渭南市,2016,14292,正常
two,渭南市2017.txt,渭南市,2017,11474,正常
two,渭南市2018.txt,渭南市,2018,13959,正常
two,渭南市2019.txt,渭南市,2019,11316,正常
two,渭南市2020.txt,渭南市,2020,9964,正常
two,渭南市2021.txt,渭南市,2021,13237,正常
two,渭南市2022.txt,渭南市,2022,15443,正常
two,渭南市2023.txt,渭南市,2023,14371,正常
two,渭南市2024.txt,渭南市,2024,13934,正常
two,渭南市2025.txt,渭南市,2025,15533,正常
two,湖州市2003.txt,湖州市,2003,1,空文件
two,湖州市2004.txt,湖州市,2004,1,空文件
two,湖州市2005.txt,湖州市,2005,1,空文件
two,湖州市2006.txt,湖州市,2006,1,空文件
two,湖州市2007.txt,湖州市,2007,1,空文件
two,湖州市2008.txt,湖州市,2008,1,空文件
two,湖州市2009.txt,湖州市,2009,1,空文件
two,湖州市2010.txt,湖州市,2010,1,空文件
two,湖州市2011.txt,湖州市,2011,20276,正常
two,湖州市2012.txt,湖州市,2012,25689,正常
two,湖州市2013.txt,湖州市,2013,1,空文件
two,湖州市2014.txt,湖州市,2014,12222,正常
two,湖州市2015.txt,湖州市,2015,16305,正常
two,湖州市2016.txt,湖州市,2016,17166,正常
two,湖州市2017.txt,湖州市,2017,16862,正常
two,湖州市2018.txt,湖州市,2018,15404,正常
two,湖州市2019.txt,湖州市,2019,15571,正常
two,湖州市2020.txt,湖州市,2020,17164,正常
two,湖州市2021.txt,湖州市,2021,18737,正常
two,湖州市2022.txt,湖州市,2022,18485,正常
two,湖州市2023.txt,湖州市,2023,17096,正常
two,湖州市2024.txt,湖州市,2024,14486,正常
two,湖州市2025.txt,湖州市,2025,10475,正常
two,湘潭市2003.txt,湘潭市,2003,1,空文件
two,湘潭市2004.txt,湘潭市,2004,1,空文件
two,湘潭市2005.txt,湘潭市,2005,1,空文件
two,湘潭市2006.txt,湘潭市,2006,1,空文件
two,湘潭市2007.txt,湘潭市,2007,1,空文件
two,湘潭市2008.txt,湘潭市,2008,1,空文件
two,湘潭市2009.txt,湘潭市,2009,17059,正常
two,湘潭市2010.txt,湘潭市,2010,18043,正常
two,湘潭市2011.txt,湘潭市,2011,19344,正常
two,湘潭市2012.txt,湘潭市,2012,16179,正常
two,湘潭市2013.txt,湘潭市,2013,17903,正常
two,湘潭市2014.txt,湘潭市,2014,14927,正常
two,湘潭市2015.txt,湘潭市,2015,15584,正常
two,湘潭市2016.txt,湘潭市,2016,19682,正常
two,湘潭市2017.txt,湘潭市,2017,15991,正常
two,湘潭市2018.txt,湘潭市,2018,14639,正常
two,湘潭市2019.txt,湘潭市,2019,16548,正常
two,湘潭市2020.txt,湘潭市,2020,16324,正常
two,湘潭市2021.txt,湘潭市,2021,20034,正常
two,湘潭市2022.txt,湘潭市,2022,16571,正常
two,湘潭市2023.txt,湘潭市,2023,17512,正常
two,湘潭市2024.txt,湘潭市,2024,17831,正常
two,湘潭市2025.txt,湘潭市,2025,17625,正常
two,湛江市2003.txt,湛江市,2003,22026,正常
two,湛江市2004.txt,湛江市,2004,19758,正常
two,湛江市2005.txt,湛江市,2005,18713,正常
two,湛江市2006.txt,湛江市,2006,19028,正常
two,湛江市2007.txt,湛江市,2007,21521,正常
two,湛江市2008.txt,湛江市,2008,18006,正常
two,湛江市2009.txt,湛江市,2009,17723,正常
two,湛江市2010.txt,湛江市,2010,17954,正常
two,湛江市2011.txt,湛江市,2011,20594,正常
two,湛江市2012.txt,湛江市,2012,15175,正常
two,湛江市2013.txt,湛江市,2013,14472,正常
two,湛江市2014.txt,湛江市,2014,14154,正常
two,湛江市2015.txt,湛江市,2015,17042,正常
two,湛江市2016.txt,湛江市,2016,20127,正常
two,湛江市2017.txt,湛江市,2017,18792,正常
two,湛江市2018.txt,湛江市,2018,21689,正常
two,湛江市2019.txt,湛江市,2019,18954,正常
two,湛江市2020.txt,湛江市,2020,20759,正常
two,湛江市2021.txt,湛江市,2021,23681,正常
two,湛江市2022.txt,湛江市,2022,20282,正常
two,湛江市2023.txt,湛江市,2023,21009,正常
two,湛江市2024.txt,湛江市,2024,20459,正常
two,湛江市2025.txt,湛江市,2025,19403,正常
two,滁州市2003.txt,滁州市,2003,1,空文件
two,滁州市2004.txt,滁州市,2004,1,空文件
two,滁州市2005.txt,滁州市,2005,1,空文件
two,滁州市2006.txt,滁州市,2006,1,空文件
two,滁州市2007.txt,滁州市,2007,1,空文件
two,滁州市2008.txt,滁州市,2008,21518,正常
two,滁州市2009.txt,滁州市,2009,15405,正常
two,滁州市2010.txt,滁州市,2010,22252,正常
two,滁州市2011.txt,滁州市,2011,23858,正常
two,滁州市2012.txt,滁州市,2012,23841,正常
two,滁州市2013.txt,滁州市,2013,15386,正常
two,滁州市2014.txt,滁州市,2014,15600,正常
two,滁州市2015.txt,滁州市,2015,18810,正常
two,滁州市2016.txt,滁州市,2016,14348,正常
two,滁州市2017.txt,滁州市,2017,17288,正常
two,滁州市2018.txt,滁州市,2018,21096,正常
two,滁州市2019.txt,滁州市,2019,15968,正常
two,滁州市2020.txt,滁州市,2020,14810,正常
two,滁州市2021.txt,滁州市,2021,16858,正常
two,滁州市2022.txt,滁州市,2022,15488,正常
two,滁州市2023.txt,滁州市,2023,15462,正常
two,滁州市2024.txt,滁州市,2024,19839,正常
two,滁州市2025.txt,滁州市,2025,15103,正常
two,滨州市2003.txt,滨州市,2003,11598,正常
two,滨州市2004.txt,滨州市,2004,12782,正常
two,滨州市2005.txt,滨州市,2005,14108,正常
two,滨州市2006.txt,滨州市,2006,15632,正常
two,滨州市2007.txt,滨州市,2007,9407,正常
two,滨州市2008.txt,滨州市,2008,11665,正常
two,滨州市2009.txt,滨州市,2009,12164,正常
two,滨州市2010.txt,滨州市,2010,12028,正常
two,滨州市2011.txt,滨州市,2011,12853,正常
two,滨州市2012.txt,滨州市,2012,11312,正常
two,滨州市2013.txt,滨州市,2013,9945,正常
two,滨州市2014.txt,滨州市,2014,10886,正常
two,滨州市2015.txt,滨州市,2015,11912,正常
two,滨州市2016.txt,滨州市,2016,12991,正常
two,滨州市2017.txt,滨州市,2017,13473,正常
two,滨州市2018.txt,滨州市,2018,10604,正常
two,滨州市2019.txt,滨州市,2019,15540,正常
two,滨州市2020.txt,滨州市,2020,13839,正常
two,滨州市2021.txt,滨州市,2021,12696,正常
two,滨州市2022.txt,滨州市,2022,12951,正常
two,滨州市2023.txt,滨州市,2023,13536,正常
two,滨州市2024.txt,滨州市,2024,13859,正常
two,滨州市2025.txt,滨州市,2025,11945,正常
two,漯河市2003.txt,漯河市,2003,14798,正常
two,漯河市2004.txt,漯河市,2004,13554,正常
two,漯河市2005.txt,漯河市,2005,14741,正常
two,漯河市2006.txt,漯河市,2006,15638,正常
two,漯河市2007.txt,漯河市,2007,6979,正常
two,漯河市2008.txt,漯河市,2008,8154,正常
two,漯河市2009.txt,漯河市,2009,8070,正常
two,漯河市2010.txt,漯河市,2010,9961,正常
two,漯河市2011.txt,漯河市,2011,10180,正常
two,漯河市2012.txt,漯河市,2012,8485,正常
two,漯河市2013.txt,漯河市,2013,7401,正常
two,漯河市2014.txt,漯河市,2014,11885,正常
two,漯河市2015.txt,漯河市,2015,12995,正常
two,漯河市2016.txt,漯河市,2016,16929,正常
two,漯河市2017.txt,漯河市,2017,15205,正常
two,漯河市2018.txt,漯河市,2018,17377,正常
two,漯河市2019.txt,漯河市,2019,22524,正常
two,漯河市2020.txt,漯河市,2020,22279,正常
two,漯河市2021.txt,漯河市,2021,21613,正常
two,漯河市2022.txt,漯河市,2022,17070,正常
two,漯河市2023.txt,漯河市,2023,18063,正常
two,漯河市2024.txt,漯河市,2024,16161,正常
two,漯河市2025.txt,漯河市,2025,17736,正常
two,漳州市2003.txt,漳州市,2003,1,空文件
two,漳州市2004.txt,漳州市,2004,1,空文件
two,漳州市2005.txt,漳州市,2005,14317,正常
two,漳州市2006.txt,漳州市,2006,16139,正常
two,漳州市2007.txt,漳州市,2007,16205,正常
two,漳州市2008.txt,漳州市,2008,15846,正常
two,漳州市2009.txt,漳州市,2009,17233,正常
two,漳州市2010.txt,漳州市,2010,17794,正常
two,漳州市2011.txt,漳州市,2011,20722,正常
two,漳州市2012.txt,漳州市,2012,16654,正常
two,漳州市2013.txt,漳州市,2013,14388,正常
two,漳州市2014.txt,漳州市,2014,13266,正常
two,漳州市2015.txt,漳州市,2015,13141,正常
two,漳州市2016.txt,漳州市,2016,15984,正常
two,漳州市2017.txt,漳州市,2017,14056,正常
two,漳州市2018.txt,漳州市,2018,12060,正常
two,漳州市2019.txt,漳州市,2019,12373,正常
two,漳州市2020.txt,漳州市,2020,13785,正常
two,漳州市2021.txt,漳州市,2021,12440,正常
two,漳州市2022.txt,漳州市,2022,16528,正常
two,漳州市2023.txt,漳州市,2023,16504,正常
two,漳州市2024.txt,漳州市,2024,14772,正常
two,漳州市2025.txt,漳州市,2025,15694,正常
two,潍坊市2003.txt,潍坊市,2003,10400,正常
two,潍坊市2004.txt,潍坊市,2004,12564,正常
two,潍坊市2005.txt,潍坊市,2005,11977,正常
two,潍坊市2006.txt,潍坊市,2006,15338,正常
two,潍坊市2007.txt,潍坊市,2007,17035,正常
two,潍坊市2008.txt,潍坊市,2008,17624,正常
two,潍坊市2009.txt,潍坊市,2009,17192,正常
two,潍坊市2010.txt,潍坊市,2010,16647,正常
two,潍坊市2011.txt,潍坊市,2011,18303,正常
two,潍坊市2012.txt,潍坊市,2012,19432,正常
two,潍坊市2013.txt,潍坊市,2013,20997,正常
two,潍坊市2014.txt,潍坊市,2014,14294,正常
two,潍坊市2015.txt,潍坊市,2015,15100,正常
two,潍坊市2016.txt,潍坊市,2016,15699,正常
two,潍坊市2017.txt,潍坊市,2017,11580,正常
two,潍坊市2018.txt,潍坊市,2018,10052,正常
two,潍坊市2019.txt,潍坊市,2019,22785,正常
two,潍坊市2020.txt,潍坊市,2020,11664,正常
two,潍坊市2021.txt,潍坊市,2021,17575,正常
two,潍坊市2022.txt,潍坊市,2022,31807,正常
two,潍坊市2023.txt,潍坊市,2023,12788,正常
two,潍坊市2024.txt,潍坊市,2024,15554,正常
two,潍坊市2025.txt,潍坊市,2025,17140,正常
two,潮州市2003.txt,潮州市,2003,14621,正常
two,潮州市2004.txt,潮州市,2004,15828,正常
two,潮州市2005.txt,潮州市,2005,18433,正常
two,潮州市2006.txt,潮州市,2006,16619,正常
two,潮州市2007.txt,潮州市,2007,16786,正常
two,潮州市2008.txt,潮州市,2008,13747,正常
two,潮州市2009.txt,潮州市,2009,13470,正常
two,潮州市2010.txt,潮州市,2010,15509,正常
two,潮州市2011.txt,潮州市,2011,17885,正常
two,潮州市2012.txt,潮州市,2012,15707,正常
two,潮州市2013.txt,潮州市,2013,11970,正常
two,潮州市2014.txt,潮州市,2014,14181,正常
two,潮州市2015.txt,潮州市,2015,11615,正常
two,潮州市2016.txt,潮州市,2016,14230,正常
two,潮州市2017.txt,潮州市,2017,14367,正常
two,潮州市2018.txt,潮州市,2018,14652,正常
two,潮州市2019.txt,潮州市,2019,14983,正常
two,潮州市2020.txt,潮州市,2020,16443,正常
two,潮州市2021.txt,潮州市,2021,19265,正常
two,潮州市2022.txt,潮州市,2022,19636,正常
two,潮州市2023.txt,潮州市,2023,22821,正常
two,潮州市2024.txt,潮州市,2024,22167,正常
two,潮州市2025.txt,潮州市,2025,22369,正常
two,濮阳市2003.txt,濮阳市,2003,12030,正常
two,濮阳市2004.txt,濮阳市,2004,14124,正常
two,濮阳市2005.txt,濮阳市,2005,16783,正常
two,濮阳市2006.txt,濮阳市,2006,17341,正常
two,濮阳市2007.txt,濮阳市,2007,16930,正常
two,濮阳市2008.txt,濮阳市,2008,18829,正常
two,濮阳市2009.txt,濮阳市,2009,19236,正常
two,濮阳市2010.txt,濮阳市,2010,17187,正常
two,濮阳市2011.txt,濮阳市,2011,17346,正常
two,濮阳市2012.txt,濮阳市,2012,15933,正常
two,濮阳市2013.txt,濮阳市,2013,15510,正常
two,濮阳市2014.txt,濮阳市,2014,19011,正常
two,濮阳市2015.txt,濮阳市,2015,16986,正常
two,濮阳市2016.txt,濮阳市,2016,19558,正常
two,濮阳市2017.txt,濮阳市,2017,19686,正常
two,濮阳市2018.txt,濮阳市,2018,17210,正常
two,濮阳市2019.txt,濮阳市,2019,21646,正常
two,濮阳市2020.txt,濮阳市,2020,14972,正常
two,濮阳市2021.txt,濮阳市,2021,21846,正常
two,濮阳市2022.txt,濮阳市,2022,19027,正常
two,濮阳市2023.txt,濮阳市,2023,19360,正常
two,濮阳市2024.txt,濮阳市,2024,18945,正常
two,濮阳市2025.txt,濮阳市,2025,20716,正常
two,烟台市2003.txt,烟台市,2003,7787,正常
two,烟台市2004.txt,烟台市,2004,13805,正常
two,烟台市2005.txt,烟台市,2005,13699,正常
two,烟台市2006.txt,烟台市,2006,15830,正常
two,烟台市2007.txt,烟台市,2007,14427,正常
two,烟台市2008.txt,烟台市,2008,13499,正常
two,烟台市2009.txt,烟台市,2009,15617,正常
two,烟台市2010.txt,烟台市,2010,16917,正常
two,烟台市2011.txt,烟台市,2011,19405,正常
two,烟台市2012.txt,烟台市,2012,16426,正常
two,烟台市2013.txt,烟台市,2013,13042,正常
two,烟台市2014.txt,烟台市,2014,9001,正常
two,烟台市2015.txt,烟台市,2015,15550,正常
two,烟台市2016.txt,烟台市,2016,14445,正常
two,烟台市2017.txt,烟台市,2017,14591,正常
two,烟台市2018.txt,烟台市,2018,15203,正常
two,烟台市2019.txt,烟台市,2019,15486,正常
two,烟台市2020.txt,烟台市,2020,16361,正常
two,烟台市2021.txt,烟台市,2021,15886,正常
two,烟台市2022.txt,烟台市,2022,16898,正常
two,烟台市2023.txt,烟台市,2023,16978,正常
two,烟台市2024.txt,烟台市,2024,17994,正常
two,烟台市2025.txt,烟台市,2025,18110,正常
two,焦作市2003.txt,焦作市,2003,12344,正常
two,焦作市2004.txt,焦作市,2004,13972,正常
two,焦作市2005.txt,焦作市,2005,13821,正常
two,焦作市2006.txt,焦作市,2006,14933,正常
two,焦作市2007.txt,焦作市,2007,14499,正常
two,焦作市2008.txt,焦作市,2008,14834,正常
two,焦作市2009.txt,焦作市,2009,15887,正常
two,焦作市2010.txt,焦作市,2010,14210,正常
two,焦作市2011.txt,焦作市,2011,15153,正常
two,焦作市2012.txt,焦作市,2012,17785,正常
two,焦作市2013.txt,焦作市,2013,14382,正常
two,焦作市2014.txt,焦作市,2014,15271,正常
two,焦作市2015.txt,焦作市,2015,14598,正常
two,焦作市2016.txt,焦作市,2016,17674,正常
two,焦作市2017.txt,焦作市,2017,18201,正常
two,焦作市2018.txt,焦作市,2018,18293,正常
two,焦作市2019.txt,焦作市,2019,22189,正常
two,焦作市2020.txt,焦作市,2020,20322,正常
two,焦作市2021.txt,焦作市,2021,24926,正常
two,焦作市2022.txt,焦作市,2022,18270,正常
two,焦作市2023.txt,焦作市,2023,17767,正常
two,焦作市2024.txt,焦作市,2024,14731,正常
two,焦作市2025.txt,焦作市,2025,13263,正常
two,牡丹江市2003.txt,牡丹江市,2003,14765,正常
two,牡丹江市2004.txt,牡丹江市,2004,14371,正常
two,牡丹江市2005.txt,牡丹江市,2005,17185,正常
two,牡丹江市2006.txt,牡丹江市,2006,15207,正常
two,牡丹江市2007.txt,牡丹江市,2007,15394,正常
two,牡丹江市2008.txt,牡丹江市,2008,15241,正常
two,牡丹江市2009.txt,牡丹江市,2009,14170,正常
two,牡丹江市2010.txt,牡丹江市,2010,7122,正常
two,牡丹江市2011.txt,牡丹江市,2011,18115,正常
two,牡丹江市2012.txt,牡丹江市,2012,17806,正常
two,牡丹江市2013.txt,牡丹江市,2013,16194,正常
two,牡丹江市2014.txt,牡丹江市,2014,14518,正常
two,牡丹江市2015.txt,牡丹江市,2015,12582,正常
two,牡丹江市2016.txt,牡丹江市,2016,17037,正常
two,牡丹江市2017.txt,牡丹江市,2017,6061,正常
two,牡丹江市2018.txt,牡丹江市,2018,14678,正常
two,牡丹江市2019.txt,牡丹江市,2019,6751,正常
two,牡丹江市2020.txt,牡丹江市,2020,13560,正常
two,牡丹江市2021.txt,牡丹江市,2021,15913,正常
two,牡丹江市2022.txt,牡丹江市,2022,14192,正常
two,牡丹江市2023.txt,牡丹江市,2023,14542,正常
two,牡丹江市2024.txt,牡丹江市,2024,10412,正常
two,牡丹江市2025.txt,牡丹江市,2025,11629,正常
two,玉林市2003.txt,玉林市,2003,16599,正常
two,玉林市2004.txt,玉林市,2004,14063,正常
two,玉林市2005.txt,玉林市,2005,16070,正常
two,玉林市2006.txt,玉林市,2006,12293,正常
two,玉林市2007.txt,玉林市,2007,16465,正常
two,玉林市2008.txt,玉林市,2008,16764,正常
two,玉林市2009.txt,玉林市,2009,17247,正常
two,玉林市2010.txt,玉林市,2010,19005,正常
two,玉林市2011.txt,玉林市,2011,23955,正常
two,玉林市2012.txt,玉林市,2012,12775,正常
two,玉林市2013.txt,玉林市,2013,13979,正常
two,玉林市2014.txt,玉林市,2014,2,空文件
two,玉林市2015.txt,玉林市,2015,13223,正常
two,玉林市2016.txt,玉林市,2016,18630,正常
two,玉林市2017.txt,玉林市,2017,15100,正常
two,玉林市2018.txt,玉林市,2018,16533,正常
two,玉林市2019.txt,玉林市,2019,17348,正常
two,玉林市2020.txt,玉林市,2020,19821,正常
two,玉林市2021.txt,玉林市,2021,16036,正常
two,玉林市2022.txt,玉林市,2022,18248,正常
two,玉林市2023.txt,玉林市,2023,20417,正常
two,玉林市2024.txt,玉林市,2024,15262,正常
two,玉林市2025.txt,玉林市,2025,15661,正常
two,玉溪市2003.txt,玉溪市,2003,19213,正常
two,玉溪市2004.txt,玉溪市,2004,14675,正常
two,玉溪市2005.txt,玉溪市,2005,11484,正常
two,玉溪市2006.txt,玉溪市,2006,14253,正常
two,玉溪市2007.txt,玉溪市,2007,12643,正常
two,玉溪市2008.txt,玉溪市,2008,19641,正常
two,玉溪市2009.txt,玉溪市,2009,18720,正常
two,玉溪市2010.txt,玉溪市,2010,19036,正常
two,玉溪市2011.txt,玉溪市,2011,20433,正常
two,玉溪市2012.txt,玉溪市,2012,20004,正常
two,玉溪市2013.txt,玉溪市,2013,15683,正常
two,玉溪市2014.txt,玉溪市,2014,16777,正常
two,玉溪市2015.txt,玉溪市,2015,18026,正常
two,玉溪市2016.txt,玉溪市,2016,17711,正常
two,玉溪市2017.txt,玉溪市,2017,17945,正常
two,玉溪市2018.txt,玉溪市,2018,24343,正常
two,玉溪市2019.txt,玉溪市,2019,22421,正常
two,玉溪市2020.txt,玉溪市,2020,18559,正常
two,玉溪市2021.txt,玉溪市,2021,23550,正常
two,玉溪市2022.txt,玉溪市,2022,19160,正常
two,玉溪市2023.txt,玉溪市,2023,15500,正常
two,玉溪市2024.txt,玉溪市,2024,14011,正常
two,玉溪市2025.txt,玉溪市,2025,7688,正常
two,珠海市2003.txt,珠海市,2003,14752,正常
two,珠海市2004.txt,珠海市,2004,14544,正常
two,珠海市2005.txt,珠海市,2005,13731,正常
two,珠海市2006.txt,珠海市,2006,15373,正常
two,珠海市2007.txt,珠海市,2007,16114,正常
two,珠海市2008.txt,珠海市,2008,17519,正常
two,珠海市2009.txt,珠海市,2009,18989,正常
two,珠海市2010.txt,珠海市,2010,18468,正常
two,珠海市2011.txt,珠海市,2011,20544,正常
two,珠海市2012.txt,珠海市,2012,21017,正常
two,珠海市2013.txt,珠海市,2013,13896,正常
two,珠海市2014.txt,珠海市,2014,14772,正常
two,珠海市2015.txt,珠海市,2015,20732,正常
two,珠海市2016.txt,珠海市,2016,20034,正常
two,珠海市2017.txt,珠海市,2017,17075,正常
two,珠海市2018.txt,珠海市,2018,16844,正常
two,珠海市2019.txt,珠海市,2019,19543,正常
two,珠海市2020.txt,珠海市,2020,13833,正常
two,珠海市2021.txt,珠海市,2021,20579,正常
two,珠海市2022.txt,珠海市,2022,20423,正常
two,珠海市2023.txt,珠海市,2023,22489,正常
two,珠海市2024.txt,珠海市,2024,23893,正常
two,珠海市2025.txt,珠海市,2025,20699,正常
two,白城市2003.txt,白城市,2003,13383,正常
two,白城市2004.txt,白城市,2004,13866,正常
two,白城市2005.txt,白城市,2005,10263,正常
two,白城市2006.txt,白城市,2006,10676,正常
two,白城市2007.txt,白城市,2007,13107,正常
two,白城市2008.txt,白城市,2008,13116,正常
two,白城市2009.txt,白城市,2009,11042,正常
two,白城市2010.txt,白城市,2010,13880,正常
two,白城市2011.txt,白城市,2011,14053,正常
two,白城市2012.txt,白城市,2012,13016,正常
two,白城市2013.txt,白城市,2013,12753,正常
two,白城市2014.txt,白城市,2014,10290,正常
two,白城市2015.txt,白城市,2015,12683,正常
two,白城市2016.txt,白城市,2016,11577,正常
two,白城市2017.txt,白城市,2017,13037,正常
two,白城市2018.txt,白城市,2018,8665,正常
two,白城市2019.txt,白城市,2019,13088,正常
two,白城市2020.txt,白城市,2020,13347,正常
two,白城市2021.txt,白城市,2021,14823,正常
two,白城市2022.txt,白城市,2022,14768,正常
two,白城市2023.txt,白城市,2023,12360,正常
two,白城市2024.txt,白城市,2024,12609,正常
two,白城市2025.txt,白城市,2025,12047,正常
two,白山市2003.txt,白山市,2003,14627,正常
two,白山市2004.txt,白山市,2004,14323,正常
two,白山市2005.txt,白山市,2005,14767,正常
two,白山市2006.txt,白山市,2006,11959,正常
two,白山市2007.txt,白山市,2007,11555,正常
two,白山市2008.txt,白山市,2008,18751,正常
two,白山市2009.txt,白山市,2009,13752,正常
two,白山市2010.txt,白山市,2010,13176,正常
two,白山市2011.txt,白山市,2011,11322,正常
two,白山市2012.txt,白山市,2012,14719,正常
two,白山市2013.txt,白山市,2013,14809,正常
two,白山市2014.txt,白山市,2014,2,空文件
two,白山市2015.txt,白山市,2015,11742,正常
two,白山市2016.txt,白山市,2016,13201,正常
two,白山市2017.txt,白山市,2017,13677,正常
two,白山市2018.txt,白山市,2018,15069,正常
two,白山市2019.txt,白山市,2019,11962,正常
two,白山市2020.txt,白山市,2020,13254,正常
two,白山市2021.txt,白山市,2021,12379,正常
two,白山市2022.txt,白山市,2022,17203,正常
two,白山市2023.txt,白山市,2023,15602,正常
two,白山市2024.txt,白山市,2024,14744,正常
two,白山市2025.txt,白山市,2025,14466,正常
two,白银市2003.txt,白银市,2003,1,空文件
two,白银市2004.txt,白银市,2004,1,空文件
two,白银市2005.txt,白银市,2005,1,空文件
two,白银市2006.txt,白银市,2006,1,空文件
two,白银市2007.txt,白银市,2007,18274,正常
two,白银市2008.txt,白银市,2008,16692,正常
two,白银市2009.txt,白银市,2009,17986,正常
two,白银市2010.txt,白银市,2010,16648,正常
two,白银市2011.txt,白银市,2011,1,空文件
two,白银市2012.txt,白银市,2012,1,空文件
two,白银市2013.txt,白银市,2013,16822,正常
two,白银市2014.txt,白银市,2014,16860,正常
two,白银市2015.txt,白银市,2015,21191,正常
two,白银市2016.txt,白银市,2016,16845,正常
two,白银市2017.txt,白银市,2017,19135,正常
two,白银市2018.txt,白银市,2018,17906,正常
two,白银市2019.txt,白银市,2019,17347,正常
two,白银市2020.txt,白银市,2020,18186,正常
two,白银市2021.txt,白银市,2021,20258,正常
two,白银市2022.txt,白银市,2022,19013,正常
two,白银市2023.txt,白银市,2023,19243,正常
two,白银市2024.txt,白银市,2024,17981,正常
two,白银市2025.txt,白银市,2025,14479,正常
two,百色市2003.txt,百色市,2003,1,空文件
two,百色市2004.txt,百色市,2004,1,空文件
two,百色市2005.txt,百色市,2005,39993,正常
two,百色市2006.txt,百色市,2006,1,空文件
two,百色市2007.txt,百色市,2007,1,空文件
two,百色市2008.txt,百色市,2008,1,空文件
two,百色市2009.txt,百色市,2009,1,空文件
two,百色市2010.txt,百色市,2010,1,空文件
two,百色市2011.txt,百色市,2011,11108,正常
two,百色市2012.txt,百色市,2012,3954,正常
two,百色市2013.txt,百色市,2013,1,空文件
two,百色市2014.txt,百色市,2014,3435,正常
two,百色市2015.txt,百色市,2015,3611,正常
two,百色市2016.txt,百色市,2016,14474,正常
two,百色市2017.txt,百色市,2017,15725,正常
two,百色市2018.txt,百色市,2018,16569,正常
two,百色市2019.txt,百色市,2019,18047,正常
two,百色市2020.txt,百色市,2020,14507,正常
two,百色市2021.txt,百色市,2021,19741,正常
two,百色市2022.txt,百色市,2022,15799,正常
two,百色市2023.txt,百色市,2023,12749,正常
two,百色市2024.txt,百色市,2024,13163,正常
two,百色市2025.txt,百色市,2025,14434,正常
two,益阳市2003.txt,益阳市,2003,16130,正常
two,益阳市2004.txt,益阳市,2004,16077,正常
two,益阳市2005.txt,益阳市,2005,15986,正常
two,益阳市2006.txt,益阳市,2006,16064,正常
two,益阳市2007.txt,益阳市,2007,14986,正常
two,益阳市2008.txt,益阳市,2008,14830,正常
two,益阳市2009.txt,益阳市,2009,15032,正常
two,益阳市2010.txt,益阳市,2010,15547,正常
two,益阳市2011.txt,益阳市,2011,16895,正常
two,益阳市2012.txt,益阳市,2012,13853,正常
two,益阳市2013.txt,益阳市,2013,16411,正常
two,益阳市2014.txt,益阳市,2014,12526,正常
two,益阳市2015.txt,益阳市,2015,12622,正常
two,益阳市2016.txt,益阳市,2016,16670,正常
two,益阳市2017.txt,益阳市,2017,13947,正常
two,益阳市2018.txt,益阳市,2018,13954,正常
two,益阳市2019.txt,益阳市,2019,13437,正常
two,益阳市2020.txt,益阳市,2020,19157,正常
two,益阳市2021.txt,益阳市,2021,21433,正常
two,益阳市2022.txt,益阳市,2022,18044,正常
two,益阳市2023.txt,益阳市,2023,17695,正常
two,益阳市2024.txt,益阳市,2024,14282,正常
two,益阳市2025.txt,益阳市,2025,12589,正常
two,盐城市2003.txt,盐城市,2003,1,空文件
two,盐城市2004.txt,盐城市,2004,1,空文件
two,盐城市2005.txt,盐城市,2005,19475,正常
two,盐城市2006.txt,盐城市,2006,19475,正常
two,盐城市2007.txt,盐城市,2007,13858,正常
two,盐城市2008.txt,盐城市,2008,20471,正常
two,盐城市2009.txt,盐城市,2009,20512,正常
two,盐城市2010.txt,盐城市,2010,14768,正常
two,盐城市2011.txt,盐城市,2011,19263,正常
two,盐城市2012.txt,盐城市,2012,14934,正常
two,盐城市2013.txt,盐城市,2013,14647,正常
two,盐城市2014.txt,盐城市,2014,15506,正常
two,盐城市2015.txt,盐城市,2015,13785,正常
two,盐城市2016.txt,盐城市,2016,14901,正常
two,盐城市2017.txt,盐城市,2017,14248,正常
two,盐城市2018.txt,盐城市,2018,13716,正常
two,盐城市2019.txt,盐城市,2019,13887,正常
two,盐城市2020.txt,盐城市,2020,13399,正常
two,盐城市2021.txt,盐城市,2021,13704,正常
two,盐城市2022.txt,盐城市,2022,14037,正常
two,盐城市2023.txt,盐城市,2023,15355,正常
two,盐城市2024.txt,盐城市,2024,15217,正常
two,盐城市2025 (2).txt,盐城市,2025,15966,正常
two,盐城市2025.txt,盐城市,2025,16011,正常
two,盘锦市2003.txt,盘锦市,2003,15650,正常
two,盘锦市2004.txt,盘锦市,2004,17610,正常
two,盘锦市2005.txt,盘锦市,2005,14174,正常
two,盘锦市2006.txt,盘锦市,2006,15189,正常
two,盘锦市2007.txt,盘锦市,2007,14716,正常
two,盘锦市2008.txt,盘锦市,2008,15562,正常
two,盘锦市2009.txt,盘锦市,2009,14533,正常
two,盘锦市2010.txt,盘锦市,2010,13346,正常
two,盘锦市2011.txt,盘锦市,2011,11624,正常
two,盘锦市2012.txt,盘锦市,2012,11528,正常
two,盘锦市2013.txt,盘锦市,2013,9935,正常
two,盘锦市2014.txt,盘锦市,2014,11264,正常
two,盘锦市2015.txt,盘锦市,2015,15988,正常
two,盘锦市2016.txt,盘锦市,2016,15821,正常
two,盘锦市2017.txt,盘锦市,2017,14315,正常
two,盘锦市2018.txt,盘锦市,2018,16122,正常
two,盘锦市2019.txt,盘锦市,2019,29125,正常
two,盘锦市2020.txt,盘锦市,2020,16998,正常
two,盘锦市2021.txt,盘锦市,2021,16998,正常
two,盘锦市2022.txt,盘锦市,2022,13332,正常
two,盘锦市2023.txt,盘锦市,2023,14750,正常
two,盘锦市2024.txt,盘锦市,2024,15874,正常
two,盘锦市2025.txt,盘锦市,2025,16637,正常
two,眉山市2003.txt,眉山市,2003,17603,正常
two,眉山市2004.txt,眉山市,2004,19436,正常
two,眉山市2005.txt,眉山市,2005,19556,正常
two,眉山市2006.txt,眉山市,2006,18891,正常
two,眉山市2007.txt,眉山市,2007,16398,正常
two,眉山市2008.txt,眉山市,2008,16202,正常
two,眉山市2009.txt,眉山市,2009,12795,正常
two,眉山市2010.txt,眉山市,2010,10713,正常
two,眉山市2011.txt,眉山市,2011,13506,正常
two,眉山市2012.txt,眉山市,2012,11603,正常
two,眉山市2013.txt,眉山市,2013,10240,正常
two,眉山市2014.txt,眉山市,2014,11044,正常
two,眉山市2015.txt,眉山市,2015,11907,正常
two,眉山市2016.txt,眉山市,2016,5504,正常
two,眉山市2017.txt,眉山市,2017,8813,正常
two,眉山市2018.txt,眉山市,2018,12156,正常
two,眉山市2019.txt,眉山市,2019,15264,正常
two,眉山市2020.txt,眉山市,2020,11896,正常
two,眉山市2021.txt,眉山市,2021,15149,正常
two,眉山市2022.txt,眉山市,2022,15404,正常
two,眉山市2023.txt,眉山市,2023,14737,正常
two,眉山市2024.txt,眉山市,2024,13542,正常
two,眉山市2025.txt,眉山市,2025,13344,正常
two,石嘴山市2003.txt,石嘴山市,2003,1,空文件
two,石嘴山市2004.txt,石嘴山市,2004,1,空文件
two,石嘴山市2005.txt,石嘴山市,2005,12472,正常
two,石嘴山市2006.txt,石嘴山市,2006,17247,正常
two,石嘴山市2007.txt,石嘴山市,2007,12351,正常
two,石嘴山市2008.txt,石嘴山市,2008,9926,正常
two,石嘴山市2009.txt,石嘴山市,2009,13335,正常
two,石嘴山市2010.txt,石嘴山市,2010,16589,正常
two,石嘴山市2011.txt,石嘴山市,2011,14815,正常
two,石嘴山市2012.txt,石嘴山市,2012,18056,正常
two,石嘴山市2013.txt,石嘴山市,2013,18455,正常
two,石嘴山市2014.txt,石嘴山市,2014,14817,正常
two,石嘴山市2015.txt,石嘴山市,2015,15284,正常
two,石嘴山市2016.txt,石嘴山市,2016,17121,正常
two,石嘴山市2017.txt,石嘴山市,2017,17247,正常
two,石嘴山市2018.txt,石嘴山市,2018,14219,正常
two,石嘴山市2019.txt,石嘴山市,2019,20607,正常
two,石嘴山市2020.txt,石嘴山市,2020,13364,正常
two,石嘴山市2021.txt,石嘴山市,2021,17120,正常
two,石嘴山市2022.txt,石嘴山市,2022,19530,正常
two,石嘴山市2023.txt,石嘴山市,2023,15263,正常
two,石嘴山市2024.txt,石嘴山市,2024,14434,正常
two,石嘴山市2025.txt,石嘴山市,2025,13604,正常
two,石家庄市2003.txt,石家庄市,2003,1,空文件
two,石家庄市2004.txt,石家庄市,2004,1,空文件
two,石家庄市2005.txt,石家庄市,2005,1,空文件
two,石家庄市2006.txt,石家庄市,2006,1,空文件
two,石家庄市2007.txt,石家庄市,2007,1,空文件
two,石家庄市2008.txt,石家庄市,2008,19846,正常
two,石家庄市2009.txt,石家庄市,2009,18268,正常
two,石家庄市2010.txt,石家庄市,2010,1,空文件
two,石家庄市2011.txt,石家庄市,2011,16843,正常
two,石家庄市2012.txt,石家庄市,2012,15813,正常
two,石家庄市2013.txt,石家庄市,2013,16773,正常
two,石家庄市2014.txt,石家庄市,2014,20219,正常
two,石家庄市2015.txt,石家庄市,2015,19183,正常
two,石家庄市2016.txt,石家庄市,2016,19866,正常
two,石家庄市2017.txt,石家庄市,2017,19541,正常
two,石家庄市2018.txt,石家庄市,2018,18178,正常
two,石家庄市2019.txt,石家庄市,2019,18026,正常
two,石家庄市2020.txt,石家庄市,2020,17624,正常
two,石家庄市2021.txt,石家庄市,2021,20417,正常
two,石家庄市2022.txt,石家庄市,2022,19629,正常
two,石家庄市2023.txt,石家庄市,2023,17063,正常
two,石家庄市2024.txt,石家庄市,2024,14084,正常
two,石家庄市2025.txt,石家庄市,2025,13491,正常
two,福州市2003.txt,福州市,2003,1,空文件
two,福州市2004.txt,福州市,2004,1,空文件
two,福州市2005.txt,福州市,2005,1,空文件
two,福州市2006.txt,福州市,2006,7436,正常
two,福州市2007.txt,福州市,2007,18705,正常
two,福州市2008.txt,福州市,2008,6401,正常
two,福州市2009.txt,福州市,2009,1,空文件
two,福州市2010.txt,福州市,2010,19884,正常
two,福州市2011.txt,福州市,2011,20216,正常
two,福州市2012.txt,福州市,2012,13029,正常
two,福州市2013.txt,福州市,2013,12971,正常
two,福州市2014.txt,福州市,2014,13126,正常
two,福州市2015.txt,福州市,2015,14027,正常
two,福州市2016.txt,福州市,2016,16637,正常
two,福州市2017.txt,福州市,2017,15253,正常
two,福州市2018.txt,福州市,2018,14914,正常
two,福州市2019.txt,福州市,2019,13972,正常
two,福州市2020.txt,福州市,2020,14150,正常
two,福州市2021.txt,福州市,2021,15503,正常
two,福州市2022.txt,福州市,2022,17112,正常
two,福州市2023.txt,福州市,2023,14841,正常
two,福州市2024.txt,福州市,2024,15025,正常
two,福州市2025.txt,福州市,2025,14507,正常
two,秦皇岛市2003.txt,秦皇岛市,2003,1,空文件
two,秦皇岛市2004.txt,秦皇岛市,2004,1,空文件
two,秦皇岛市2005.txt,秦皇岛市,2005,1,空文件
two,秦皇岛市2006.txt,秦皇岛市,2006,1,空文件
two,秦皇岛市2007.txt,秦皇岛市,2007,1,空文件
two,秦皇岛市2008.txt,秦皇岛市,2008,1,空文件
two,秦皇岛市2009.txt,秦皇岛市,2009,1,空文件
two,秦皇岛市2010.txt,秦皇岛市,2010,1,空文件
two,秦皇岛市2011.txt,秦皇岛市,2011,15706,正常
two,秦皇岛市2012.txt,秦皇岛市,2012,17224,正常
two,秦皇岛市2013.txt,秦皇岛市,2013,14442,正常
two,秦皇岛市2014.txt,秦皇岛市,2014,16126,正常
two,秦皇岛市2015.txt,秦皇岛市,2015,16397,正常
two,秦皇岛市2016.txt,秦皇岛市,2016,23062,正常
two,秦皇岛市2017.txt,秦皇岛市,2017,19637,正常
two,秦皇岛市2018.txt,秦皇岛市,2018,19639,正常
two,秦皇岛市2019.txt,秦皇岛市,2019,17293,正常
two,秦皇岛市2020.txt,秦皇岛市,2020,18716,正常
two,秦皇岛市2021.txt,秦皇岛市,2021,15718,正常
two,秦皇岛市2022.txt,秦皇岛市,2022,15403,正常
two,秦皇岛市2023.txt,秦皇岛市,2023,15870,正常
two,秦皇岛市2024.txt,秦皇岛市,2024,14570,正常
two,秦皇岛市2025.txt,秦皇岛市,2025,11835,正常
two,绍兴市2003.txt,绍兴市,2003,17613,正常
two,绍兴市2004.txt,绍兴市,2004,13913,正常
two,绍兴市2005.txt,绍兴市,2005,14760,正常
two,绍兴市2006.txt,绍兴市,2006,12946,正常
two,绍兴市2007.txt,绍兴市,2007,12363,正常
two,绍兴市2008.txt,绍兴市,2008,15000,正常
two,绍兴市2009.txt,绍兴市,2009,14174,正常
two,绍兴市2010.txt,绍兴市,2010,16063,正常
two,绍兴市2011.txt,绍兴市,2011,15984,正常
two,绍兴市2012.txt,绍兴市,2012,15028,正常
two,绍兴市2013.txt,绍兴市,2013,11595,正常
two,绍兴市2014.txt,绍兴市,2014,10806,正常
two,绍兴市2015.txt,绍兴市,2015,11566,正常
two,绍兴市2016.txt,绍兴市,2016,14911,正常
two,绍兴市2017.txt,绍兴市,2017,15035,正常
two,绍兴市2018.txt,绍兴市,2018,13053,正常
two,绍兴市2019.txt,绍兴市,2019,13229,正常
two,绍兴市2020.txt,绍兴市,2020,12375,正常
two,绍兴市2021.txt,绍兴市,2021,14685,正常
two,绍兴市2022.txt,绍兴市,2022,15560,正常
two,绍兴市2023.txt,绍兴市,2023,14463,正常
two,绍兴市2024.txt,绍兴市,2024,15063,正常
two,绍兴市2025.txt,绍兴市,2025,13749,正常
two,绥化市2003.txt,绥化市,2003,13678,正常
two,绥化市2004.txt,绥化市,2004,1,空文件
two,绥化市2005.txt,绥化市,2005,1,空文件
two,绥化市2006.txt,绥化市,2006,1,空文件
two,绥化市2007.txt,绥化市,2007,1,空文件
two,绥化市2008.txt,绥化市,2008,11518,正常
two,绥化市2009.txt,绥化市,2009,15534,正常
two,绥化市2010.txt,绥化市,2010,17972,正常
two,绥化市2011.txt,绥化市,2011,16552,正常
two,绥化市2012.txt,绥化市,2012,17646,正常
two,绥化市2013.txt,绥化市,2013,16026,正常
two,绥化市2014.txt,绥化市,2014,13025,正常
two,绥化市2015.txt,绥化市,2015,12010,正常
two,绥化市2016.txt,绥化市,2016,15864,正常
two,绥化市2017.txt,绥化市,2017,16174,正常
two,绥化市2018.txt,绥化市,2018,12619,正常
two,绥化市2019.txt,绥化市,2019,14599,正常
two,绥化市2020.txt,绥化市,2020,14922,正常
two,绥化市2021.txt,绥化市,2021,13305,正常
two,绥化市2022.txt,绥化市,2022,14526,正常
two,绥化市2023.txt,绥化市,2023,13652,正常
two,绥化市2024.txt,绥化市,2024,12433,正常
two,绥化市2025.txt,绥化市,2025,13322,正常
two,绵阳市2003.txt,绵阳市,2003,1,空文件
two,绵阳市2004.txt,绵阳市,2004,1,空文件
two,绵阳市2005.txt,绵阳市,2005,1,空文件
two,绵阳市2006.txt,绵阳市,2006,1,空文件
two,绵阳市2007.txt,绵阳市,2007,1,空文件
two,绵阳市2008.txt,绵阳市,2008,1,空文件
two,绵阳市2009.txt,绵阳市,2009,1,空文件
two,绵阳市2010.txt,绵阳市,2010,15095,正常
two,绵阳市2011.txt,绵阳市,2011,1,空文件
two,绵阳市2012.txt,绵阳市,2012,13964,正常
two,绵阳市2013.txt,绵阳市,2013,1,空文件
two,绵阳市2014.txt,绵阳市,2014,13521,正常
two,绵阳市2015.txt,绵阳市,2015,2,空文件
two,绵阳市2016.txt,绵阳市,2016,16834,正常
two,绵阳市2017.txt,绵阳市,2017,13522,正常
two,绵阳市2018.txt,绵阳市,2018,16388,正常
two,绵阳市2019.txt,绵阳市,2019,19018,正常
two,绵阳市2020.txt,绵阳市,2020,19442,正常
two,绵阳市2021.txt,绵阳市,2021,20140,正常
two,绵阳市2022.txt,绵阳市,2022,20494,正常
two,绵阳市2023.txt,绵阳市,2023,21018,正常
two,绵阳市2024.txt,绵阳市,2024,19948,正常
two,绵阳市2025.txt,绵阳市,2025,21436,正常
two,聊城市2003.txt,聊城市,2003,19477,正常
two,聊城市2004.txt,聊城市,2004,16074,正常
two,聊城市2005.txt,聊城市,2005,18498,正常
two,聊城市2006.txt,聊城市,2006,21114,正常
two,聊城市2007.txt,聊城市,2007,18240,正常
two,聊城市2008.txt,聊城市,2008,17327,正常
two,聊城市2009.txt,聊城市,2009,19478,正常
two,聊城市2010.txt,聊城市,2010,16912,正常
two,聊城市2011.txt,聊城市,2011,18648,正常
two,聊城市2012.txt,聊城市,2012,17488,正常
two,聊城市2013.txt,聊城市,2013,16523,正常
two,聊城市2014.txt,聊城市,2014,14855,正常
two,聊城市2015.txt,聊城市,2015,14130,正常
two,聊城市2016.txt,聊城市,2016,15025,正常
two,聊城市2017.txt,聊城市,2017,16196,正常
two,聊城市2018.txt,聊城市,2018,16494,正常
two,聊城市2019.txt,聊城市,2019,17159,正常
two,聊城市2020.txt,聊城市,2020,14639,正常
two,聊城市2021.txt,聊城市,2021,16655,正常
two,聊城市2022.txt,聊城市,2022,18427,正常
two,聊城市2023.txt,聊城市,2023,22526,正常
two,聊城市2024.txt,聊城市,2024,15036,正常
two,聊城市2025.txt,聊城市,2025,16973,正常
two,肇庆市2003.txt,肇庆市,2003,15696,正常
two,肇庆市2004.txt,肇庆市,2004,16723,正常
two,肇庆市2005.txt,肇庆市,2005,17596,正常
two,肇庆市2006.txt,肇庆市,2006,18138,正常
two,肇庆市2007.txt,肇庆市,2007,17796,正常
two,肇庆市2008.txt,肇庆市,2008,15970,正常
two,肇庆市2009.txt,肇庆市,2009,17641,正常
two,肇庆市2010.txt,肇庆市,2010,19462,正常
two,肇庆市2011.txt,肇庆市,2011,16742,正常
two,肇庆市2012.txt,肇庆市,2012,13498,正常
two,肇庆市2013.txt,肇庆市,2013,10263,正常
two,肇庆市2014.txt,肇庆市,2014,11854,正常
two,肇庆市2015.txt,肇庆市,2015,11310,正常
two,肇庆市2016.txt,肇庆市,2016,16898,正常
two,肇庆市2017.txt,肇庆市,2017,18615,正常
two,肇庆市2018.txt,肇庆市,2018,14953,正常
two,肇庆市2019.txt,肇庆市,2019,15096,正常
two,肇庆市2020.txt,肇庆市,2020,23947,正常
two,肇庆市2021.txt,肇庆市,2021,20984,正常
two,肇庆市2022.txt,肇庆市,2022,14442,正常
two,肇庆市2023.txt,肇庆市,2023,16916,正常
two,肇庆市2024.txt,肇庆市,2024,20858,正常
two,肇庆市2025.txt,肇庆市,2025,20166,正常
two,自贡市2003.txt,自贡市,2003,9,空文件
two,自贡市2004.txt,自贡市,2004,1,空文件
two,自贡市2005.txt,自贡市,2005,8,空文件
two,自贡市2006.txt,自贡市,2006,10,空文件
two,自贡市2007.txt,自贡市,2007,13083,正常
two,自贡市2008.txt,自贡市,2008,15570,正常
two,自贡市2009.txt,自贡市,2009,11612,正常
two,自贡市2010.txt,自贡市,2010,13542,正常
two,自贡市2011.txt,自贡市,2011,16194,正常
two,自贡市2012.txt,自贡市,2012,16848,正常
two,自贡市2013.txt,自贡市,2013,15277,正常
two,自贡市2014.txt,自贡市,2014,14373,正常
two,自贡市2015.txt,自贡市,2015,2,空文件
two,自贡市2016.txt,自贡市,2016,2,空文件
two,自贡市2017.txt,自贡市,2017,2,空文件
two,自贡市2018.txt,自贡市,2018,2,空文件
two,自贡市2019.txt,自贡市,2019,17980,正常
two,自贡市2020.txt,自贡市,2020,18424,正常
two,自贡市2021.txt,自贡市,2021,23076,正常
two,自贡市2022.txt,自贡市,2022,21911,正常
two,自贡市2023.txt,自贡市,2023,16228,正常
two,自贡市2024.txt,自贡市,2024,17869,正常
two,自贡市2025.txt,自贡市,2025,0,空文件
two,舟山市2003.txt,舟山市,2003,11127,正常
two,舟山市2004.txt,舟山市,2004,13109,正常
two,舟山市2005.txt,舟山市,2005,14564,正常
two,舟山市2006.txt,舟山市,2006,14452,正常
two,舟山市2007.txt,舟山市,2007,16178,正常
two,舟山市2008.txt,舟山市,2008,13509,正常
two,舟山市2009.txt,舟山市,2009,14914,正常
two,舟山市2010.txt,舟山市,2010,13583,正常
two,舟山市2011.txt,舟山市,2011,18695,正常
two,舟山市2012.txt,舟山市,2012,18110,正常
two,舟山市2013.txt,舟山市,2013,13681,正常
two,舟山市2014.txt,舟山市,2014,10198,正常
two,舟山市2015.txt,舟山市,2015,11235,正常
two,舟山市2016.txt,舟山市,2016,12699,正常
two,舟山市2017.txt,舟山市,2017,16270,正常
two,舟山市2018.txt,舟山市,2018,12137,正常
two,舟山市2019.txt,舟山市,2019,14369,正常
two,舟山市2020.txt,舟山市,2020,13225,正常
two,舟山市2021.txt,舟山市,2021,16746,正常
two,舟山市2022.txt,舟山市,2022,16172,正常
two,舟山市2023.txt,舟山市,2023,15808,正常
two,舟山市2024.txt,舟山市,2024,14036,正常
two,舟山市2025.txt,舟山市,2025,12746,正常
two,芜湖市2003.txt,芜湖市,2003,16051,正常
two,芜湖市2004.txt,芜湖市,2004,10709,正常
two,芜湖市2005.txt,芜湖市,2005,10672,正常
two,芜湖市2006.txt,芜湖市,2006,13284,正常
two,芜湖市2007.txt,芜湖市,2007,13050,正常
two,芜湖市2008.txt,芜湖市,2008,15164,正常
two,芜湖市2009.txt,芜湖市,2009,16588,正常
two,芜湖市2010.txt,芜湖市,2010,15202,正常
two,芜湖市2011.txt,芜湖市,2011,17240,正常
two,芜湖市2012.txt,芜湖市,2012,15962,正常
two,芜湖市2013.txt,芜湖市,2013,15151,正常
two,芜湖市2014.txt,芜湖市,2014,14112,正常
two,芜湖市2015.txt,芜湖市,2015,14519,正常
two,芜湖市2016.txt,芜湖市,2016,15924,正常
two,芜湖市2017.txt,芜湖市,2017,15348,正常
two,芜湖市2018.txt,芜湖市,2018,14089,正常
two,芜湖市2019.txt,芜湖市,2019,12734,正常
two,芜湖市2020.txt,芜湖市,2020,11496,正常
two,芜湖市2021.txt,芜湖市,2021,15714,正常
two,芜湖市2022.txt,芜湖市,2022,16621,正常
two,芜湖市2023.txt,芜湖市,2023,16593,正常
two,芜湖市2024.txt,芜湖市,2024,16134,正常
two,芜湖市2025.txt,芜湖市,2025,17705,正常
two,苏州市2003.txt,苏州市,2003,1,空文件
two,苏州市2004.txt,苏州市,2004,1,空文件
two,苏州市2005.txt,苏州市,2005,1,空文件
two,苏州市2006.txt,苏州市,2006,21434,正常
two,苏州市2007.txt,苏州市,2007,1364,正常
two,苏州市2008.txt,苏州市,2008,22399,正常
two,苏州市2009.txt,苏州市,2009,19744,正常
two,苏州市2010.txt,苏州市,2010,16744,正常
two,苏州市2011.txt,苏州市,2011,18440,正常
two,苏州市2012.txt,苏州市,2012,16359,正常
two,苏州市2013.txt,苏州市,2013,15986,正常
two,苏州市2014.txt,苏州市,2014,16538,正常
two,苏州市2015.txt,苏州市,2015,19779,正常
two,苏州市2016.txt,苏州市,2016,20618,正常
two,苏州市2017.txt,苏州市,2017,18565,正常
two,苏州市2018.txt,苏州市,2018,17572,正常
two,苏州市2019.txt,苏州市,2019,16832,正常
two,苏州市2020.txt,苏州市,2020,16579,正常
two,苏州市2021.txt,苏州市,2021,17348,正常
two,苏州市2022.txt,苏州市,2022,19828,正常
two,苏州市2023.txt,苏州市,2023,19748,正常
two,苏州市2024.txt,苏州市,2024,20752,正常
two,苏州市2025.txt,苏州市,2025,19086,正常
two,茂名市2003.txt,茂名市,2003,1,空文件
two,茂名市2004.txt,茂名市,2004,1,空文件
two,茂名市2005.txt,茂名市,2005,1,空文件
two,茂名市2006.txt,茂名市,2006,16242,正常
two,茂名市2007.txt,茂名市,2007,1,空文件
two,茂名市2008.txt,茂名市,2008,11673,正常
two,茂名市2009.txt,茂名市,2009,11518,正常
two,茂名市2010.txt,茂名市,2010,11698,正常
two,茂名市2011.txt,茂名市,2011,10130,正常
two,茂名市2012.txt,茂名市,2012,12104,正常
two,茂名市2013.txt,茂名市,2013,10630,正常
two,茂名市2014.txt,茂名市,2014,10535,正常
two,茂名市2015.txt,茂名市,2015,11529,正常
two,茂名市2016.txt,茂名市,2016,12908,正常
two,茂名市2017.txt,茂名市,2017,14605,正常
two,茂名市2018.txt,茂名市,2018,12203,正常
two,茂名市2019.txt,茂名市,2019,15490,正常
two,茂名市2020.txt,茂名市,2020,20213,正常
two,茂名市2021.txt,茂名市,2021,18241,正常
two,茂名市2022.txt,茂名市,2022,20136,正常
two,茂名市2023.txt,茂名市,2023,15494,正常
two,茂名市2024.txt,茂名市,2024,15315,正常
two,茂名市2025.txt,茂名市,2025,13474,正常
two,荆州市2003.txt,荆州市,2003,1,空文件
two,荆州市2004.txt,荆州市,2004,1,空文件
two,荆州市2005.txt,荆州市,2005,18448,正常
two,荆州市2006.txt,荆州市,2006,19668,正常
two,荆州市2007.txt,荆州市,2007,6043,正常
two,荆州市2008.txt,荆州市,2008,12854,正常
two,荆州市2009.txt,荆州市,2009,15756,正常
two,荆州市2010.txt,荆州市,2010,9191,正常
two,荆州市2011.txt,荆州市,2011,18533,正常
two,荆州市2012.txt,荆州市,2012,7192,正常
two,荆州市2013.txt,荆州市,2013,14175,正常
two,荆州市2014.txt,荆州市,2014,14685,正常
two,荆州市2015.txt,荆州市,2015,13847,正常
two,荆州市2016.txt,荆州市,2016,14504,正常
two,荆州市2017.txt,荆州市,2017,13663,正常
two,荆州市2018.txt,荆州市,2018,13037,正常
two,荆州市2019.txt,荆州市,2019,12900,正常
two,荆州市2020.txt,荆州市,2020,12802,正常
two,荆州市2021.txt,荆州市,2021,12819,正常
two,荆州市2022.txt,荆州市,2022,15593,正常
two,荆州市2023.txt,荆州市,2023,16853,正常
two,荆州市2024.txt,荆州市,2024,19862,正常
two,荆州市2025.txt,荆州市,2025,13060,正常
two,荆门市2003.txt,荆门市,2003,18057,正常
two,荆门市2004.txt,荆门市,2004,11544,正常
two,荆门市2005.txt,荆门市,2005,12688,正常
two,荆门市2006.txt,荆门市,2006,14115,正常
two,荆门市2007.txt,荆门市,2007,18052,正常
two,荆门市2008.txt,荆门市,2008,16700,正常
two,荆门市2009.txt,荆门市,2009,16700,正常
two,荆门市2010.txt,荆门市,2010,18439,正常
two,荆门市2011.txt,荆门市,2011,16564,正常
two,荆门市2012.txt,荆门市,2012,15266,正常
two,荆门市2013.txt,荆门市,2013,12796,正常
two,荆门市2014.txt,荆门市,2014,13347,正常
two,荆门市2015.txt,荆门市,2015,14187,正常
two,荆门市2016.txt,荆门市,2016,20365,正常
two,荆门市2017.txt,荆门市,2017,19789,正常
two,荆门市2018.txt,荆门市,2018,16047,正常
two,荆门市2019.txt,荆门市,2019,14619,正常
two,荆门市2020.txt,荆门市,2020,18220,正常
two,荆门市2021.txt,荆门市,2021,23797,正常
two,荆门市2022.txt,荆门市,2022,19257,正常
two,荆门市2023.txt,荆门市,2023,16201,正常
two,荆门市2024.txt,荆门市,2024,13772,正常
two,荆门市2025.txt,荆门市,2025,15172,正常
two,莆田市2003.txt,莆田市,2003,11659,正常
two,莆田市2004.txt,莆田市,2004,11928,正常
two,莆田市2005.txt,莆田市,2005,13248,正常
two,莆田市2006.txt,莆田市,2006,13877,正常
two,莆田市2007.txt,莆田市,2007,15635,正常
two,莆田市2008.txt,莆田市,2008,15352,正常
two,莆田市2009.txt,莆田市,2009,15427,正常
two,莆田市2010.txt,莆田市,2010,15305,正常
two,莆田市2011.txt,莆田市,2011,15924,正常
two,莆田市2012.txt,莆田市,2012,11225,正常
two,莆田市2013.txt,莆田市,2013,22488,正常
two,莆田市2014.txt,莆田市,2014,14297,正常
two,莆田市2015.txt,莆田市,2015,13571,正常
two,莆田市2016.txt,莆田市,2016,15108,正常
two,莆田市2017.txt,莆田市,2017,16213,正常
two,莆田市2018.txt,莆田市,2018,12735,正常
two,莆田市2019.txt,莆田市,2019,14563,正常
two,莆田市2020.txt,莆田市,2020,15409,正常
two,莆田市2021.txt,莆田市,2021,15386,正常
two,莆田市2022.txt,莆田市,2022,16362,正常
two,莆田市2023.txt,莆田市,2023,14884,正常
two,莆田市2025.txt,莆田市,2025,13281,正常
two,菏泽市2003.txt,菏泽市,2003,1,空文件
two,菏泽市2004.txt,菏泽市,2004,14793,正常
two,菏泽市2005.txt,菏泽市,2005,12743,正常
two,菏泽市2006.txt,菏泽市,2006,15955,正常
two,菏泽市2007.txt,菏泽市,2007,12016,正常
two,菏泽市2008.txt,菏泽市,2008,13068,正常
two,菏泽市2009.txt,菏泽市,2009,11943,正常
two,菏泽市2010.txt,菏泽市,2010,13643,正常
two,菏泽市2011.txt,菏泽市,2011,15009,正常
two,菏泽市2012.txt,菏泽市,2012,13559,正常
two,菏泽市2013.txt,菏泽市,2013,11564,正常
two,菏泽市2014.txt,菏泽市,2014,11167,正常
two,菏泽市2015.txt,菏泽市,2015,12962,正常
two,菏泽市2016.txt,菏泽市,2016,14671,正常
two,菏泽市2017.txt,菏泽市,2017,17026,正常
two,菏泽市2018.txt,菏泽市,2018,16245,正常
two,菏泽市2019.txt,菏泽市,2019,17165,正常
two,菏泽市2020.txt,菏泽市,2020,16028,正常
two,菏泽市2021.txt,菏泽市,2021,18044,正常
two,菏泽市2022.txt,菏泽市,2022,13097,正常
two,菏泽市2023.txt,菏泽市,2023,12611,正常
two,菏泽市2024.txt,菏泽市,2024,12327,正常
two,菏泽市2025.txt,菏泽市,2025,13290,正常
two,萍乡市2003.txt,萍乡市,2003,1,空文件
two,萍乡市2004.txt,萍乡市,2004,1,空文件
two,萍乡市2005.txt,萍乡市,2005,1,空文件
two,萍乡市2006.txt,萍乡市,2006,1,空文件
two,萍乡市2007.txt,萍乡市,2007,1,空文件
two,萍乡市2008.txt,萍乡市,2008,1,空文件
two,萍乡市2009.txt,萍乡市,2009,1,空文件
two,萍乡市2010.txt,萍乡市,2010,1,空文件
two,萍乡市2011.txt,萍乡市,2011,1,空文件
two,萍乡市2012.txt,萍乡市,2012,1,空文件
two,萍乡市2013.txt,萍乡市,2013,1,空文件
two,萍乡市2014.txt,萍乡市,2014,16198,正常
two,萍乡市2015.txt,萍乡市,2015,13308,正常
two,萍乡市2016.txt,萍乡市,2016,16512,正常
two,萍乡市2017.txt,萍乡市,2017,11934,正常
two,萍乡市2018.txt,萍乡市,2018,14184,正常
two,萍乡市2019.txt,萍乡市,2019,13599,正常
two,萍乡市2020.txt,萍乡市,2020,14402,正常
two,萍乡市2021.txt,萍乡市,2021,16693,正常
two,萍乡市2022.txt,萍乡市,2022,1,空文件
two,萍乡市2023.txt,萍乡市,2023,0,空文件
two,萍乡市2024.txt,萍乡市,2024,21490,正常
two,营口市2003.txt,营口市,2003,7464,正常
two,营口市2004.txt,营口市,2004,15299,正常
two,营口市2005.txt,营口市,2005,14636,正常
two,营口市2006.txt,营口市,2006,12922,正常
two,营口市2007.txt,营口市,2007,11288,正常
two,营口市2008.txt,营口市,2008,14384,正常
two,营口市2009.txt,营口市,2009,14590,正常
two,营口市2010.txt,营口市,2010,11247,正常
two,营口市2011.txt,营口市,2011,14413,正常
two,营口市2012.txt,营口市,2012,11685,正常
two,营口市2013.txt,营口市,2013,13089,正常
two,营口市2014.txt,营口市,2014,11900,正常
two,营口市2015.txt,营口市,2015,13245,正常
two,营口市2016.txt,营口市,2016,13300,正常
two,营口市2017.txt,营口市,2017,13913,正常
two,营口市2018.txt,营口市,2018,14933,正常
two,营口市2019.txt,营口市,2019,14043,正常
two,营口市2020.txt,营口市,2020,12727,正常
two,营口市2021.txt,营口市,2021,14012,正常
two,营口市2022.txt,营口市,2022,15732,正常
two,营口市2023.txt,营口市,2023,16436,正常
two,营口市2024.txt,营口市,2024,16085,正常
two,营口市2025.txt,营口市,2025,15576,正常
two,葫芦岛市2003.txt,葫芦岛市,2003,1,空文件
two,葫芦岛市2004.txt,葫芦岛市,2004,1,空文件
two,葫芦岛市2005.txt,葫芦岛市,2005,14950,正常
two,葫芦岛市2006.txt,葫芦岛市,2006,13293,正常
two,葫芦岛市2007.txt,葫芦岛市,2007,11961,正常
two,葫芦岛市2008.txt,葫芦岛市,2008,12891,正常
two,葫芦岛市2009.txt,葫芦岛市,2009,14247,正常
two,葫芦岛市2010.txt,葫芦岛市,2010,12235,正常
two,葫芦岛市2011.txt,葫芦岛市,2011,9775,正常
two,葫芦岛市2012.txt,葫芦岛市,2012,10066,正常
two,葫芦岛市2013.txt,葫芦岛市,2013,11125,正常
two,葫芦岛市2014.txt,葫芦岛市,2014,11928,正常
two,葫芦岛市2015.txt,葫芦岛市,2015,12568,正常
two,葫芦岛市2016.txt,葫芦岛市,2016,14050,正常
two,葫芦岛市2017.txt,葫芦岛市,2017,9292,正常
two,葫芦岛市2018.txt,葫芦岛市,2018,10434,正常
two,葫芦岛市2019.txt,葫芦岛市,2019,9764,正常
two,葫芦岛市2020.txt,葫芦岛市,2020,11211,正常
two,葫芦岛市2021.txt,葫芦岛市,2021,12837,正常
two,葫芦岛市2022.txt,葫芦岛市,2022,14230,正常
two,葫芦岛市2023.txt,葫芦岛市,2023,17095,正常
two,葫芦岛市2024.txt,葫芦岛市,2024,16267,正常
two,葫芦岛市2025.txt,葫芦岛市,2025,16634,正常
two,蚌埠市2003.txt,蚌埠市,2003,11,空文件
two,蚌埠市2004.txt,蚌埠市,2004,9,空文件
two,蚌埠市2005.txt,蚌埠市,2005,14,空文件
two,蚌埠市2006.txt,蚌埠市,2006,16,空文件
two,蚌埠市2007.txt,蚌埠市,2007,13851,正常
two,蚌埠市2008.txt,蚌埠市,2008,16511,正常
two,蚌埠市2009.txt,蚌埠市,2009,13855,正常
two,蚌埠市2010.txt,蚌埠市,2010,14765,正常
two,蚌埠市2011.txt,蚌埠市,2011,18418,正常
two,蚌埠市2012.txt,蚌埠市,2012,17504,正常
two,蚌埠市2013.txt,蚌埠市,2013,18300,正常
two,蚌埠市2014.txt,蚌埠市,2014,16862,正常
two,蚌埠市2015.txt,蚌埠市,2015,18765,正常
two,蚌埠市2016.txt,蚌埠市,2016,20167,正常
two,蚌埠市2017.txt,蚌埠市,2017,18700,正常
two,蚌埠市2018.txt,蚌埠市,2018,18487,正常
two,蚌埠市2019.txt,蚌埠市,2019,19339,正常
two,蚌埠市2020.txt,蚌埠市,2020,18108,正常
two,蚌埠市2021.txt,蚌埠市,2021,17797,正常
two,蚌埠市2022.txt,蚌埠市,2022,18187,正常
two,蚌埠市2023.txt,蚌埠市,2023,19091,正常
two,蚌埠市2024.txt,蚌埠市,2024,16842,正常
two,蚌埠市2025.txt,蚌埠市,2025,16613,正常
two,衡水市2003.txt,衡水市,2003,8505,正常
two,衡水市2004.txt,衡水市,2004,9128,正常
two,衡水市2005.txt,衡水市,2005,1,空文件
two,衡水市2006.txt,衡水市,2006,15428,正常
two,衡水市2007.txt,衡水市,2007,14583,正常
two,衡水市2008.txt,衡水市,2008,1,空文件
two,衡水市2009.txt,衡水市,2009,10103,正常
two,衡水市2010.txt,衡水市,2010,9896,正常
two,衡水市2011.txt,衡水市,2011,1,空文件
two,衡水市2012.txt,衡水市,2012,1,空文件
two,衡水市2013.txt,衡水市,2013,10180,正常
two,衡水市2014.txt,衡水市,2014,15977,正常
two,衡水市2015.txt,衡水市,2015,17175,正常
two,衡水市2016.txt,衡水市,2016,19601,正常
two,衡水市2017.txt,衡水市,2017,20716,正常
two,衡水市2018.txt,衡水市,2018,16194,正常
two,衡水市2019.txt,衡水市,2019,13765,正常
two,衡水市2020.txt,衡水市,2020,13526,正常
two,衡水市2021.txt,衡水市,2021,14758,正常
two,衡水市2022.txt,衡水市,2022,12127,正常
two,衡水市2023.txt,衡水市,2023,13294,正常
two,衡水市2024.txt,衡水市,2024,11637,正常
two,衡水市2025.txt,衡水市,2025,9474,正常
two,衡阳市2003.txt,衡阳市,2003,1,空文件
two,衡阳市2004.txt,衡阳市,2004,1,空文件
two,衡阳市2005.txt,衡阳市,2005,1,空文件
two,衡阳市2006.txt,衡阳市,2006,1,空文件
two,衡阳市2007.txt,衡阳市,2007,13201,正常
two,衡阳市2008.txt,衡阳市,2008,16300,正常
two,衡阳市2009.txt,衡阳市,2009,16746,正常
two,衡阳市2010.txt,衡阳市,2010,15317,正常
two,衡阳市2011.txt,衡阳市,2011,18186,正常
two,衡阳市2012.txt,衡阳市,2012,12178,正常
two,衡阳市2013.txt,衡阳市,2013,17007,正常
two,衡阳市2014.txt,衡阳市,2014,12676,正常
two,衡阳市2015.txt,衡阳市,2015,13092,正常
two,衡阳市2016.txt,衡阳市,2016,13918,正常
two,衡阳市2017.txt,衡阳市,2017,14887,正常
two,衡阳市2018.txt,衡阳市,2018,16800,正常
two,衡阳市2019.txt,衡阳市,2019,16028,正常
two,衡阳市2020.txt,衡阳市,2020,16315,正常
two,衡阳市2021.txt,衡阳市,2021,19364,正常
two,衡阳市2022.txt,衡阳市,2022,18518,正常
two,衡阳市2023.txt,衡阳市,2023,19253,正常
two,衡阳市2024.txt,衡阳市,2024,17562,正常
two,衡阳市2025.txt,衡阳市,2025,16376,正常
two,衢州市2003.txt,衢州市,2003,1,空文件
two,衢州市2004.txt,衢州市,2004,1,空文件
two,衢州市2005.txt,衢州市,2005,1,空文件
two,衢州市2006.txt,衢州市,2006,1,空文件
two,衢州市2007.txt,衢州市,2007,1,空文件
two,衢州市2008.txt,衢州市,2008,1,空文件
two,衢州市2009.txt,衢州市,2009,1,空文件
two,衢州市2010.txt,衢州市,2010,1,空文件
two,衢州市2011.txt,衢州市,2011,1,空文件
two,衢州市2012.txt,衢州市,2012,1,空文件
two,衢州市2013.txt,衢州市,2013,12278,正常
two,衢州市2014.txt,衢州市,2014,2,空文件
two,衢州市2015.txt,衢州市,2015,2,空文件
two,衢州市2016.txt,衢州市,2016,2,空文件
two,衢州市2017.txt,衢州市,2017,2,空文件
two,衢州市2018.txt,衢州市,2018,14619,正常
two,衢州市2019.txt,衢州市,2019,15681,正常
two,衢州市2020.txt,衢州市,2020,16432,正常
two,衢州市2021.txt,衢州市,2021,15213,正常
two,衢州市2022.txt,衢州市,2022,16114,正常
two,衢州市2023.txt,衢州市,2023,14073,正常
two,衢州市2024.txt,衢州市,2024,12517,正常
two,衢州市2025.txt,衢州市,2025,14007,正常
two,襄阳市2003.txt,襄阳市,2003,10,空文件
two,襄阳市2004.txt,襄阳市,2004,19,空文件
two,襄阳市2005.txt,襄阳市,2005,12,空文件
two,襄阳市2006.txt,襄阳市,2006,21966,正常
two,襄阳市2007.txt,襄阳市,2007,13613,正常
two,襄阳市2008.txt,襄阳市,2008,13750,正常
two,襄阳市2009.txt,襄阳市,2009,17381,正常
two,襄阳市2010.txt,襄阳市,2010,16480,正常
two,襄阳市2011.txt,襄阳市,2011,19341,正常
two,襄阳市2012.txt,襄阳市,2012,22295,正常
two,襄阳市2013.txt,襄阳市,2013,17330,正常
two,襄阳市2014.txt,襄阳市,2014,16718,正常
two,襄阳市2015.txt,襄阳市,2015,15687,正常
two,襄阳市2016.txt,襄阳市,2016,18637,正常
two,襄阳市2017.txt,襄阳市,2017,17970,正常
two,襄阳市2018.txt,襄阳市,2018,14560,正常
two,襄阳市2019.txt,襄阳市,2019,16945,正常
two,襄阳市2020.txt,襄阳市,2020,19323,正常
two,襄阳市2021.txt,襄阳市,2021,18281,正常
two,襄阳市2022.txt,襄阳市,2022,16059,正常
two,襄阳市2023.txt,襄阳市,2023,17873,正常
two,襄阳市2024.txt,襄阳市,2024,19356,正常
two,襄阳市2025.txt,襄阳市,2025,18650,正常
two,西宁市2003.txt,西宁市,2003,1,空文件
two,西宁市2004.txt,西宁市,2004,1,空文件
two,西宁市2005.txt,西宁市,2005,1,空文件
two,西宁市2006.txt,西宁市,2006,1,空文件
two,西宁市2007.txt,西宁市,2007,1,空文件
two,西宁市2008.txt,西宁市,2008,17806,正常
two,西宁市2009.txt,西宁市,2009,16474,正常
two,西宁市2010.txt,西宁市,2010,12649,正常
two,西宁市2011.txt,西宁市,2011,1,空文件
two,西宁市2012.txt,西宁市,2012,14189,正常
two,西宁市2013.txt,西宁市,2013,13980,正常
two,西宁市2014.txt,西宁市,2014,14718,正常
two,西宁市2015.txt,西宁市,2015,15088,正常
two,西宁市2016.txt,西宁市,2016,21623,正常
two,西宁市2017.txt,西宁市,2017,17569,正常
two,西宁市2018.txt,西宁市,2018,16942,正常
two,西宁市2019.txt,西宁市,2019,18820,正常
two,西宁市2020.txt,西宁市,2020,17575,正常
two,西宁市2021.txt,西宁市,2021,20338,正常
two,西宁市2022.txt,西宁市,2022,17660,正常
two,西宁市2023.txt,西宁市,2023,14056,正常
two,西宁市2024.txt,西宁市,2024,13779,正常
two,西宁市2025.txt,西宁市,2025,12519,正常
two,西安市2003.txt,西安市,2003,13104,正常
two,西安市2004.txt,西安市,2004,12620,正常
two,西安市2005.txt,西安市,2005,14307,正常
two,西安市2006.txt,西安市,2006,14412,正常
two,西安市2007.txt,西安市,2007,14299,正常
two,西安市2008.txt,西安市,2008,12561,正常
two,西安市2009.txt,西安市,2009,13893,正常
two,西安市2010.txt,西安市,2010,14794,正常
two,西安市2011.txt,西安市,2011,13081,正常
two,西安市2012.txt,西安市,2012,15707,正常
two,西安市2013.txt,西安市,2013,12824,正常
two,西安市2014.txt,西安市,2014,14580,正常
two,西安市2015.txt,西安市,2015,14894,正常
two,西安市2016.txt,西安市,2016,16994,正常
two,西安市2017.txt,西安市,2017,16973,正常
two,西安市2018.txt,西安市,2018,22999,正常
two,西安市2019.txt,西安市,2019,17024,正常
two,西安市2020.txt,西安市,2020,16317,正常
two,西安市2021.txt,西安市,2021,18039,正常
two,西安市2022.txt,西安市,2022,17449,正常
two,西安市2023.txt,西安市,2023,17654,正常
two,西安市2024.txt,西安市,2024,17571,正常
two,西安市2025.txt,西安市,2025,12504,正常
two,许昌市2003.txt,许昌市,2003,15795,正常
two,许昌市2004.txt,许昌市,2004,10634,正常
two,许昌市2005.txt,许昌市,2005,10235,正常
two,许昌市2006.txt,许昌市,2006,12804,正常
two,许昌市2007.txt,许昌市,2007,13065,正常
two,许昌市2008.txt,许昌市,2008,12296,正常
two,许昌市2009.txt,许昌市,2009,11665,正常
two,许昌市2010.txt,许昌市,2010,12393,正常
two,许昌市2011.txt,许昌市,2011,14181,正常
two,许昌市2012.txt,许昌市,2012,13479,正常
two,许昌市2013.txt,许昌市,2013,10896,正常
two,许昌市2014.txt,许昌市,2014,10978,正常
two,许昌市2015.txt,许昌市,2015,14813,正常
two,许昌市2016.txt,许昌市,2016,17405,正常
two,许昌市2017.txt,许昌市,2017,17744,正常
two,许昌市2018.txt,许昌市,2018,10343,正常
two,许昌市2019.txt,许昌市,2019,16179,正常
two,许昌市2020.txt,许昌市,2020,14607,正常
two,许昌市2021.txt,许昌市,2021,16642,正常
two,许昌市2022.txt,许昌市,2022,11085,正常
two,许昌市2023.txt,许昌市,2023,15690,正常
two,许昌市2024.txt,许昌市,2024,14004,正常
two,许昌市2025.txt,许昌市,2025,11701,正常
two,贵港市2003.txt,贵港市,2003,18578,正常
two,贵港市2004.txt,贵港市,2004,9326,正常
two,贵港市2005.txt,贵港市,2005,12359,正常
two,贵港市2006.txt,贵港市,2006,15461,正常
two,贵港市2007.txt,贵港市,2007,13470,正常
two,贵港市2008.txt,贵港市,2008,13502,正常
two,贵港市2009.txt,贵港市,2009,15270,正常
two,贵港市2010.txt,贵港市,2010,15331,正常
two,贵港市2011.txt,贵港市,2011,16927,正常
two,贵港市2012.txt,贵港市,2012,13210,正常
two,贵港市2013.txt,贵港市,2013,2,空文件
two,贵港市2014.txt,贵港市,2014,13420,正常
two,贵港市2015.txt,贵港市,2015,15579,正常
two,贵港市2016.txt,贵港市,2016,16903,正常
two,贵港市2017.txt,贵港市,2017,13743,正常
two,贵港市2018.txt,贵港市,2018,15787,正常
two,贵港市2019.txt,贵港市,2019,19099,正常
two,贵港市2020.txt,贵港市,2020,21628,正常
two,贵港市2021.txt,贵港市,2021,15083,正常
two,贵港市2022.txt,贵港市,2022,18881,正常
two,贵港市2023.txt,贵港市,2023,13897,正常
two,贵港市2024.txt,贵港市,2024,15364,正常
two,贵港市2025.txt,贵港市,2025,15412,正常
two,贵阳市2003.txt,贵阳市,2003,1,空文件
two,贵阳市2004.txt,贵阳市,2004,19727,正常
two,贵阳市2005.txt,贵阳市,2005,17757,正常
two,贵阳市2006.txt,贵阳市,2006,22777,正常
two,贵阳市2007.txt,贵阳市,2007,24237,正常
two,贵阳市2008.txt,贵阳市,2008,18954,正常
two,贵阳市2009.txt,贵阳市,2009,18377,正常
two,贵阳市2010.txt,贵阳市,2010,17029,正常
two,贵阳市2011.txt,贵阳市,2011,21135,正常
two,贵阳市2012.txt,贵阳市,2012,22651,正常
two,贵阳市2013.txt,贵阳市,2013,15275,正常
two,贵阳市2014.txt,贵阳市,2014,19032,正常
two,贵阳市2015.txt,贵阳市,2015,16591,正常
two,贵阳市2016.txt,贵阳市,2016,19790,正常
two,贵阳市2017.txt,贵阳市,2017,18187,正常
two,贵阳市2018.txt,贵阳市,2018,17793,正常
two,贵阳市2019.txt,贵阳市,2019,19184,正常
two,贵阳市2020.txt,贵阳市,2020,17562,正常
two,贵阳市2021.txt,贵阳市,2021,18956,正常
two,贵阳市2022.txt,贵阳市,2022,20127,正常
two,贵阳市2023.txt,贵阳市,2023,18440,正常
two,贵阳市2024.txt,贵阳市,2024,17540,正常
two,贵阳市2025.txt,贵阳市,2025,15897,正常
two,贺州市2003.txt,贺州市,2003,15481,正常
two,贺州市2004.txt,贺州市,2004,17391,正常
two,贺州市2005.txt,贺州市,2005,15951,正常
two,贺州市2006.txt,贺州市,2006,18960,正常
two,贺州市2007.txt,贺州市,2007,15749,正常
two,贺州市2008.txt,贺州市,2008,14233,正常
two,贺州市2009.txt,贺州市,2009,13355,正常
two,贺州市2010.txt,贺州市,2010,14067,正常
two,贺州市2011.txt,贺州市,2011,21184,正常
two,贺州市2012.txt,贺州市,2012,13418,正常
two,贺州市2013.txt,贺州市,2013,14599,正常
two,贺州市2014.txt,贺州市,2014,15276,正常
two,贺州市2015.txt,贺州市,2015,14719,正常
two,贺州市2016.txt,贺州市,2016,17519,正常
two,贺州市2017.txt,贺州市,2017,7790,正常
two,贺州市2018.txt,贺州市,2018,17759,正常
two,贺州市2019.txt,贺州市,2019,8247,正常
two,贺州市2020.txt,贺州市,2020,12928,正常
two,贺州市2021.txt,贺州市,2021,20264,正常
two,贺州市2022.txt,贺州市,2022,18098,正常
two,贺州市2023.txt,贺州市,2023,20131,正常
two,贺州市2024.txt,贺州市,2024,22311,正常
two,贺州市2025.txt,贺州市,2025,21881,正常
two,资阳市2003.txt,资阳市,2003,9751,正常
two,资阳市2004.txt,资阳市,2004,7371,正常
two,资阳市2005.txt,资阳市,2005,15460,正常
two,资阳市2006.txt,资阳市,2006,18092,正常
two,资阳市2007.txt,资阳市,2007,17255,正常
two,资阳市2008.txt,资阳市,2008,17195,正常
two,资阳市2009.txt,资阳市,2009,13099,正常
two,资阳市2010.txt,资阳市,2010,11909,正常
two,资阳市2011.txt,资阳市,2011,11461,正常
two,资阳市2012.txt,资阳市,2012,13853,正常
two,资阳市2013.txt,资阳市,2013,10500,正常
two,资阳市2014.txt,资阳市,2014,2,空文件
two,资阳市2015.txt,资阳市,2015,2,空文件
two,资阳市2016.txt,资阳市,2016,16354,正常
two,资阳市2017.txt,资阳市,2017,15759,正常
two,资阳市2018.txt,资阳市,2018,14603,正常
two,资阳市2019.txt,资阳市,2019,17029,正常
two,资阳市2020.txt,资阳市,2020,23901,正常
two,资阳市2021.txt,资阳市,2021,24968,正常
two,资阳市2022.txt,资阳市,2022,17066,正常
two,资阳市2023.txt,资阳市,2023,17965,正常
two,资阳市2024.txt,资阳市,2024,15183,正常
two,资阳市2025.txt,资阳市,2025,13502,正常
two,赣州市2003.txt,赣州市,2003,9989,正常
two,赣州市2004.txt,赣州市,2004,22619,正常
two,赣州市2005.txt,赣州市,2005,14261,正常
two,赣州市2006.txt,赣州市,2006,1,空文件
two,赣州市2007.txt,赣州市,2007,14056,正常
two,赣州市2008.txt,赣州市,2008,13313,正常
two,赣州市2009.txt,赣州市,2009,13239,正常
two,赣州市2010.txt,赣州市,2010,13757,正常
two,赣州市2011.txt,赣州市,2011,15130,正常
two,赣州市2012.txt,赣州市,2012,14607,正常
two,赣州市2013.txt,赣州市,2013,19362,正常
two,赣州市2014.txt,赣州市,2014,12948,正常
two,赣州市2015.txt,赣州市,2015,13096,正常
two,赣州市2016.txt,赣州市,2016,14868,正常
two,赣州市2017.txt,赣州市,2017,14320,正常
two,赣州市2018.txt,赣州市,2018,14301,正常
two,赣州市2019.txt,赣州市,2019,17736,正常
two,赣州市2020.txt,赣州市,2020,20779,正常
two,赣州市2021.txt,赣州市,2021,12766,正常
two,赣州市2022.txt,赣州市,2022,15911,正常
two,赣州市2023.txt,赣州市,2023,17285,正常
two,赣州市2024.txt,赣州市,2024,16146,正常
two,赣州市2025.txt,赣州市,2025,14901,正常
two,赤峰市2003.txt,赤峰市,2003,1,空文件
two,赤峰市2004.txt,赤峰市,2004,1,空文件
two,赤峰市2005.txt,赤峰市,2005,1,空文件
two,赤峰市2006.txt,赤峰市,2006,1,空文件
two,赤峰市2007.txt,赤峰市,2007,1,空文件
two,赤峰市2008.txt,赤峰市,2008,15232,正常
two,赤峰市2009.txt,赤峰市,2009,1,空文件
two,赤峰市2010.txt,赤峰市,2010,16328,正常
two,赤峰市2011.txt,赤峰市,2011,18135,正常
two,赤峰市2012.txt,赤峰市,2012,13938,正常
two,赤峰市2013.txt,赤峰市,2013,18679,正常
two,赤峰市2014.txt,赤峰市,2014,14830,正常
two,赤峰市2015.txt,赤峰市,2015,12940,正常
two,赤峰市2016.txt,赤峰市,2016,17366,正常
two,赤峰市2017.txt,赤峰市,2017,14433,正常
two,赤峰市2018.txt,赤峰市,2018,18471,正常
two,赤峰市2019.txt,赤峰市,2019,15303,正常
two,赤峰市2020.txt,赤峰市,2020,14684,正常
two,赤峰市2021.txt,赤峰市,2021,17084,正常
two,赤峰市2022.txt,赤峰市,2022,15841,正常
two,赤峰市2023.txt,赤峰市,2023,14904,正常
two,赤峰市2024.txt,赤峰市,2024,12909,正常
two,赤峰市2025.txt,赤峰市,2025,12572,正常
two,辽源市2003.txt,辽源市,2003,1,空文件
two,辽源市2004.txt,辽源市,2004,1,空文件
two,辽源市2005.txt,辽源市,2005,1,空文件
two,辽源市2006.txt,辽源市,2006,1,空文件
two,辽源市2007.txt,辽源市,2007,1,空文件
two,辽源市2008.txt,辽源市,2008,8617,正常
two,辽源市2009.txt,辽源市,2009,8583,正常
two,辽源市2010.txt,辽源市,2010,8875,正常
two,辽源市2011.txt,辽源市,2011,1,空文件
two,辽源市2012.txt,辽源市,2012,10094,正常
two,辽源市2013.txt,辽源市,2013,12837,正常
two,辽源市2014.txt,辽源市,2014,9127,正常
two,辽源市2015.txt,辽源市,2015,11387,正常
two,辽源市2016.txt,辽源市,2016,12509,正常
two,辽源市2017.txt,辽源市,2017,12776,正常
two,辽源市2018.txt,辽源市,2018,11584,正常
two,辽源市2019.txt,辽源市,2019,14419,正常
two,辽源市2020.txt,辽源市,2020,13703,正常
two,辽源市2021.txt,辽源市,2021,12834,正常
two,辽源市2022.txt,辽源市,2022,19888,正常
two,辽源市2023.txt,辽源市,2023,4078,正常
two,辽源市2024.txt,辽源市,2024,14956,正常
two,辽源市2025.txt,辽源市,2025,15195,正常
two,辽阳市2003.txt,辽阳市,2003,1,空文件
two,辽阳市2004.txt,辽阳市,2004,1,空文件
two,辽阳市2005.txt,辽阳市,2005,13256,正常
two,辽阳市2006.txt,辽阳市,2006,3081,正常
two,辽阳市2007.txt,辽阳市,2007,13843,正常
two,辽阳市2008.txt,辽阳市,2008,15672,正常
two,辽阳市2009.txt,辽阳市,2009,12105,正常
two,辽阳市2010.txt,辽阳市,2010,10870,正常
two,辽阳市2011.txt,辽阳市,2011,12943,正常
two,辽阳市2012.txt,辽阳市,2012,11095,正常
two,辽阳市2013.txt,辽阳市,2013,11846,正常
two,辽阳市2014.txt,辽阳市,2014,9071,正常
two,辽阳市2015.txt,辽阳市,2015,5064,正常
two,辽阳市2016.txt,辽阳市,2016,15352,正常
two,辽阳市2017.txt,辽阳市,2017,12997,正常
two,辽阳市2018.txt,辽阳市,2018,13970,正常
two,辽阳市2019.txt,辽阳市,2019,14228,正常
two,辽阳市2020.txt,辽阳市,2020,14526,正常
two,辽阳市2021.txt,辽阳市,2021,15047,正常
two,辽阳市2022.txt,辽阳市,2022,14181,正常
two,辽阳市2023.txt,辽阳市,2023,12552,正常
two,辽阳市2024.txt,辽阳市,2024,13029,正常
two,辽阳市2025.txt,辽阳市,2025,11633,正常
two,达州市2003.txt,达州市,2003,1,空文件
two,达州市2004.txt,达州市,2004,18368,正常
two,达州市2005.txt,达州市,2005,21376,正常
two,达州市2006.txt,达州市,2006,17453,正常
two,达州市2007.txt,达州市,2007,23240,正常
two,达州市2008.txt,达州市,2008,21869,正常
two,达州市2009.txt,达州市,2009,20200,正常
two,达州市2010.txt,达州市,2010,16887,正常
two,达州市2011.txt,达州市,2011,14309,正常
two,达州市2012.txt,达州市,2012,15175,正常
two,达州市2013.txt,达州市,2013,12381,正常
two,达州市2014.txt,达州市,2014,11807,正常
two,达州市2015.txt,达州市,2015,12110,正常
two,达州市2016.txt,达州市,2016,13474,正常
two,达州市2017.txt,达州市,2017,14707,正常
two,达州市2018.txt,达州市,2018,15425,正常
two,达州市2019.txt,达州市,2019,16975,正常
two,达州市2020.txt,达州市,2020,18577,正常
two,达州市2021.txt,达州市,2021,20136,正常
two,达州市2022.txt,达州市,2022,13556,正常
two,达州市2023.txt,达州市,2023,14664,正常
two,达州市2024.txt,达州市,2024,14424,正常
two,达州市2025.txt,达州市,2025,11980,正常
two,运城市2003.txt,运城市,2003,3856,正常
two,运城市2004.txt,运城市,2004,13468,正常
two,运城市2005.txt,运城市,2005,16734,正常
two,运城市2006.txt,运城市,2006,16641,正常
two,运城市2007.txt,运城市,2007,32568,正常
two,运城市2008.txt,运城市,2008,16824,正常
two,运城市2009.txt,运城市,2009,11862,正常
two,运城市2010.txt,运城市,2010,19251,正常
two,运城市2011.txt,运城市,2011,18779,正常
two,运城市2012.txt,运城市,2012,15299,正常
two,运城市2013.txt,运城市,2013,6475,正常
two,运城市2014.txt,运城市,2014,18472,正常
two,运城市2015.txt,运城市,2015,16264,正常
two,运城市2016.txt,运城市,2016,21406,正常
two,运城市2017.txt,运城市,2017,20032,正常
two,运城市2018.txt,运城市,2018,20117,正常
two,运城市2019.txt,运城市,2019,20221,正常
two,运城市2020.txt,运城市,2020,16061,正常
two,运城市2021.txt,运城市,2021,17979,正常
two,运城市2022.txt,运城市,2022,17781,正常
two,运城市2023.txt,运城市,2023,20507,正常
two,运城市2024.txt,运城市,2024,19526,正常
two,运城市2025.txt,运城市,2025,14989,正常
two,连云港市2003.txt,连云港市,2003,18251,正常
two,连云港市2004.txt,连云港市,2004,18420,正常
two,连云港市2005.txt,连云港市,2005,17868,正常
two,连云港市2006.txt,连云港市,2006,16946,正常
two,连云港市2007.txt,连云港市,2007,15526,正常
two,连云港市2008.txt,连云港市,2008,18211,正常
two,连云港市2009.txt,连云港市,2009,18111,正常
two,连云港市2010.txt,连云港市,2010,18547,正常
two,连云港市2011.txt,连云港市,2011,19770,正常
two,连云港市2012.txt,连云港市,2012,15113,正常
two,连云港市2013.txt,连云港市,2013,16251,正常
two,连云港市2014.txt,连云港市,2014,13988,正常
two,连云港市2015.txt,连云港市,2015,13928,正常
two,连云港市2016.txt,连云港市,2016,18638,正常
two,连云港市2017.txt,连云港市,2017,13666,正常
two,连云港市2018.txt,连云港市,2018,12322,正常
two,连云港市2019.txt,连云港市,2019,14412,正常
two,连云港市2020.txt,连云港市,2020,16484,正常
two,连云港市2021.txt,连云港市,2021,15624,正常
two,连云港市2022.txt,连云港市,2022,16332,正常
two,连云港市2023.txt,连云港市,2023,15462,正常
two,连云港市2024.txt,连云港市,2024,15280,正常
two,连云港市2025.txt,连云港市,2025,13941,正常
two,通化市2003.txt,通化市,2003,12261,正常
two,通化市2004.txt,通化市,2004,12879,正常
two,通化市2005.txt,通化市,2005,13526,正常
two,通化市2006.txt,通化市,2006,11706,正常
two,通化市2007.txt,通化市,2007,11622,正常
two,通化市2008.txt,通化市,2008,15591,正常
two,通化市2009.txt,通化市,2009,13151,正常
two,通化市2010.txt,通化市,2010,11130,正常
two,通化市2011.txt,通化市,2011,15559,正常
two,通化市2012.txt,通化市,2012,11929,正常
two,通化市2013.txt,通化市,2013,16232,正常
two,通化市2014.txt,通化市,2014,13501,正常
two,通化市2015.txt,通化市,2015,14681,正常
two,通化市2016.txt,通化市,2016,17421,正常
two,通化市2017.txt,通化市,2017,15074,正常
two,通化市2018.txt,通化市,2018,13217,正常
two,通化市2019.txt,通化市,2019,14403,正常
two,通化市2020.txt,通化市,2020,16755,正常
two,通化市2021.txt,通化市,2021,18281,正常
two,通化市2022.txt,通化市,2022,11595,正常
two,通化市2023.txt,通化市,2023,13543,正常
two,通化市2024.txt,通化市,2024,14039,正常
two,通化市2025.txt,通化市,2025,14309,正常
two,通辽市2003.txt,通辽市,2003,15119,正常
two,通辽市2004.txt,通辽市,2004,15368,正常
two,通辽市2005.txt,通辽市,2005,11114,正常
two,通辽市2006.txt,通辽市,2006,20604,正常
two,通辽市2007.txt,通辽市,2007,14844,正常
two,通辽市2008.txt,通辽市,2008,16147,正常
two,通辽市2009.txt,通辽市,2009,14101,正常
two,通辽市2010.txt,通辽市,2010,15499,正常
two,通辽市2011.txt,通辽市,2011,14649,正常
two,通辽市2012.txt,通辽市,2012,14084,正常
two,通辽市2013.txt,通辽市,2013,13646,正常
two,通辽市2014.txt,通辽市,2014,13882,正常
two,通辽市2015.txt,通辽市,2015,15347,正常
two,通辽市2016.txt,通辽市,2016,18499,正常
two,通辽市2017.txt,通辽市,2017,18461,正常
two,通辽市2018.txt,通辽市,2018,19622,正常
two,通辽市2019.txt,通辽市,2019,14726,正常
two,通辽市2020.txt,通辽市,2020,16006,正常
two,通辽市2021.txt,通辽市,2021,15484,正常
two,通辽市2022.txt,通辽市,2022,12984,正常
two,通辽市2023.txt,通辽市,2023,12821,正常
two,通辽市2024.txt,通辽市,2024,14183,正常
two,通辽市2025.txt,通辽市,2025,13390,正常
two,遂宁市2003.txt,遂宁市,2003,1,空文件
two,遂宁市2004.txt,遂宁市,2004,1,空文件
two,遂宁市2005.txt,遂宁市,2005,1,空文件
two,遂宁市2006.txt,遂宁市,2006,14400,正常
two,遂宁市2007.txt,遂宁市,2007,11207,正常
two,遂宁市2008.txt,遂宁市,2008,12593,正常
two,遂宁市2009.txt,遂宁市,2009,10194,正常
two,遂宁市2010.txt,遂宁市,2010,9275,正常
two,遂宁市2011.txt,遂宁市,2011,14808,正常
two,遂宁市2012.txt,遂宁市,2012,11177,正常
two,遂宁市2013.txt,遂宁市,2013,10558,正常
two,遂宁市2014.txt,遂宁市,2014,2904,正常
two,遂宁市2015.txt,遂宁市,2015,14251,正常
two,遂宁市2016.txt,遂宁市,2016,14722,正常
two,遂宁市2017.txt,遂宁市,2017,12226,正常
two,遂宁市2018.txt,遂宁市,2018,12962,正常
two,遂宁市2019.txt,遂宁市,2019,20101,正常
two,遂宁市2020.txt,遂宁市,2020,18039,正常
two,遂宁市2021.txt,遂宁市,2021,22298,正常
two,遂宁市2022.txt,遂宁市,2022,16224,正常
two,遂宁市2023.txt,遂宁市,2023,14288,正常
two,遂宁市2024.txt,遂宁市,2024,13451,正常
two,遂宁市2025.txt,遂宁市,2025,14122,正常
two,遵义市2003.txt,遵义市,2003,1,空文件
two,遵义市2004.txt,遵义市,2004,1,空文件
two,遵义市2005.txt,遵义市,2005,1,空文件
two,遵义市2006.txt,遵义市,2006,15049,正常
two,遵义市2007.txt,遵义市,2007,18563,正常
two,遵义市2008.txt,遵义市,2008,18124,正常
two,遵义市2009.txt,遵义市,2009,1,空文件
two,遵义市2010.txt,遵义市,2010,1,空文件
two,遵义市2011.txt,遵义市,2011,1,空文件
two,遵义市2012.txt,遵义市,2012,16703,正常
two,遵义市2013.txt,遵义市,2013,14207,正常
two,遵义市2014.txt,遵义市,2014,14665,正常
two,遵义市2015.txt,遵义市,2015,17992,正常
two,遵义市2016.txt,遵义市,2016,20857,正常
two,遵义市2017.txt,遵义市,2017,19164,正常
two,遵义市2018.txt,遵义市,2018,15648,正常
two,遵义市2019.txt,遵义市,2019,13799,正常
two,遵义市2020.txt,遵义市,2020,14566,正常
two,遵义市2021.txt,遵义市,2021,18763,正常
two,遵义市2022.txt,遵义市,2022,21095,正常
two,遵义市2023.txt,遵义市,2023,15646,正常
two,遵义市2024.txt,遵义市,2024,14415,正常
two,遵义市2025.txt,遵义市,2025,17780,正常
two,邢台市2003.txt,邢台市,2003,19243,正常
two,邢台市2004.txt,邢台市,2004,17981,正常
two,邢台市2005.txt,邢台市,2005,16079,正常
two,邢台市2006.txt,邢台市,2006,16179,正常
two,邢台市2007.txt,邢台市,2007,16374,正常
two,邢台市2008.txt,邢台市,2008,15061,正常
two,邢台市2009.txt,邢台市,2009,17021,正常
two,邢台市2010.txt,邢台市,2010,16851,正常
two,邢台市2011.txt,邢台市,2011,18887,正常
two,邢台市2012.txt,邢台市,2012,15766,正常
two,邢台市2013.txt,邢台市,2013,13237,正常
two,邢台市2014.txt,邢台市,2014,2,空文件
two,邢台市2015.txt,邢台市,2015,14497,正常
two,邢台市2016.txt,邢台市,2016,18603,正常
two,邢台市2017.txt,邢台市,2017,14032,正常
two,邢台市2018.txt,邢台市,2018,15042,正常
two,邢台市2019.txt,邢台市,2019,15959,正常
two,邢台市2020.txt,邢台市,2020,14167,正常
two,邢台市2021.txt,邢台市,2021,14456,正常
two,邢台市2022.txt,邢台市,2022,14887,正常
two,邢台市2023.txt,邢台市,2023,12760,正常
two,邢台市2024.txt,邢台市,2024,12651,正常
two,邢台市2025.txt,邢台市,2025,9695,正常
two,邯郸市2003.txt,邯郸市,2003,15925,正常
two,邯郸市2004.txt,邯郸市,2004,15875,正常
two,邯郸市2005.txt,邯郸市,2005,15703,正常
two,邯郸市2006.txt,邯郸市,2006,16479,正常
two,邯郸市2007.txt,邯郸市,2007,16387,正常
two,邯郸市2008.txt,邯郸市,2008,20584,正常
two,邯郸市2009.txt,邯郸市,2009,19882,正常
two,邯郸市2010.txt,邯郸市,2010,19197,正常
two,邯郸市2011.txt,邯郸市,2011,16652,正常
two,邯郸市2012.txt,邯郸市,2012,15386,正常
two,邯郸市2013.txt,邯郸市,2013,15355,正常
two,邯郸市2014.txt,邯郸市,2014,12480,正常
two,邯郸市2015.txt,邯郸市,2015,12748,正常
two,邯郸市2016.txt,邯郸市,2016,17580,正常
two,邯郸市2017.txt,邯郸市,2017,17309,正常
two,邯郸市2018.txt,邯郸市,2018,8501,正常
two,邯郸市2019.txt,邯郸市,2019,19650,正常
two,邯郸市2020.txt,邯郸市,2020,15950,正常
two,邯郸市2021.txt,邯郸市,2021,16751,正常
two,邯郸市2022.txt,邯郸市,2022,14791,正常
two,邯郸市2023.txt,邯郸市,2023,14282,正常
two,邯郸市2024.txt,邯郸市,2024,11686,正常
two,邯郸市2025.txt,邯郸市,2025,10255,正常
two,邵阳市2003.txt,邵阳市,2003,1,空文件
two,邵阳市2004.txt,邵阳市,2004,1,空文件
two,邵阳市2005.txt,邵阳市,2005,1,空文件
two,邵阳市2006.txt,邵阳市,2006,1,空文件
two,邵阳市2007.txt,邵阳市,2007,12790,正常
two,邵阳市2008.txt,邵阳市,2008,12431,正常
two,邵阳市2009.txt,邵阳市,2009,14710,正常
two,邵阳市2010.txt,邵阳市,2010,19757,正常
two,邵阳市2011.txt,邵阳市,2011,1,空文件
two,邵阳市2012.txt,邵阳市,2012,12340,正常
two,邵阳市2013.txt,邵阳市,2013,19580,正常
two,邵阳市2014.txt,邵阳市,2014,17187,正常
two,邵阳市2015.txt,邵阳市,2015,15583,正常
two,邵阳市2016.txt,邵阳市,2016,17351,正常
two,邵阳市2017.txt,邵阳市,2017,17375,正常
two,邵阳市2018.txt,邵阳市,2018,17688,正常
two,邵阳市2019.txt,邵阳市,2019,17442,正常
two,邵阳市2020.txt,邵阳市,2020,15491,正常
two,邵阳市2021.txt,邵阳市,2021,18254,正常
two,邵阳市2022.txt,邵阳市,2022,16230,正常
two,邵阳市2023.txt,邵阳市,2023,15606,正常
two,邵阳市2024.txt,邵阳市,2024,14593,正常
two,邵阳市2025.txt,邵阳市,2025,17038,正常
two,郑州市2003.txt,郑州市,2003,15722,正常
two,郑州市2004.txt,郑州市,2004,16223,正常
two,郑州市2005.txt,郑州市,2005,14760,正常
two,郑州市2006.txt,郑州市,2006,17461,正常
two,郑州市2007.txt,郑州市,2007,16276,正常
two,郑州市2008.txt,郑州市,2008,18438,正常
two,郑州市2009.txt,郑州市,2009,20367,正常
two,郑州市2010.txt,郑州市,2010,17967,正常
two,郑州市2011.txt,郑州市,2011,17813,正常
two,郑州市2012.txt,郑州市,2012,16659,正常
two,郑州市2013.txt,郑州市,2013,13623,正常
two,郑州市2014.txt,郑州市,2014,17037,正常
two,郑州市2015.txt,郑州市,2015,13395,正常
two,郑州市2016.txt,郑州市,2016,15257,正常
two,郑州市2017.txt,郑州市,2017,20507,正常
two,郑州市2018.txt,郑州市,2018,23116,正常
two,郑州市2019.txt,郑州市,2019,23493,正常
two,郑州市2020.txt,郑州市,2020,22005,正常
two,郑州市2021.txt,郑州市,2021,22149,正常
two,郑州市2022.txt,郑州市,2022,24464,正常
two,郑州市2023.txt,郑州市,2023,22887,正常
two,郑州市2024.txt,郑州市,2024,14272,正常
two,郑州市2025.txt,郑州市,2025,20078,正常
two,郴州市2003.txt,郴州市,2003,1,空文件
two,郴州市2004.txt,郴州市,2004,1,空文件
two,郴州市2005.txt,郴州市,2005,1,空文件
two,郴州市2006.txt,郴州市,2006,1,空文件
two,郴州市2007.txt,郴州市,2007,18132,正常
two,郴州市2008.txt,郴州市,2008,17156,正常
two,郴州市2009.txt,郴州市,2009,14285,正常
two,郴州市2010.txt,郴州市,2010,14748,正常
two,郴州市2011.txt,郴州市,2011,16526,正常
two,郴州市2012.txt,郴州市,2012,17368,正常
two,郴州市2013.txt,郴州市,2013,16718,正常
two,郴州市2014.txt,郴州市,2014,14777,正常
two,郴州市2015.txt,郴州市,2015,13615,正常
two,郴州市2016.txt,郴州市,2016,15917,正常
two,郴州市2017.txt,郴州市,2017,17695,正常
two,郴州市2018.txt,郴州市,2018,17845,正常
two,郴州市2019.txt,郴州市,2019,20605,正常
two,郴州市2020.txt,郴州市,2020,16929,正常
two,郴州市2021.txt,郴州市,2021,17765,正常
two,郴州市2022.txt,郴州市,2022,15667,正常
two,郴州市2023.txt,郴州市,2023,14715,正常
two,郴州市2024.txt,郴州市,2024,16690,正常
two,郴州市2025.txt,郴州市,2025,17917,正常
two,鄂尔多斯市2003.txt,鄂尔多斯市,2003,14706,正常
two,鄂尔多斯市2004.txt,鄂尔多斯市,2004,12465,正常
two,鄂尔多斯市2005.txt,鄂尔多斯市,2005,12113,正常
two,鄂尔多斯市2006.txt,鄂尔多斯市,2006,14146,正常
two,鄂尔多斯市2007.txt,鄂尔多斯市,2007,16868,正常
two,鄂尔多斯市2008.txt,鄂尔多斯市,2008,14975,正常
two,鄂尔多斯市2009.txt,鄂尔多斯市,2009,14592,正常
two,鄂尔多斯市2010.txt,鄂尔多斯市,2010,15064,正常
two,鄂尔多斯市2011.txt,鄂尔多斯市,2011,18587,正常
two,鄂尔多斯市2012.txt,鄂尔多斯市,2012,14402,正常
two,鄂尔多斯市2013.txt,鄂尔多斯市,2013,16889,正常
two,鄂尔多斯市2014.txt,鄂尔多斯市,2014,11779,正常
two,鄂尔多斯市2015.txt,鄂尔多斯市,2015,14289,正常
two,鄂尔多斯市2016.txt,鄂尔多斯市,2016,15443,正常
two,鄂尔多斯市2017.txt,鄂尔多斯市,2017,11999,正常
two,鄂尔多斯市2018.txt,鄂尔多斯市,2018,16641,正常
two,鄂尔多斯市2019.txt,鄂尔多斯市,2019,14064,正常
two,鄂尔多斯市2020.txt,鄂尔多斯市,2020,17693,正常
two,鄂尔多斯市2021.txt,鄂尔多斯市,2021,13803,正常
two,鄂尔多斯市2022.txt,鄂尔多斯市,2022,15295,正常
two,鄂尔多斯市2023.txt,鄂尔多斯市,2023,15611,正常
two,鄂尔多斯市2024.txt,鄂尔多斯市,2024,14351,正常
two,鄂尔多斯市2025.txt,鄂尔多斯市,2025,16675,正常
two,鄂州市2003.txt,鄂州市,2003,13582,正常
two,鄂州市2004.txt,鄂州市,2004,15060,正常
two,鄂州市2005.txt,鄂州市,2005,17905,正常
two,鄂州市2006.txt,鄂州市,2006,18797,正常
two,鄂州市2007.txt,鄂州市,2007,14231,正常
two,鄂州市2008.txt,鄂州市,2008,16815,正常
two,鄂州市2009.txt,鄂州市,2009,15070,正常
two,鄂州市2010.txt,鄂州市,2010,11430,正常
two,鄂州市2011.txt,鄂州市,2011,16458,正常
two,鄂州市2012.txt,鄂州市,2012,15274,正常
two,鄂州市2013.txt,鄂州市,2013,10535,正常
two,鄂州市2014.txt,鄂州市,2014,12220,正常
two,鄂州市2015.txt,鄂州市,2015,13364,正常
two,鄂州市2016.txt,鄂州市,2016,14850,正常
two,鄂州市2017.txt,鄂州市,2017,13422,正常
two,鄂州市2018.txt,鄂州市,2018,10693,正常
two,鄂州市2019.txt,鄂州市,2019,12398,正常
two,鄂州市2020.txt,鄂州市,2020,14529,正常
two,鄂州市2021.txt,鄂州市,2021,16544,正常
two,鄂州市2022.txt,鄂州市,2022,22998,正常
two,鄂州市2023.txt,鄂州市,2023,17711,正常
two,鄂州市2024.txt,鄂州市,2024,11632,正常
two,鄂州市2025.txt,鄂州市,2025,11847,正常
two,酒泉市2003.txt,酒泉市,2003,1,空文件
two,酒泉市2004.txt,酒泉市,2004,1,空文件
two,酒泉市2005.txt,酒泉市,2005,1,空文件
two,酒泉市2006.txt,酒泉市,2006,14579,正常
two,酒泉市2007.txt,酒泉市,2007,15360,正常
two,酒泉市2008.txt,酒泉市,2008,14810,正常
two,酒泉市2009.txt,酒泉市,2009,15359,正常
two,酒泉市2010.txt,酒泉市,2010,15388,正常
two,酒泉市2011.txt,酒泉市,2011,16554,正常
two,酒泉市2012.txt,酒泉市,2012,16374,正常
two,酒泉市2013.txt,酒泉市,2013,13222,正常
two,酒泉市2014.txt,酒泉市,2014,11989,正常
two,酒泉市2015.txt,酒泉市,2015,12124,正常
two,酒泉市2016.txt,酒泉市,2016,16608,正常
two,酒泉市2017.txt,酒泉市,2017,15838,正常
two,酒泉市2018.txt,酒泉市,2018,17233,正常
two,酒泉市2019.txt,酒泉市,2019,14202,正常
two,酒泉市2020.txt,酒泉市,2020,20264,正常
two,酒泉市2021.txt,酒泉市,2021,13817,正常
two,酒泉市2022.txt,酒泉市,2022,17161,正常
two,酒泉市2023.txt,酒泉市,2023,20387,正常
two,酒泉市2024.txt,酒泉市,2024,16661,正常
two,酒泉市2025.txt,酒泉市,2025,15806,正常
two,金华市2003.txt,金华市,2003,16728,正常
two,金华市2004.txt,金华市,2004,15602,正常
two,金华市2005.txt,金华市,2005,19630,正常
two,金华市2006.txt,金华市,2006,15458,正常
two,金华市2007.txt,金华市,2007,14172,正常
two,金华市2008.txt,金华市,2008,16423,正常
two,金华市2009.txt,金华市,2009,15520,正常
two,金华市2010.txt,金华市,2010,16077,正常
two,金华市2011.txt,金华市,2011,20129,正常
two,金华市2012.txt,金华市,2012,12578,正常
two,金华市2013.txt,金华市,2013,19587,正常
two,金华市2014.txt,金华市,2014,13167,正常
two,金华市2015.txt,金华市,2015,14629,正常
two,金华市2016.txt,金华市,2016,17248,正常
two,金华市2017.txt,金华市,2017,16207,正常
two,金华市2018.txt,金华市,2018,14638,正常
two,金华市2019.txt,金华市,2019,15258,正常
two,金华市2020.txt,金华市,2020,15333,正常
two,金华市2021.txt,金华市,2021,18573,正常
two,金华市2022.txt,金华市,2022,17634,正常
two,金华市2023.txt,金华市,2023,16991,正常
two,金华市2024.txt,金华市,2024,17048,正常
two,金华市2025.txt,金华市,2025,17255,正常
two,金昌市2003.txt,金昌市,2003,13291,正常
two,金昌市2004.txt,金昌市,2004,12632,正常
two,金昌市2005.txt,金昌市,2005,12176,正常
two,金昌市2006.txt,金昌市,2006,15534,正常
two,金昌市2007.txt,金昌市,2007,15741,正常
two,金昌市2008.txt,金昌市,2008,14604,正常
two,金昌市2009.txt,金昌市,2009,13875,正常
two,金昌市2010.txt,金昌市,2010,14135,正常
two,金昌市2011.txt,金昌市,2011,18693,正常
two,金昌市2012.txt,金昌市,2012,18642,正常
two,金昌市2013.txt,金昌市,2013,2,空文件
two,金昌市2014.txt,金昌市,2014,16574,正常
two,金昌市2015.txt,金昌市,2015,16907,正常
two,金昌市2016.txt,金昌市,2016,19417,正常
two,金昌市2017.txt,金昌市,2017,2,空文件
two,金昌市2018.txt,金昌市,2018,2,空文件
two,金昌市2019.txt,金昌市,2019,18495,正常
two,金昌市2020.txt,金昌市,2020,17451,正常
two,金昌市2021.txt,金昌市,2021,18956,正常
two,金昌市2022.txt,金昌市,2022,18777,正常
two,金昌市2023.txt,金昌市,2023,17963,正常
two,金昌市2024.txt,金昌市,2024,18185,正常
two,金昌市2025.txt,金昌市,2025,16647,正常
two,钦州市2003.txt,钦州市,2003,1,空文件
two,钦州市2004.txt,钦州市,2004,1,空文件
two,钦州市2005.txt,钦州市,2005,15080,正常
two,钦州市2006.txt,钦州市,2006,15437,正常
two,钦州市2007.txt,钦州市,2007,17232,正常
two,钦州市2008.txt,钦州市,2008,16030,正常
two,钦州市2009.txt,钦州市,2009,18395,正常
two,钦州市2010.txt,钦州市,2010,17551,正常
two,钦州市2011.txt,钦州市,2011,18196,正常
two,钦州市2012.txt,钦州市,2012,18488,正常
two,钦州市2013.txt,钦州市,2013,15866,正常
two,钦州市2014.txt,钦州市,2014,13189,正常
two,钦州市2015.txt,钦州市,2015,13110,正常
two,钦州市2016.txt,钦州市,2016,16543,正常
two,钦州市2017.txt,钦州市,2017,15644,正常
two,钦州市2018.txt,钦州市,2018,16194,正常
two,钦州市2019.txt,钦州市,2019,16680,正常
two,钦州市2020.txt,钦州市,2020,16960,正常
two,钦州市2021.txt,钦州市,2021,15505,正常
two,钦州市2022.txt,钦州市,2022,18341,正常
two,钦州市2023.txt,钦州市,2023,19098,正常
two,钦州市2024.txt,钦州市,2024,19376,正常
two,钦州市2025.txt,钦州市,2025,18969,正常
two,铁岭市2003.txt,铁岭市,2003,15483,正常
two,铁岭市2004.txt,铁岭市,2004,14930,正常
two,铁岭市2005.txt,铁岭市,2005,16951,正常
two,铁岭市2006.txt,铁岭市,2006,12878,正常
two,铁岭市2007.txt,铁岭市,2007,11680,正常
two,铁岭市2008.txt,铁岭市,2008,13411,正常
two,铁岭市2009.txt,铁岭市,2009,13936,正常
two,铁岭市2010.txt,铁岭市,2010,10543,正常
two,铁岭市2011.txt,铁岭市,2011,10797,正常
two,铁岭市2012.txt,铁岭市,2012,11830,正常
two,铁岭市2013.txt,铁岭市,2013,11431,正常
two,铁岭市2014.txt,铁岭市,2014,10083,正常
two,铁岭市2015.txt,铁岭市,2015,10996,正常
two,铁岭市2016.txt,铁岭市,2016,13334,正常
two,铁岭市2017.txt,铁岭市,2017,11704,正常
two,铁岭市2018.txt,铁岭市,2018,13521,正常
two,铁岭市2019.txt,铁岭市,2019,12375,正常
two,铁岭市2020.txt,铁岭市,2020,10197,正常
two,铁岭市2021.txt,铁岭市,2021,10288,正常
two,铁岭市2022.txt,铁岭市,2022,11779,正常
two,铁岭市2023.txt,铁岭市,2023,11661,正常
two,铁岭市2024.txt,铁岭市,2024,10369,正常
two,铁岭市2025.txt,铁岭市,2025,11316,正常
two,铜川市2003.txt,铜川市,2003,1,空文件
two,铜川市2004.txt,铜川市,2004,1,空文件
two,铜川市2005.txt,铜川市,2005,1,空文件
two,铜川市2006.txt,铜川市,2006,1,空文件
two,铜川市2007.txt,铜川市,2007,16679,正常
two,铜川市2008.txt,铜川市,2008,15183,正常
two,铜川市2009.txt,铜川市,2009,13336,正常
two,铜川市2010.txt,铜川市,2010,11728,正常
two,铜川市2011.txt,铜川市,2011,14786,正常
two,铜川市2012.txt,铜川市,2012,15480,正常
two,铜川市2013.txt,铜川市,2013,10584,正常
two,铜川市2014.txt,铜川市,2014,10176,正常
two,铜川市2015.txt,铜川市,2015,12773,正常
two,铜川市2016.txt,铜川市,2016,14502,正常
two,铜川市2017.txt,铜川市,2017,15129,正常
two,铜川市2018.txt,铜川市,2018,13338,正常
two,铜川市2019.txt,铜川市,2019,15747,正常
two,铜川市2020.txt,铜川市,2020,17257,正常
two,铜川市2021.txt,铜川市,2021,15363,正常
two,铜川市2022.txt,铜川市,2022,14014,正常
two,铜川市2023.txt,铜川市,2023,12182,正常
two,铜川市2024.txt,铜川市,2024,12155,正常
two,铜川市2025.txt,铜川市,2025,8235,正常
two,铜陵市2003.txt,铜陵市,2003,1,空文件
two,铜陵市2004.txt,铜陵市,2004,1,空文件
two,铜陵市2005.txt,铜陵市,2005,1,空文件
two,铜陵市2006.txt,铜陵市,2006,1,空文件
two,铜陵市2007.txt,铜陵市,2007,1,空文件
two,铜陵市2008.txt,铜陵市,2008,1,空文件
two,铜陵市2009.txt,铜陵市,2009,14738,正常
two,铜陵市2010.txt,铜陵市,2010,13702,正常
two,铜陵市2011.txt,铜陵市,2011,16203,正常
two,铜陵市2012.txt,铜陵市,2012,11902,正常
two,铜陵市2013.txt,铜陵市,2013,11424,正常
two,铜陵市2014.txt,铜陵市,2014,8870,正常
two,铜陵市2015.txt,铜陵市,2015,15217,正常
two,铜陵市2016.txt,铜陵市,2016,17166,正常
two,铜陵市2017.txt,铜陵市,2017,15577,正常
two,铜陵市2018.txt,铜陵市,2018,16901,正常
two,铜陵市2019.txt,铜陵市,2019,16729,正常
two,铜陵市2020.txt,铜陵市,2020,19209,正常
two,铜陵市2021.txt,铜陵市,2021,18538,正常
two,铜陵市2022.txt,铜陵市,2022,17078,正常
two,铜陵市2023.txt,铜陵市,2023,16334,正常
two,铜陵市2024.txt,铜陵市,2024,17758,正常
two,铜陵市2025.txt,铜陵市,2025,11791,正常
two,银川市2003.txt,银川市,2003,1,空文件
two,银川市2004.txt,银川市,2004,1,空文件
two,银川市2005.txt,银川市,2005,1,空文件
two,银川市2006.txt,银川市,2006,1,空文件
two,银川市2007.txt,银川市,2007,1,空文件
two,银川市2008.txt,银川市,2008,1,空文件
two,银川市2009.txt,银川市,2009,1,空文件
two,银川市2010.txt,银川市,2010,0,空文件
two,银川市2011.txt,银川市,2011,1,空文件
two,银川市2012.txt,银川市,2012,1,空文件
two,银川市2013.txt,银川市,2013,15621,正常
two,银川市2014.txt,银川市,2014,15016,正常
two,银川市2015.txt,银川市,2015,15143,正常
two,银川市2016.txt,银川市,2016,18346,正常
two,银川市2017.txt,银川市,2017,18077,正常
two,银川市2018.txt,银川市,2018,18399,正常
two,银川市2019.txt,银川市,2019,15245,正常
two,银川市2020.txt,银川市,2020,12913,正常
two,银川市2021.txt,银川市,2021,16719,正常
two,银川市2022.txt,银川市,2022,16635,正常
two,银川市2023.txt,银川市,2023,17187,正常
two,银川市2024.txt,银川市,2024,13988,正常
two,银川市2025.txt,银川市,2025,13585,正常
two,锦州市2003.txt,锦州市,2003,1,空文件
two,锦州市2004.txt,锦州市,2004,1,空文件
two,锦州市2005.txt,锦州市,2005,12461,正常
two,锦州市2006.txt,锦州市,2006,15825,正常
two,锦州市2007.txt,锦州市,2007,14826,正常
two,锦州市2008.txt,锦州市,2008,14768,正常
two,锦州市2009.txt,锦州市,2009,12906,正常
two,锦州市2010.txt,锦州市,2010,10404,正常
two,锦州市2011.txt,锦州市,2011,12709,正常
two,锦州市2012.txt,锦州市,2012,11550,正常
two,锦州市2013.txt,锦州市,2013,14113,正常
two,锦州市2014.txt,锦州市,2014,11763,正常
two,锦州市2015.txt,锦州市,2015,12787,正常
two,锦州市2016.txt,锦州市,2016,14069,正常
two,锦州市2017.txt,锦州市,2017,13400,正常
two,锦州市2018.txt,锦州市,2018,15866,正常
two,锦州市2019.txt,锦州市,2019,12755,正常
two,锦州市2020.txt,锦州市,2020,12607,正常
two,锦州市2021.txt,锦州市,2021,16260,正常
two,锦州市2022.txt,锦州市,2022,23214,正常
two,锦州市2023.txt,锦州市,2023,19104,正常
two,锦州市2024.txt,锦州市,2024,15326,正常
two,锦州市2025.txt,锦州市,2025,18099,正常
two,镇江市2003.txt,镇江市,2003,1,空文件
two,镇江市2004.txt,镇江市,2004,12507,正常
two,镇江市2005.txt,镇江市,2005,12346,正常
two,镇江市2006.txt,镇江市,2006,13062,正常
two,镇江市2007.txt,镇江市,2007,12423,正常
two,镇江市2008.txt,镇江市,2008,13773,正常
two,镇江市2009.txt,镇江市,2009,6039,正常
two,镇江市2010.txt,镇江市,2010,8918,正常
two,镇江市2011.txt,镇江市,2011,9483,正常
two,镇江市2012.txt,镇江市,2012,8633,正常
two,镇江市2013.txt,镇江市,2013,11122,正常
two,镇江市2014.txt,镇江市,2014,13061,正常
two,镇江市2015.txt,镇江市,2015,11736,正常
two,镇江市2016.txt,镇江市,2016,15171,正常
two,镇江市2017.txt,镇江市,2017,16062,正常
two,镇江市2018.txt,镇江市,2018,17087,正常
two,镇江市2019.txt,镇江市,2019,11938,正常
two,镇江市2020.txt,镇江市,2020,14907,正常
two,镇江市2021.txt,镇江市,2021,12835,正常
two,镇江市2022.txt,镇江市,2022,14483,正常
two,镇江市2023.txt,镇江市,2023,12497,正常
two,镇江市2024.txt,镇江市,2024,15204,正常
two,镇江市2025.txt,镇江市,2025,15137,正常
two,长春市2003.txt,长春市,2003,19752,正常
two,长春市2004.txt,长春市,2004,17805,正常
two,长春市2005.txt,长春市,2005,16100,正常
two,长春市2006.txt,长春市,2006,13999,正常
two,长春市2007.txt,长春市,2007,12345,正常
two,长春市2008.txt,长春市,2008,1,空文件
two,长春市2009.txt,长春市,2009,13176,正常
two,长春市2010.txt,长春市,2010,13138,正常
two,长春市2011.txt,长春市,2011,16228,正常
two,长春市2012.txt,长春市,2012,14032,正常
two,长春市2013.txt,长春市,2013,13507,正常
two,长春市2014.txt,长春市,2014,13225,正常
two,长春市2015.txt,长春市,2015,12203,正常
two,长春市2016.txt,长春市,2016,13764,正常
two,长春市2017.txt,长春市,2017,13643,正常
two,长春市2018.txt,长春市,2018,11657,正常
two,长春市2019.txt,长春市,2019,12002,正常
two,长春市2020.txt,长春市,2020,10884,正常
two,长春市2021.txt,长春市,2021,12677,正常
two,长春市2022.txt,长春市,2022,12675,正常
two,长春市2023.txt,长春市,2023,9870,正常
two,长春市2024.txt,长春市,2024,11433,正常
two,长春市2025.txt,长春市,2025,9221,正常
two,长沙市2003.txt,长沙市,2003,1,空文件
two,长沙市2004.txt,长沙市,2004,10180,正常
two,长沙市2005.txt,长沙市,2005,9806,正常
two,长沙市2006.txt,长沙市,2006,10959,正常
two,长沙市2007.txt,长沙市,2007,10282,正常
two,长沙市2008.txt,长沙市,2008,14973,正常
two,长沙市2009.txt,长沙市,2009,12545,正常
two,长沙市2010.txt,长沙市,2010,14500,正常
two,长沙市2011.txt,长沙市,2011,14819,正常
two,长沙市2012.txt,长沙市,2012,15087,正常
two,长沙市2013.txt,长沙市,2013,16432,正常
two,长沙市2014.txt,长沙市,2014,13336,正常
two,长沙市2015.txt,长沙市,2015,15026,正常
two,长沙市2016.txt,长沙市,2016,14995,正常
two,长沙市2017.txt,长沙市,2017,18383,正常
two,长沙市2018.txt,长沙市,2018,19851,正常
two,长沙市2019.txt,长沙市,2019,20166,正常
two,长沙市2020.txt,长沙市,2020,23817,正常
two,长沙市2021.txt,长沙市,2021,23989,正常
two,长沙市2022.txt,长沙市,2022,23480,正常
two,长沙市2023.txt,长沙市,2023,7658,正常
two,长沙市2024.txt,长沙市,2024,23782,正常
two,长沙市2025.txt,长沙市,2025,19742,正常
two,长治市2003.txt,长治市,2003,17067,正常
two,长治市2004.txt,长治市,2004,16025,正常
two,长治市2005.txt,长治市,2005,15748,正常
two,长治市2006.txt,长治市,2006,15185,正常
two,长治市2007.txt,长治市,2007,18768,正常
two,长治市2008.txt,长治市,2008,17047,正常
two,长治市2009.txt,长治市,2009,14421,正常
two,长治市2010.txt,长治市,2010,12334,正常
two,长治市2011.txt,长治市,2011,16178,正常
two,长治市2012.txt,长治市,2012,16337,正常
two,长治市2013.txt,长治市,2013,13246,正常
two,长治市2014.txt,长治市,2014,16420,正常
two,长治市2015.txt,长治市,2015,18182,正常
two,长治市2016.txt,长治市,2016,16247,正常
two,长治市2017.txt,长治市,2017,21475,正常
two,长治市2018.txt,长治市,2018,16148,正常
two,长治市2019.txt,长治市,2019,16667,正常
two,长治市2020.txt,长治市,2020,16193,正常
two,长治市2021.txt,长治市,2021,17926,正常
two,长治市2022.txt,长治市,2022,15948,正常
two,长治市2023.txt,长治市,2023,15093,正常
two,长治市2024.txt,长治市,2024,15668,正常
two,长治市2025.txt,长治市,2025,16118,正常
two,阜新市2003.txt,阜新市,2003,17563,正常
two,阜新市2004.txt,阜新市,2004,14738,正常
two,阜新市2005.txt,阜新市,2005,16881,正常
two,阜新市2006.txt,阜新市,2006,15423,正常
two,阜新市2007.txt,阜新市,2007,15443,正常
two,阜新市2008.txt,阜新市,2008,20760,正常
two,阜新市2009.txt,阜新市,2009,13782,正常
two,阜新市2010.txt,阜新市,2010,14581,正常
two,阜新市2011.txt,阜新市,2011,13625,正常
two,阜新市2012.txt,阜新市,2012,11415,正常
two,阜新市2013.txt,阜新市,2013,11077,正常
two,阜新市2014.txt,阜新市,2014,10992,正常
two,阜新市2015.txt,阜新市,2015,12056,正常
two,阜新市2016.txt,阜新市,2016,13032,正常
two,阜新市2017.txt,阜新市,2017,12915,正常
two,阜新市2018.txt,阜新市,2018,12821,正常
two,阜新市2019.txt,阜新市,2019,12086,正常
two,阜新市2020.txt,阜新市,2020,13201,正常
two,阜新市2021.txt,阜新市,2021,15049,正常
two,阜新市2022.txt,阜新市,2022,16585,正常
two,阜新市2023.txt,阜新市,2023,19891,正常
two,阜新市2024.txt,阜新市,2024,15424,正常
two,阜新市2025.txt,阜新市,2025,18125,正常
two,阜阳市2003.txt,阜阳市,2003,1,空文件
two,阜阳市2004.txt,阜阳市,2004,1,空文件
two,阜阳市2005.txt,阜阳市,2005,1,空文件
two,阜阳市2006.txt,阜阳市,2006,14688,正常
two,阜阳市2007.txt,阜阳市,2007,15338,正常
two,阜阳市2008.txt,阜阳市,2008,15125,正常
two,阜阳市2009.txt,阜阳市,2009,15801,正常
two,阜阳市2010.txt,阜阳市,2010,16125,正常
two,阜阳市2011.txt,阜阳市,2011,17527,正常
two,阜阳市2012.txt,阜阳市,2012,15551,正常
two,阜阳市2013.txt,阜阳市,2013,14125,正常
two,阜阳市2014.txt,阜阳市,2014,13342,正常
two,阜阳市2015.txt,阜阳市,2015,13511,正常
two,阜阳市2016.txt,阜阳市,2016,16384,正常
two,阜阳市2017.txt,阜阳市,2017,15925,正常
two,阜阳市2018.txt,阜阳市,2018,15080,正常
two,阜阳市2019.txt,阜阳市,2019,15172,正常
two,阜阳市2020.txt,阜阳市,2020,15849,正常
two,阜阳市2021.txt,阜阳市,2021,18432,正常
two,阜阳市2022.txt,阜阳市,2022,19341,正常
two,阜阳市2023.txt,阜阳市,2023,20392,正常
two,阜阳市2024.txt,阜阳市,2024,16613,正常
two,阜阳市2025.txt,阜阳市,2025,16708,正常
two,防城港市2003.txt,防城港市,2003,14842,正常
two,防城港市2004.txt,防城港市,2004,13908,正常
two,防城港市2005.txt,防城港市,2005,15154,正常
two,防城港市2006.txt,防城港市,2006,17724,正常
two,防城港市2007.txt,防城港市,2007,9817,正常
two,防城港市2008.txt,防城港市,2008,11496,正常
two,防城港市2009.txt,防城港市,2009,17108,正常
two,防城港市2010.txt,防城港市,2010,16991,正常
two,防城港市2011.txt,防城港市,2011,19515,正常
two,防城港市2012.txt,防城港市,2012,16251,正常
two,防城港市2013.txt,防城港市,2013,13398,正常
two,防城港市2014.txt,防城港市,2014,13117,正常
two,防城港市2015.txt,防城港市,2015,15154,正常
two,防城港市2016.txt,防城港市,2016,13207,正常
two,防城港市2017.txt,防城港市,2017,13641,正常
two,防城港市2018.txt,防城港市,2018,19068,正常
two,防城港市2019.txt,防城港市,2019,17293,正常
two,防城港市2020.txt,防城港市,2020,18928,正常
two,防城港市2021.txt,防城港市,2021,15998,正常
two,防城港市2022.txt,防城港市,2022,20224,正常
two,防城港市2023.txt,防城港市,2023,22993,正常
two,防城港市2024.txt,防城港市,2024,11292,正常
two,防城港市2025.txt,防城港市,2025,14453,正常
two,阳江市2003.txt,阳江市,2003,18394,正常
two,阳江市2004.txt,阳江市,2004,18386,正常
two,阳江市2005.txt,阳江市,2005,18648,正常
two,阳江市2006.txt,阳江市,2006,19079,正常
two,阳江市2007.txt,阳江市,2007,18036,正常
two,阳江市2008.txt,阳江市,2008,14639,正常
two,阳江市2009.txt,阳江市,2009,13829,正常
two,阳江市2010.txt,阳江市,2010,14030,正常
two,阳江市2011.txt,阳江市,2011,13912,正常
two,阳江市2012.txt,阳江市,2012,16218,正常
two,阳江市2013.txt,阳江市,2013,11697,正常
two,阳江市2014.txt,阳江市,2014,6626,正常
two,阳江市2015.txt,阳江市,2015,11226,正常
two,阳江市2016.txt,阳江市,2016,14103,正常
two,阳江市2017.txt,阳江市,2017,15070,正常
two,阳江市2018.txt,阳江市,2018,14380,正常
two,阳江市2019.txt,阳江市,2019,14442,正常
two,阳江市2020.txt,阳江市,2020,14201,正常
two,阳江市2021.txt,阳江市,2021,15935,正常
two,阳江市2022.txt,阳江市,2022,19382,正常
two,阳江市2023.txt,阳江市,2023,16640,正常
two,阳江市2024.txt,阳江市,2024,21330,正常
two,阳江市2025.txt,阳江市,2025,0,空文件
two,阳泉市2003.txt,阳泉市,2003,1,空文件
two,阳泉市2004.txt,阳泉市,2004,1,空文件
two,阳泉市2005.txt,阳泉市,2005,1,空文件
two,阳泉市2006.txt,阳泉市,2006,1,空文件
two,阳泉市2007.txt,阳泉市,2007,1,空文件
two,阳泉市2008.txt,阳泉市,2008,1,空文件
two,阳泉市2009.txt,阳泉市,2009,13095,正常
two,阳泉市2010.txt,阳泉市,2010,1,空文件
two,阳泉市2011.txt,阳泉市,2011,14900,正常
two,阳泉市2012.txt,阳泉市,2012,1,空文件
two,阳泉市2013.txt,阳泉市,2013,13800,正常
two,阳泉市2014.txt,阳泉市,2014,15443,正常
two,阳泉市2015.txt,阳泉市,2015,14686,正常
two,阳泉市2016.txt,阳泉市,2016,17728,正常
two,阳泉市2017.txt,阳泉市,2017,17419,正常
two,阳泉市2018.txt,阳泉市,2018,17263,正常
two,阳泉市2019.txt,阳泉市,2019,17166,正常
two,阳泉市2020.txt,阳泉市,2020,18316,正常
two,阳泉市2021.txt,阳泉市,2021,18655,正常
two,阳泉市2022.txt,阳泉市,2022,15556,正常
two,阳泉市2023.txt,阳泉市,2023,20429,正常
two,阳泉市2024.txt,阳泉市,2024,20545,正常
two,阳泉市2025.txt,阳泉市,2025,17393,正常
two,陇南市2003.txt,陇南市,2003,1,空文件
two,陇南市2004.txt,陇南市,2004,1,空文件
two,陇南市2005.txt,陇南市,2005,1,空文件
two,陇南市2006.txt,陇南市,2006,1,空文件
two,陇南市2007.txt,陇南市,2007,1,空文件
two,陇南市2008.txt,陇南市,2008,17389,正常
two,陇南市2009.txt,陇南市,2009,16912,正常
two,陇南市2010.txt,陇南市,2010,16072,正常
two,陇南市2011.txt,陇南市,2011,23088,正常
two,陇南市2012.txt,陇南市,2012,20006,正常
two,陇南市2013.txt,陇南市,2013,15073,正常
two,陇南市2014.txt,陇南市,2014,17404,正常
two,陇南市2015.txt,陇南市,2015,14288,正常
two,陇南市2016.txt,陇南市,2016,17578,正常
two,陇南市2017.txt,陇南市,2017,16684,正常
two,陇南市2018.txt,陇南市,2018,21434,正常
two,陇南市2019.txt,陇南市,2019,19969,正常
two,陇南市2020.txt,陇南市,2020,18818,正常
two,陇南市2021.txt,陇南市,2021,19737,正常
two,陇南市2022.txt,陇南市,2022,17099,正常
two,陇南市2023.txt,陇南市,2023,20713,正常
two,陇南市2024.txt,陇南市,2024,20089,正常
two,陇南市2025.txt,陇南市,2025,17330,正常
two,随州市2003.txt,随州市,2003,17431,正常
two,随州市2004.txt,随州市,2004,15025,正常
two,随州市2005.txt,随州市,2005,17,空文件
two,随州市2006.txt,随州市,2006,1,空文件
two,随州市2007.txt,随州市,2007,1,空文件
two,随州市2008.txt,随州市,2008,1,空文件
two,随州市2009.txt,随州市,2009,14819,正常
two,随州市2010.txt,随州市,2010,16643,正常
two,随州市2011.txt,随州市,2011,16621,正常
two,随州市2012.txt,随州市,2012,15508,正常
two,随州市2013.txt,随州市,2013,15056,正常
two,随州市2014.txt,随州市,2014,14375,正常
two,随州市2015.txt,随州市,2015,14902,正常
two,随州市2016.txt,随州市,2016,16805,正常
two,随州市2017.txt,随州市,2017,15028,正常
two,随州市2018.txt,随州市,2018,14799,正常
two,随州市2019.txt,随州市,2019,14485,正常
two,随州市2020.txt,随州市,2020,14094,正常
two,随州市2021.txt,随州市,2021,15711,正常
two,随州市2022.txt,随州市,2022,18527,正常
two,随州市2023.txt,随州市,2023,16602,正常
two,随州市2024.txt,随州市,2024,16382,正常
two,随州市2025.txt,随州市,2025,18684,正常
two,雅安市2003.txt,雅安市,2003,1,空文件
two,雅安市2004.txt,雅安市,2004,1,空文件
two,雅安市2005.txt,雅安市,2005,1,空文件
two,雅安市2006.txt,雅安市,2006,15775,正常
two,雅安市2007.txt,雅安市,2007,1,空文件
two,雅安市2008.txt,雅安市,2008,14886,正常
two,雅安市2009.txt,雅安市,2009,19327,正常
two,雅安市2010.txt,雅安市,2010,14183,正常
two,雅安市2011.txt,雅安市,2011,19158,正常
two,雅安市2012.txt,雅安市,2012,16991,正常
two,雅安市2013.txt,雅安市,2013,14894,正常
two,雅安市2014.txt,雅安市,2014,15529,正常
two,雅安市2015.txt,雅安市,2015,17412,正常
two,雅安市2016.txt,雅安市,2016,19675,正常
two,雅安市2017.txt,雅安市,2017,19098,正常
two,雅安市2018.txt,雅安市,2018,16417,正常
two,雅安市2019.txt,雅安市,2019,16420,正常
two,雅安市2020.txt,雅安市,2020,16967,正常
two,雅安市2021.txt,雅安市,2021,16367,正常
two,雅安市2022.txt,雅安市,2022,19866,正常
two,雅安市2023.txt,雅安市,2023,20571,正常
two,雅安市2024.txt,雅安市,2024,19387,正常
two,雅安市2025.txt,雅安市,2025,18364,正常
two,青岛市2003.txt,青岛市,2003,12572,正常
two,青岛市2004.txt,青岛市,2004,12764,正常
two,青岛市2005.txt,青岛市,2005,13318,正常
two,青岛市2006.txt,青岛市,2006,15547,正常
two,青岛市2007.txt,青岛市,2007,14180,正常
two,青岛市2008.txt,青岛市,2008,18717,正常
two,青岛市2009.txt,青岛市,2009,15672,正常
two,青岛市2010.txt,青岛市,2010,15056,正常
two,青岛市2011.txt,青岛市,2011,18676,正常
two,青岛市2012.txt,青岛市,2012,18796,正常
two,青岛市2013.txt,青岛市,2013,13957,正常
two,青岛市2014.txt,青岛市,2014,15188,正常
two,青岛市2015.txt,青岛市,2015,15642,正常
two,青岛市2016.txt,青岛市,2016,21882,正常
two,青岛市2017.txt,青岛市,2017,18801,正常
two,青岛市2018.txt,青岛市,2018,20517,正常
two,青岛市2019.txt,青岛市,2019,20651,正常
two,青岛市2020.txt,青岛市,2020,28227,正常
two,青岛市2021.txt,青岛市,2021,19502,正常
two,青岛市2022.txt,青岛市,2022,18598,正常
two,青岛市2023.txt,青岛市,2023,15714,正常
two,青岛市2024.txt,青岛市,2024,16217,正常
two,青岛市2025.txt,青岛市,2025,15052,正常
two,鞍山市2003.txt,鞍山市,2003,17855,正常
two,鞍山市2004.txt,鞍山市,2004,15474,正常
two,鞍山市2005.txt,鞍山市,2005,14308,正常
two,鞍山市2006.txt,鞍山市,2006,13941,正常
two,鞍山市2007.txt,鞍山市,2007,13513,正常
two,鞍山市2008.txt,鞍山市,2008,18212,正常
two,鞍山市2009.txt,鞍山市,2009,14912,正常
two,鞍山市2010.txt,鞍山市,2010,16758,正常
two,鞍山市2011.txt,鞍山市,2011,11224,正常
two,鞍山市2012.txt,鞍山市,2012,10207,正常
two,鞍山市2013.txt,鞍山市,2013,11405,正常
two,鞍山市2014.txt,鞍山市,2014,12616,正常
two,鞍山市2015.txt,鞍山市,2015,13052,正常
two,鞍山市2016.txt,鞍山市,2016,13797,正常
two,鞍山市2017.txt,鞍山市,2017,12336,正常
two,鞍山市2018.txt,鞍山市,2018,14003,正常
two,鞍山市2019.txt,鞍山市,2019,13643,正常
two,鞍山市2020.txt,鞍山市,2020,13467,正常
two,鞍山市2021.txt,鞍山市,2021,11592,正常
two,鞍山市2022.txt,鞍山市,2022,13343,正常
two,鞍山市2023.txt,鞍山市,2023,14686,正常
two,鞍山市2024.txt,鞍山市,2024,16927,正常
two,鞍山市2025.txt,鞍山市,2025,15697,正常
two,韶关市2003.txt,韶关市,2003,17722,正常
two,韶关市2004.txt,韶关市,2004,16575,正常
two,韶关市2005.txt,韶关市,2005,1,空文件
two,韶关市2006.txt,韶关市,2006,19105,正常
two,韶关市2007.txt,韶关市,2007,19858,正常
two,韶关市2008.txt,韶关市,2008,16285,正常
two,韶关市2009.txt,韶关市,2009,16370,正常
two,韶关市2010.txt,韶关市,2010,15993,正常
two,韶关市2011.txt,韶关市,2011,19201,正常
two,韶关市2012.txt,韶关市,2012,12873,正常
two,韶关市2013.txt,韶关市,2013,11837,正常
two,韶关市2014.txt,韶关市,2014,10036,正常
two,韶关市2015.txt,韶关市,2015,13256,正常
two,韶关市2016.txt,韶关市,2016,16042,正常
two,韶关市2017.txt,韶关市,2017,17966,正常
two,韶关市2018.txt,韶关市,2018,15710,正常
two,韶关市2019.txt,韶关市,2019,15977,正常
two,韶关市2020.txt,韶关市,2020,17893,正常
two,韶关市2021.txt,韶关市,2021,17701,正常
two,韶关市2022.txt,韶关市,2022,17622,正常
two,韶关市2023.txt,韶关市,2023,18083,正常
two,韶关市2024.txt,韶关市,2024,19735,正常
two,韶关市2025.txt,韶关市,2025,22452,正常
two,马鞍山市2003.txt,马鞍山市,2003,17891,正常
two,马鞍山市2004.txt,马鞍山市,2004,17174,正常
two,马鞍山市2005.txt,马鞍山市,2005,16138,正常
two,马鞍山市2006.txt,马鞍山市,2006,24582,正常
two,马鞍山市2007.txt,马鞍山市,2007,19861,正常
two,马鞍山市2008.txt,马鞍山市,2008,22265,正常
two,马鞍山市2009.txt,马鞍山市,2009,19913,正常
two,马鞍山市2010.txt,马鞍山市,2010,21583,正常
two,马鞍山市2011.txt,马鞍山市,2011,16743,正常
two,马鞍山市2012.txt,马鞍山市,2012,15398,正常
two,马鞍山市2013.txt,马鞍山市,2013,15189,正常
two,马鞍山市2014.txt,马鞍山市,2014,16046,正常
two,马鞍山市2015.txt,马鞍山市,2015,16204,正常
two,马鞍山市2016.txt,马鞍山市,2016,16296,正常
two,马鞍山市2017.txt,马鞍山市,2017,14420,正常
two,马鞍山市2018.txt,马鞍山市,2018,15747,正常
two,马鞍山市2019.txt,马鞍山市,2019,14296,正常
two,马鞍山市2020.txt,马鞍山市,2020,17288,正常
two,马鞍山市2021.txt,马鞍山市,2021,14777,正常
two,马鞍山市2022.txt,马鞍山市,2022,16217,正常
two,马鞍山市2023.txt,马鞍山市,2023,16378,正常
two,马鞍山市2024.txt,马鞍山市,2024,15062,正常
two,马鞍山市2025.txt,马鞍山市,2025,0,空文件
two,驻马店市2003.txt,驻马店市,2003,13596,正常
two,驻马店市2004.txt,驻马店市,2004,12666,正常
two,驻马店市2005.txt,驻马店市,2005,12769,正常
two,驻马店市2006.txt,驻马店市,2006,12413,正常
two,驻马店市2007.txt,驻马店市,2007,12693,正常
two,驻马店市2008.txt,驻马店市,2008,12445,正常
two,驻马店市2009.txt,驻马店市,2009,12767,正常
two,驻马店市2010.txt,驻马店市,2010,12464,正常
two,驻马店市2011.txt,驻马店市,2011,15402,正常
two,驻马店市2012.txt,驻马店市,2012,13181,正常
two,驻马店市2013.txt,驻马店市,2013,13014,正常
two,驻马店市2014.txt,驻马店市,2014,15313,正常
two,驻马店市2015.txt,驻马店市,2015,19106,正常
two,驻马店市2016.txt,驻马店市,2016,24179,正常
two,驻马店市2017.txt,驻马店市,2017,16373,正常
two,驻马店市2018.txt,驻马店市,2018,21542,正常
two,驻马店市2019.txt,驻马店市,2019,15524,正常
two,驻马店市2020.txt,驻马店市,2020,16312,正常
two,驻马店市2021.txt,驻马店市,2021,17749,正常
two,驻马店市2022.txt,驻马店市,2022,15176,正常
two,驻马店市2023.txt,驻马店市,2023,17528,正常
two,驻马店市2024.txt,驻马店市,2024,17072,正常
two,驻马店市2025.txt,驻马店市,2025,13805,正常
two,鸡西市2003.txt,鸡西市,2003,1,空文件
two,鸡西市2004.txt,鸡西市,2004,1,空文件
two,鸡西市2005.txt,鸡西市,2005,1,空文件
two,鸡西市2006.txt,鸡西市,2006,1,空文件
two,鸡西市2007.txt,鸡西市,2007,1,空文件
two,鸡西市2008.txt,鸡西市,2008,1,空文件
two,鸡西市2009.txt,鸡西市,2009,1,空文件
two,鸡西市2010.txt,鸡西市,2010,1,空文件
two,鸡西市2011.txt,鸡西市,2011,1,空文件
two,鸡西市2012.txt,鸡西市,2012,16870,正常
two,鸡西市2013.txt,鸡西市,2013,1,空文件
two,鸡西市2014.txt,鸡西市,2014,9181,正常
two,鸡西市2015.txt,鸡西市,2015,9432,正常
two,鸡西市2016.txt,鸡西市,2016,10402,正常
two,鸡西市2017.txt,鸡西市,2017,13909,正常
two,鸡西市2018.txt,鸡西市,2018,13990,正常
two,鸡西市2019.txt,鸡西市,2019,10660,正常
two,鸡西市2020.txt,鸡西市,2020,10981,正常
two,鸡西市2021.txt,鸡西市,2021,14712,正常
two,鸡西市2022.txt,鸡西市,2022,18262,正常
two,鸡西市2023.txt,鸡西市,2023,15074,正常
two,鸡西市2024.txt,鸡西市,2024,16165,正常
two,鸡西市2025.txt,鸡西市,2025,14311,正常
two,鹤壁市2003.txt,鹤壁市,2003,12595,正常
two,鹤壁市2004.txt,鹤壁市,2004,15666,正常
two,鹤壁市2005.txt,鹤壁市,2005,16609,正常
two,鹤壁市2006.txt,鹤壁市,2006,16524,正常
two,鹤壁市2007.txt,鹤壁市,2007,14030,正常
two,鹤壁市2008.txt,鹤壁市,2008,13844,正常
two,鹤壁市2009.txt,鹤壁市,2009,16046,正常
two,鹤壁市2010.txt,鹤壁市,2010,14430,正常
two,鹤壁市2011.txt,鹤壁市,2011,17202,正常
two,鹤壁市2012.txt,鹤壁市,2012,13396,正常
two,鹤壁市2013.txt,鹤壁市,2013,11874,正常
two,鹤壁市2014.txt,鹤壁市,2014,14952,正常
two,鹤壁市2015.txt,鹤壁市,2015,14616,正常
two,鹤壁市2016.txt,鹤壁市,2016,18298,正常
two,鹤壁市2017.txt,鹤壁市,2017,16757,正常
two,鹤壁市2018.txt,鹤壁市,2018,14333,正常
two,鹤壁市2019.txt,鹤壁市,2019,17083,正常
two,鹤壁市2020.txt,鹤壁市,2020,13986,正常
two,鹤壁市2021.txt,鹤壁市,2021,23642,正常
two,鹤壁市2022.txt,鹤壁市,2022,16301,正常
two,鹤壁市2023.txt,鹤壁市,2023,20543,正常
two,鹤壁市2024.txt,鹤壁市,2024,10751,正常
two,鹤壁市2025.txt,鹤壁市,2025,12569,正常
two,鹤岗市2003.txt,鹤岗市,2003,15753,正常
two,鹤岗市2004.txt,鹤岗市,2004,16291,正常
two,鹤岗市2005.txt,鹤岗市,2005,16395,正常
two,鹤岗市2006.txt,鹤岗市,2006,20205,正常
two,鹤岗市2007.txt,鹤岗市,2007,19666,正常
two,鹤岗市2008.txt,鹤岗市,2008,15095,正常
two,鹤岗市2009.txt,鹤岗市,2009,16733,正常
two,鹤岗市2010.txt,鹤岗市,2010,19062,正常
two,鹤岗市2011.txt,鹤岗市,2011,18279,正常
two,鹤岗市2012.txt,鹤岗市,2012,18113,正常
two,鹤岗市2013.txt,鹤岗市,2013,1,空文件
two,鹤岗市2014.txt,鹤岗市,2014,15739,正常
two,鹤岗市2015.txt,鹤岗市,2015,16066,正常
two,鹤岗市2016.txt,鹤岗市,2016,17494,正常
two,鹤岗市2017.txt,鹤岗市,2017,14944,正常
two,鹤岗市2018.txt,鹤岗市,2018,16552,正常
two,鹤岗市2019.txt,鹤岗市,2019,14813,正常
two,鹤岗市2020.txt,鹤岗市,2020,18238,正常
two,鹤岗市2021.txt,鹤岗市,2021,14435,正常
two,鹤岗市2022.txt,鹤岗市,2022,14672,正常
two,鹤岗市2023.txt,鹤岗市,2023,13556,正常
two,鹤岗市2024.txt,鹤岗市,2024,14423,正常
two,鹰潭市2003.txt,鹰潭市,2003,1,空文件
two,鹰潭市2004.txt,鹰潭市,2004,12225,正常
two,鹰潭市2005.txt,鹰潭市,2005,12750,正常
two,鹰潭市2006.txt,鹰潭市,2006,15522,正常
two,鹰潭市2007.txt,鹰潭市,2007,14526,正常
two,鹰潭市2008.txt,鹰潭市,2008,15133,正常
two,鹰潭市2009.txt,鹰潭市,2009,13601,正常
two,鹰潭市2010.txt,鹰潭市,2010,12010,正常
two,鹰潭市2011.txt,鹰潭市,2011,4982,正常
two,鹰潭市2012.txt,鹰潭市,2012,11498,正常
two,鹰潭市2013.txt,鹰潭市,2013,11074,正常
two,鹰潭市2014.txt,鹰潭市,2014,13091,正常
two,鹰潭市2015.txt,鹰潭市,2015,13409,正常
two,鹰潭市2016.txt,鹰潭市,2016,16361,正常
two,鹰潭市2017.txt,鹰潭市,2017,14292,正常
two,鹰潭市2018.txt,鹰潭市,2018,14442,正常
two,鹰潭市2019.txt,鹰潭市,2019,13324,正常
two,鹰潭市2020.txt,鹰潭市,2020,16107,正常
two,鹰潭市2021.txt,鹰潭市,2021,25262,正常
two,鹰潭市2022.txt,鹰潭市,2022,10414,正常
two,鹰潭市2023.txt,鹰潭市,2023,10560,正常
two,鹰潭市2024.txt,鹰潭市,2024,11755,正常
two,鹰潭市2025.txt,鹰潭市,2025,10053,正常
two,黄冈市2003.txt,黄冈市,2003,11,空文件
two,黄冈市2004.txt,黄冈市,2004,12813,正常
two,黄冈市2005.txt,黄冈市,2005,14184,正常
two,黄冈市2006.txt,黄冈市,2006,15914,正常
two,黄冈市2007.txt,黄冈市,2007,13195,正常
two,黄冈市2008.txt,黄冈市,2008,12934,正常
two,黄冈市2009.txt,黄冈市,2009,12369,正常
two,黄冈市2010.txt,黄冈市,2010,14233,正常
two,黄冈市2011.txt,黄冈市,2011,15775,正常
two,黄冈市2012.txt,黄冈市,2012,15550,正常
two,黄冈市2013.txt,黄冈市,2013,14399,正常
two,黄冈市2014.txt,黄冈市,2014,13321,正常
two,黄冈市2015.txt,黄冈市,2015,11600,正常
two,黄冈市2016.txt,黄冈市,2016,15616,正常
two,黄冈市2017.txt,黄冈市,2017,16175,正常
two,黄冈市2018.txt,黄冈市,2018,16118,正常
two,黄冈市2019.txt,黄冈市,2019,13125,正常
two,黄冈市2020.txt,黄冈市,2020,18147,正常
two,黄冈市2021.txt,黄冈市,2021,16870,正常
two,黄冈市2022.txt,黄冈市,2022,12711,正常
two,黄冈市2023.txt,黄冈市,2023,12939,正常
two,黄冈市2024.txt,黄冈市,2024,18755,正常
two,黄冈市2025.txt,黄冈市,2025,16319,正常
two,黄山市2003.txt,黄山市,2003,1,空文件
two,黄山市2004.txt,黄山市,2004,1,空文件
two,黄山市2005.txt,黄山市,2005,1,空文件
two,黄山市2006.txt,黄山市,2006,1,空文件
two,黄山市2007.txt,黄山市,2007,1,空文件
two,黄山市2008.txt,黄山市,2008,18734,正常
two,黄山市2009.txt,黄山市,2009,17915,正常
two,黄山市2010.txt,黄山市,2010,17421,正常
two,黄山市2011.txt,黄山市,2011,19034,正常
two,黄山市2012.txt,黄山市,2012,14436,正常
two,黄山市2013.txt,黄山市,2013,2,空文件
two,黄山市2014.txt,黄山市,2014,14093,正常
two,黄山市2015.txt,黄山市,2015,15400,正常
two,黄山市2016.txt,黄山市,2016,18950,正常
two,黄山市2017.txt,黄山市,2017,17519,正常
two,黄山市2018.txt,黄山市,2018,23751,正常
two,黄山市2019.txt,黄山市,2019,17528,正常
two,黄山市2020.txt,黄山市,2020,20704,正常
two,黄山市2021.txt,黄山市,2021,25181,正常
two,黄山市2022.txt,黄山市,2022,22490,正常
two,黄山市2023.txt,黄山市,2023,18471,正常
two,黄山市2024.txt,黄山市,2024,17210,正常
two,黄山市2025.txt,黄山市,2025,17579,正常
two,黄石市2003.txt,黄石市,2003,16934,正常
two,黄石市2004.txt,黄石市,2004,16203,正常
two,黄石市2005.txt,黄石市,2005,17919,正常
two,黄石市2006.txt,黄石市,2006,15464,正常
two,黄石市2007.txt,黄石市,2007,18871,正常
two,黄石市2008.txt,黄石市,2008,15429,正常
two,黄石市2009.txt,黄石市,2009,14886,正常
two,黄石市2010.txt,黄石市,2010,20149,正常
two,黄石市2011.txt,黄石市,2011,19192,正常
two,黄石市2012.txt,黄石市,2012,18770,正常
two,黄石市2013.txt,黄石市,2013,14723,正常
two,黄石市2014.txt,黄石市,2014,13208,正常
two,黄石市2015.txt,黄石市,2015,12454,正常
two,黄石市2016.txt,黄石市,2016,15164,正常
two,黄石市2017.txt,黄石市,2017,14621,正常
two,黄石市2018.txt,黄石市,2018,14895,正常
two,黄石市2019.txt,黄石市,2019,14079,正常
two,黄石市2020.txt,黄石市,2020,16738,正常
two,黄石市2021.txt,黄石市,2021,17601,正常
two,黄石市2022.txt,黄石市,2022,17601,正常
two,黄石市2023.txt,黄石市,2023,15211,正常
two,黄石市2024.txt,黄石市,2024,15239,正常
two,黄石市2025.txt,黄石市,2025,14780,正常
two,黑河市2003.txt,黑河市,2003,12958,正常
two,黑河市2004.txt,黑河市,2004,11823,正常
two,黑河市2005.txt,黑河市,2005,11495,正常
two,黑河市2006.txt,黑河市,2006,13165,正常
two,黑河市2007.txt,黑河市,2007,13821,正常
two,黑河市2008.txt,黑河市,2008,14211,正常
two,黑河市2009.txt,黑河市,2009,14102,正常
two,黑河市2010.txt,黑河市,2010,15946,正常
two,黑河市2011.txt,黑河市,2011,16653,正常
two,黑河市2012.txt,黑河市,2012,12405,正常
two,黑河市2013.txt,黑河市,2013,12800,正常
two,黑河市2014.txt,黑河市,2014,13759,正常
two,黑河市2015.txt,黑河市,2015,15656,正常
two,黑河市2016.txt,黑河市,2016,18458,正常
two,黑河市2017.txt,黑河市,2017,17160,正常
two,黑河市2018.txt,黑河市,2018,16213,正常
two,黑河市2019.txt,黑河市,2019,15981,正常
two,黑河市2020.txt,黑河市,2020,15356,正常
two,黑河市2021.txt,黑河市,2021,16178,正常
two,黑河市2022.txt,黑河市,2022,15765,正常
two,黑河市2023.txt,黑河市,2023,17089,正常
two,黑河市2024.txt,黑河市,2024,19171,正常
two,黑河市2025.txt,黑河市,2025,16260,正常
two,齐齐哈尔市2003.txt,齐齐哈尔市,2003,1,空文件
two,齐齐哈尔市2004.txt,齐齐哈尔市,2004,1,空文件
two,齐齐哈尔市2005.txt,齐齐哈尔市,2005,1,空文件
two,齐齐哈尔市2006.txt,齐齐哈尔市,2006,1,空文件
two,齐齐哈尔市2007.txt,齐齐哈尔市,2007,16184,正常
two,齐齐哈尔市2008.txt,齐齐哈尔市,2008,16186,正常
two,齐齐哈尔市2009.txt,齐齐哈尔市,2009,15867,正常
two,齐齐哈尔市2010.txt,齐齐哈尔市,2010,18546,正常
two,齐齐哈尔市2011.txt,齐齐哈尔市,2011,16839,正常
two,齐齐哈尔市2012.txt,齐齐哈尔市,2012,15437,正常
two,齐齐哈尔市2013.txt,齐齐哈尔市,2013,16484,正常
two,齐齐哈尔市2014.txt,齐齐哈尔市,2014,12511,正常
two,齐齐哈尔市2015.txt,齐齐哈尔市,2015,13410,正常
two,齐齐哈尔市2016.txt,齐齐哈尔市,2016,15346,正常
two,齐齐哈尔市2017.txt,齐齐哈尔市,2017,14458,正常
two,齐齐哈尔市2018.txt,齐齐哈尔市,2018,14664,正常
two,齐齐哈尔市2019.txt,齐齐哈尔市,2019,14856,正常
two,齐齐哈尔市2020.txt,齐齐哈尔市,2020,17460,正常
two,齐齐哈尔市2021.txt,齐齐哈尔市,2021,17101,正常
two,齐齐哈尔市2022.txt,齐齐哈尔市,2022,14979,正常
two,齐齐哈尔市2023.txt,齐齐哈尔市,2023,14962,正常
two,齐齐哈尔市2024.txt,齐齐哈尔市,2024,15056,正常
two,齐齐哈尔市2025.txt,齐齐哈尔市,2025,16260,正常
two,龙岩市2003.txt,龙岩市,2003,10984,正常
two,龙岩市2004.txt,龙岩市,2004,10998,正常
two,龙岩市2005.txt,龙岩市,2005,12072,正常
two,龙岩市2006.txt,龙岩市,2006,16953,正常
two,龙岩市2007.txt,龙岩市,2007,16106,正常
two,龙岩市2008.txt,龙岩市,2008,13969,正常
two,龙岩市2009.txt,龙岩市,2009,15493,正常
two,龙岩市2010.txt,龙岩市,2010,1,空文件
two,龙岩市2011.txt,龙岩市,2011,1,空文件
two,龙岩市2012.txt,龙岩市,2012,16029,正常
two,龙岩市2013.txt,龙岩市,2013,10067,正常
two,龙岩市2014.txt,龙岩市,2014,12645,正常
two,龙岩市2015.txt,龙岩市,2015,12027,正常
two,龙岩市2016.txt,龙岩市,2016,14612,正常
two,龙岩市2017.txt,龙岩市,2017,13239,正常
two,龙岩市2018.txt,龙岩市,2018,14099,正常
two,龙岩市2019.txt,龙岩市,2019,14511,正常
two,龙岩市2020.txt,龙岩市,2020,15550,正常
two,龙岩市2021.txt,龙岩市,2021,17448,正常
two,龙岩市2022.txt,龙岩市,2022,15768,正常
two,龙岩市2023.txt,龙岩市,2023,13478,正常
two,龙岩市2024.txt,龙岩市,2024,13552,正常
two,龙岩市2025.txt,龙岩市,2025,12152,正常
